[13Nov2025 07:43:38.764] [main/INFO] [cpw.mods.modlauncher.Launcher/MODLAUNCHER]: ModLauncher running: args [--launchTarget, forgeserver, --fml.neoForgeVersion, 21.1.206, --fml.fmlVersion, 4.0.41, --fml.mcVersion, 1.21.1, --fml.neoFormVersion, 20240808.144430, nogui]
[13Nov2025 07:43:38.768] [main/INFO] [cpw.mods.modlauncher.Launcher/MODLAUNCHER]: JVM identified as Ubuntu OpenJDK 64-Bit Server VM 21.0.8+9-Ubuntu-0ubuntu124.04.1
[13Nov2025 07:43:38.769] [main/INFO] [cpw.mods.modlauncher.Launcher/MODLAUNCHER]: ModLauncher 11.0.5+main.901c6ea8 starting: java version 21.0.8 by Ubuntu; OS Linux arch amd64 version 6.8.0-1030-azure
[13Nov2025 07:43:38.789] [main/DEBUG] [cpw.mods.modlauncher.LaunchServiceHandler/MODLAUNCHER]: Found launch services [minecraft,forgeclient,forgedatauserdev,testharness,forgeserverdev,forgeserveruserdev,forgejunitdev,forgeclientdev,forgeclientuserdev,forgeserver,forgejunituserdev,forgedatadev]
[13Nov2025 07:43:38.816] [main/DEBUG] [cpw.mods.modlauncher.LaunchPluginHandler/MODLAUNCHER]: Found launch plugins: [mixin,slf4jfixer,runtime_enum_extender,accesstransformer,runtimedistcleaner]
[13Nov2025 07:43:38.824] [main/DEBUG] [cpw.mods.modlauncher.TransformationServicesHandler/MODLAUNCHER]: Discovering transformation services
[13Nov2025 07:43:38.828] [main/DEBUG] [net.neoforged.fml.loading.FMLPaths/CORE]: Path GAMEDIR is /workspaces/server2holaa/servidor_minecraft
[13Nov2025 07:43:38.828] [main/DEBUG] [net.neoforged.fml.loading.FMLPaths/CORE]: Path MODSDIR is /workspaces/server2holaa/servidor_minecraft/mods
[13Nov2025 07:43:38.828] [main/DEBUG] [net.neoforged.fml.loading.FMLPaths/CORE]: Path CONFIGDIR is /workspaces/server2holaa/servidor_minecraft/config
[13Nov2025 07:43:38.829] [main/DEBUG] [net.neoforged.fml.loading.FMLPaths/CORE]: Path FMLCONFIG is /workspaces/server2holaa/servidor_minecraft/config/fml.toml
[13Nov2025 07:43:38.859] [main/TRACE] [net.neoforged.fml.loading.FMLConfig/CORE]: Loaded FML config from /workspaces/server2holaa/servidor_minecraft/config/fml.toml
[13Nov2025 07:43:38.859] [main/TRACE] [net.neoforged.fml.loading.FMLConfig/CORE]: FMLConfig disableConfigWatcher is false
[13Nov2025 07:43:38.859] [main/TRACE] [net.neoforged.fml.loading.FMLConfig/CORE]: FMLConfig earlyWindowControl is true
[13Nov2025 07:43:38.859] [main/TRACE] [net.neoforged.fml.loading.FMLConfig/CORE]: FMLConfig maxThreads is 4
[13Nov2025 07:43:38.860] [main/TRACE] [net.neoforged.fml.loading.FMLConfig/CORE]: FMLConfig versionCheck is true
[13Nov2025 07:43:38.860] [main/TRACE] [net.neoforged.fml.loading.FMLConfig/CORE]: FMLConfig defaultConfigPath is defaultconfigs
[13Nov2025 07:43:38.860] [main/TRACE] [net.neoforged.fml.loading.FMLConfig/CORE]: FMLConfig disableOptimizedDFU is true
[13Nov2025 07:43:38.860] [main/TRACE] [net.neoforged.fml.loading.FMLConfig/CORE]: FMLConfig earlyWindowProvider is fmlearlywindow
[13Nov2025 07:43:38.860] [main/TRACE] [net.neoforged.fml.loading.FMLConfig/CORE]: FMLConfig earlyWindowWidth is 854
[13Nov2025 07:43:38.860] [main/TRACE] [net.neoforged.fml.loading.FMLConfig/CORE]: FMLConfig earlyWindowHeight is 480
[13Nov2025 07:43:38.860] [main/TRACE] [net.neoforged.fml.loading.FMLConfig/CORE]: FMLConfig earlyWindowFBScale is 1
[13Nov2025 07:43:38.860] [main/TRACE] [net.neoforged.fml.loading.FMLConfig/CORE]: FMLConfig earlyWindowMaximized is false
[13Nov2025 07:43:38.860] [main/TRACE] [net.neoforged.fml.loading.FMLConfig/CORE]: FMLConfig earlyWindowSkipGLVersions is []
[13Nov2025 07:43:38.860] [main/TRACE] [net.neoforged.fml.loading.FMLConfig/CORE]: FMLConfig earlyWindowSquir is false
[13Nov2025 07:43:41.057] [main/DEBUG] [cpw.mods.modlauncher.TransformationServicesHandler/MODLAUNCHER]: Found additional transformation services from discovery services: 
[13Nov2025 07:43:41.068] [main/INFO] [net.neoforged.fml.loading.ImmediateWindowHandler/]: ImmediateWindowProvider not loading because launch target is forgeserver
[13Nov2025 07:43:41.077] [main/DEBUG] [cpw.mods.modlauncher.TransformationServicesHandler/MODLAUNCHER]: Found transformer services : [mixin,fml]
[13Nov2025 07:43:41.077] [main/DEBUG] [cpw.mods.modlauncher.TransformationServicesHandler/MODLAUNCHER]: Transformation services loading
[13Nov2025 07:43:41.078] [main/DEBUG] [cpw.mods.modlauncher.TransformationServiceDecorator/MODLAUNCHER]: Loading service mixin
[13Nov2025 07:43:41.078] [main/DEBUG] [cpw.mods.modlauncher.TransformationServiceDecorator/MODLAUNCHER]: Loaded service mixin
[13Nov2025 07:43:41.078] [main/DEBUG] [cpw.mods.modlauncher.TransformationServiceDecorator/MODLAUNCHER]: Loading service fml
[13Nov2025 07:43:41.079] [main/DEBUG] [net.neoforged.fml.loading.FMLLoader/CORE]: FML 4.0.41 loading
[13Nov2025 07:43:41.079] [main/DEBUG] [net.neoforged.fml.loading.FMLLoader/CORE]: FML found ModLauncher version : 11.0.5+main.901c6ea8
[13Nov2025 07:43:41.079] [main/DEBUG] [net.neoforged.fml.loading.FMLLoader/CORE]: FML found AccessTransformer version : 10.0.1+139da711
[13Nov2025 07:43:41.080] [main/DEBUG] [net.neoforged.fml.loading.FMLLoader/CORE]: FML found EventBus version : null
[13Nov2025 07:43:41.080] [main/DEBUG] [net.neoforged.fml.loading.FMLLoader/CORE]: Found Runtime Dist Cleaner
[13Nov2025 07:43:41.080] [main/DEBUG] [cpw.mods.modlauncher.TransformationServiceDecorator/MODLAUNCHER]: Loaded service fml
[13Nov2025 07:43:41.080] [main/DEBUG] [cpw.mods.modlauncher.TransformationServicesHandler/MODLAUNCHER]: Configuring option handling for services
[13Nov2025 07:43:41.098] [main/DEBUG] [net.neoforged.fml.loading.FMLServiceProvider/CORE]: Received command line version data  : VersionInfo[neoForgeVersion=21.1.206, fmlVersion=4.0.41, mcVersion=1.21.1, neoFormVersion=20240808.144430]
[13Nov2025 07:43:41.098] [main/DEBUG] [cpw.mods.modlauncher.TransformationServicesHandler/MODLAUNCHER]: Transformation services initializing
[13Nov2025 07:43:41.098] [main/DEBUG] [cpw.mods.modlauncher.TransformationServiceDecorator/MODLAUNCHER]: Initializing transformation service mixin
[13Nov2025 07:43:41.117] [main/DEBUG] [mixin/]: MixinService [ModLauncher] was successfully booted in cpw.mods.cl.ModuleClassLoader@77caeb3e
[13Nov2025 07:43:41.129] [main/INFO] [mixin/]: SpongePowered MIXIN Subsystem Version=0.8.7 Source=union:/workspaces/server2holaa/servidor_minecraft/libraries/net/fabricmc/sponge-mixin/0.15.2+mixin.0.8.7/sponge-mixin-0.15.2+mixin.0.8.7.jar%2371!/ Service=ModLauncher Env=SERVER
[13Nov2025 07:43:41.132] [main/DEBUG] [mixin/]: Initialising Mixin Platform Manager
[13Nov2025 07:43:41.132] [main/DEBUG] [mixin/]: Adding mixin platform agents for container ModLauncher Root Container(ModLauncher:4f56a0a2)
[13Nov2025 07:43:41.133] [main/DEBUG] [mixin/]: Instancing new MixinPlatformAgentMinecraftForge for ModLauncher Root Container(ModLauncher:4f56a0a2)
[13Nov2025 07:43:41.133] [main/DEBUG] [mixin/]: MixinPlatformAgentMinecraftForge rejected container ModLauncher Root Container(ModLauncher:4f56a0a2)
[13Nov2025 07:43:41.133] [main/DEBUG] [mixin/]: Instancing new MixinPlatformAgentDefault for ModLauncher Root Container(ModLauncher:4f56a0a2)
[13Nov2025 07:43:41.133] [main/DEBUG] [mixin/]: MixinPlatformAgentDefault accepted container ModLauncher Root Container(ModLauncher:4f56a0a2)
[13Nov2025 07:43:41.135] [main/DEBUG] [cpw.mods.modlauncher.TransformationServiceDecorator/MODLAUNCHER]: Initialized transformation service mixin
[13Nov2025 07:43:41.135] [main/DEBUG] [cpw.mods.modlauncher.TransformationServiceDecorator/MODLAUNCHER]: Initializing transformation service fml
[13Nov2025 07:43:41.135] [main/DEBUG] [net.neoforged.fml.loading.FMLServiceProvider/CORE]: Setting up basic FML game directories
[13Nov2025 07:43:41.136] [main/DEBUG] [net.neoforged.fml.loading.FMLPaths/CORE]: Path GAMEDIR is /workspaces/server2holaa/servidor_minecraft
[13Nov2025 07:43:41.136] [main/DEBUG] [net.neoforged.fml.loading.FMLPaths/CORE]: Path MODSDIR is /workspaces/server2holaa/servidor_minecraft/mods
[13Nov2025 07:43:41.136] [main/DEBUG] [net.neoforged.fml.loading.FMLPaths/CORE]: Path CONFIGDIR is /workspaces/server2holaa/servidor_minecraft/config
[13Nov2025 07:43:41.136] [main/DEBUG] [net.neoforged.fml.loading.FMLPaths/CORE]: Path FMLCONFIG is /workspaces/server2holaa/servidor_minecraft/config/fml.toml
[13Nov2025 07:43:41.136] [main/DEBUG] [net.neoforged.fml.loading.FMLServiceProvider/CORE]: Loading configuration
[13Nov2025 07:43:41.138] [main/TRACE] [net.neoforged.fml.loading.FMLConfig/CORE]: Loaded FML config from /workspaces/server2holaa/servidor_minecraft/config/fml.toml
[13Nov2025 07:43:41.138] [main/TRACE] [net.neoforged.fml.loading.FMLConfig/CORE]: FMLConfig disableConfigWatcher is false
[13Nov2025 07:43:41.138] [main/TRACE] [net.neoforged.fml.loading.FMLConfig/CORE]: FMLConfig earlyWindowControl is true
[13Nov2025 07:43:41.139] [main/TRACE] [net.neoforged.fml.loading.FMLConfig/CORE]: FMLConfig maxThreads is 4
[13Nov2025 07:43:41.139] [main/TRACE] [net.neoforged.fml.loading.FMLConfig/CORE]: FMLConfig versionCheck is true
[13Nov2025 07:43:41.139] [main/TRACE] [net.neoforged.fml.loading.FMLConfig/CORE]: FMLConfig defaultConfigPath is defaultconfigs
[13Nov2025 07:43:41.139] [main/TRACE] [net.neoforged.fml.loading.FMLConfig/CORE]: FMLConfig disableOptimizedDFU is true
[13Nov2025 07:43:41.139] [main/TRACE] [net.neoforged.fml.loading.FMLConfig/CORE]: FMLConfig earlyWindowProvider is fmlearlywindow
[13Nov2025 07:43:41.139] [main/TRACE] [net.neoforged.fml.loading.FMLConfig/CORE]: FMLConfig earlyWindowWidth is 854
[13Nov2025 07:43:41.139] [main/TRACE] [net.neoforged.fml.loading.FMLConfig/CORE]: FMLConfig earlyWindowHeight is 480
[13Nov2025 07:43:41.139] [main/TRACE] [net.neoforged.fml.loading.FMLConfig/CORE]: FMLConfig earlyWindowFBScale is 1
[13Nov2025 07:43:41.139] [main/TRACE] [net.neoforged.fml.loading.FMLConfig/CORE]: FMLConfig earlyWindowMaximized is false
[13Nov2025 07:43:41.139] [main/TRACE] [net.neoforged.fml.loading.FMLConfig/CORE]: FMLConfig earlyWindowSkipGLVersions is []
[13Nov2025 07:43:41.140] [main/TRACE] [net.neoforged.fml.loading.FMLConfig/CORE]: FMLConfig earlyWindowSquir is false
[13Nov2025 07:43:41.141] [main/DEBUG] [net.neoforged.fml.loading.LaunchContext/SCAN]: Located paths when launch context was created: [/workspaces/server2holaa/servidor_minecraft/libraries/org/codehaus/plexus/plexus-utils/3.3.0/plexus-utils-3.3.0.jar, /workspaces/server2holaa/servidor_minecraft/libraries/com/google/guava/guava/32.1.2-jre/guava-32.1.2-jre.jar, /workspaces/server2holaa/servidor_minecraft/libraries/net/fabricmc/sponge-mixin/0.15.2+mixin.0.8.7/sponge-mixin-0.15.2+mixin.0.8.7.jar, /workspaces/server2holaa/servidor_minecraft/libraries/org/apache/logging/log4j/log4j-slf4j2-impl/2.22.1/log4j-slf4j2-impl-2.22.1.jar, /workspaces/server2holaa/servidor_minecraft/libraries/com/mojang/logging/1.2.7/logging-1.2.7.jar, /workspaces/server2holaa/servidor_minecraft/libraries/com/google/errorprone/error_prone_annotations/2.18.0/error_prone_annotations-2.18.0.jar, /workspaces/server2holaa/servidor_minecraft/libraries/org/checkerframework/checker-qual/3.33.0/checker-qual-3.33.0.jar, /workspaces/server2holaa/servidor_minecraft/libraries/net/neoforged/JarJarSelector/0.4.1/JarJarSelector-0.4.1.jar, /workspaces/server2holaa/servidor_minecraft/libraries/net/sf/jopt-simple/jopt-simple/5.0.4/jopt-simple-5.0.4.jar, /workspaces/server2holaa/servidor_minecraft/libraries/net/neoforged/accesstransformers/at-modlauncher/10.0.1/at-modlauncher-10.0.1.jar, /workspaces/server2holaa/servidor_minecraft/libraries/commons-io/commons-io/2.15.1/commons-io-2.15.1.jar, /workspaces/server2holaa/servidor_minecraft/libraries/net/jodah/typetools/0.6.3/typetools-0.6.3.jar, /workspaces/server2holaa/servidor_minecraft/libraries/com/electronwill/night-config/toml/3.8.3/toml-3.8.3.jar, /workspaces/server2holaa/servidor_minecraft/libraries/org/apache/commons/commons-lang3/3.14.0/commons-lang3-3.14.0.jar, /workspaces/server2holaa/servidor_minecraft/libraries/net/minecraftforge/srgutils/0.4.15/srgutils-0.4.15.jar, /workspaces/server2holaa/servidor_minecraft/libraries/org/lz4/lz4-java/1.8.0/lz4-java-1.8.0.jar, /workspaces/server2holaa/servidor_minecraft/libraries/io/netty/netty-transport-classes-epoll/4.1.97.Final/netty-transport-classes-epoll-4.1.97.Final.jar, /workspaces/server2holaa/servidor_minecraft/libraries/com/google/code/findbugs/jsr305/3.0.2/jsr305-3.0.2.jar, /workspaces/server2holaa/servidor_minecraft/libraries/io/netty/netty-buffer/4.1.97.Final/netty-buffer-4.1.97.Final.jar, /workspaces/server2holaa/servidor_minecraft/libraries/net/neoforged/fancymodloader/loader/4.0.41/loader-4.0.41.jar, /workspaces/server2holaa/servidor_minecraft/libraries/com/machinezoo/noexception/noexception/1.7.1/noexception-1.7.1.jar, /workspaces/server2holaa/servidor_minecraft/libraries/io/netty/netty-transport-native-epoll/4.1.97.Final/netty-transport-native-epoll-4.1.97.Final-linux-x86_64.jar, /workspaces/server2holaa/servidor_minecraft/libraries/net/neoforged/fancymodloader/earlydisplay/4.0.41/earlydisplay-4.0.41.jar, /workspaces/server2holaa/servidor_minecraft/libraries/io/netty/netty-resolver/4.1.97.Final/netty-resolver-4.1.97.Final.jar, /workspaces/server2holaa/servidor_minecraft/libraries/net/neoforged/coremods/7.0.3/coremods-7.0.3.jar, /workspaces/server2holaa/servidor_minecraft/libraries/net/neoforged/mergetool/2.0.0/mergetool-2.0.0-api.jar, /workspaces/server2holaa/servidor_minecraft/libraries/org/apache/logging/log4j/log4j-core/2.22.1/log4j-core-2.22.1.jar, /workspaces/server2holaa/servidor_minecraft/libraries/com/google/code/gson/gson/2.10.1/gson-2.10.1.jar, /workspaces/server2holaa/servidor_minecraft/libraries/io/netty/netty-common/4.1.97.Final/netty-common-4.1.97.Final.jar, /workspaces/server2holaa/servidor_minecraft/libraries/com/google/guava/listenablefuture/9999.0-empty-to-avoid-conflict-with-guava/listenablefuture-9999.0-empty-to-avoid-conflict-with-guava.jar, /workspaces/server2holaa/servidor_minecraft/libraries/com/mojang/datafixerupper/8.0.16/datafixerupper-8.0.16.jar, /workspaces/server2holaa/servidor_minecraft/libraries/com/github/oshi/oshi-core/6.4.10/oshi-core-6.4.10.jar, /workspaces/server2holaa/servidor_minecraft/libraries/org/antlr/antlr4-runtime/4.13.1/antlr4-runtime-4.13.1.jar, /workspaces/server2holaa/servidor_minecraft/libraries/com/google/j2objc/j2objc-annotations/2.8/j2objc-annotations-2.8.jar, /workspaces/server2holaa/servidor_minecraft/libraries/com/mojang/authlib/6.0.54/authlib-6.0.54.jar, /workspaces/server2holaa/servidor_minecraft/libraries/org/joml/joml/1.10.5/joml-1.10.5.jar, /workspaces/server2holaa/servidor_minecraft/libraries/org/openjdk/nashorn/nashorn-core/15.4/nashorn-core-15.4.jar, /workspaces/server2holaa/servidor_minecraft/libraries/org/slf4j/slf4j-api/2.0.9/slf4j-api-2.0.9.jar, /workspaces/server2holaa/servidor_minecraft/libraries/io/netty/netty-codec/4.1.97.Final/netty-codec-4.1.97.Final.jar, /workspaces/server2holaa/servidor_minecraft/libraries/net/neoforged/bus/8.0.5/bus-8.0.5.jar, /workspaces/server2holaa/servidor_minecraft/libraries/com/electronwill/night-config/core/3.8.3/core-3.8.3.jar, /workspaces/server2holaa/servidor_minecraft/libraries/io/netty/netty-transport-native-epoll/4.1.97.Final/netty-transport-native-epoll-4.1.97.Final-linux-aarch_64.jar, /workspaces/server2holaa/servidor_minecraft/libraries/org/apache/logging/log4j/log4j-api/2.22.1/log4j-api-2.22.1.jar, /workspaces/server2holaa/servidor_minecraft/libraries/org/jline/jline-reader/3.20.0/jline-reader-3.20.0.jar, /workspaces/server2holaa/servidor_minecraft/libraries/com/mojang/brigadier/1.3.10/brigadier-1.3.10.jar, /workspaces/server2holaa/servidor_minecraft/libraries/io/netty/netty-transport-native-unix-common/4.1.97.Final/netty-transport-native-unix-common-4.1.97.Final.jar, /workspaces/server2holaa/servidor_minecraft/libraries/net/neoforged/JarJarMetadata/0.4.1/JarJarMetadata-0.4.1.jar, /workspaces/server2holaa/servidor_minecraft/libraries/net/minecrell/terminalconsoleappender/1.3.0/terminalconsoleappender-1.3.0.jar, /workspaces/server2holaa/servidor_minecraft/libraries/io/netty/netty-handler/4.1.97.Final/netty-handler-4.1.97.Final.jar, /workspaces/server2holaa/servidor_minecraft/libraries/io/netty/netty-transport/4.1.97.Final/netty-transport-4.1.97.Final.jar, /workspaces/server2holaa/servidor_minecraft/libraries/it/unimi/dsi/fastutil/8.5.12/fastutil-8.5.12.jar, /workspaces/server2holaa/servidor_minecraft/libraries/com/google/guava/failureaccess/1.0.1/failureaccess-1.0.1.jar, /workspaces/server2holaa/servidor_minecraft/libraries/cpw/mods/modlauncher/11.0.5/modlauncher-11.0.5.jar, /workspaces/server2holaa/servidor_minecraft/libraries/net/neoforged/accesstransformers/10.0.1/accesstransformers-10.0.1.jar, /workspaces/server2holaa/servidor_minecraft/libraries/org/apache/maven/maven-artifact/3.8.5/maven-artifact-3.8.5.jar, /workspaces/server2holaa/servidor_minecraft/libraries/org/jline/jline-terminal/3.20.0/jline-terminal-3.20.0.jar]
[13Nov2025 07:43:41.142] [main/DEBUG] [net.neoforged.fml.loading.FMLServiceProvider/CORE]: Preparing launch handler
[13Nov2025 07:43:41.142] [main/DEBUG] [net.neoforged.fml.loading.FMLLoader/CORE]: Using forgeserver as launch service
[13Nov2025 07:43:41.142] [main/DEBUG] [net.neoforged.fml.common.asm.RuntimeDistCleaner/DISTXFORM]: Configuring for Dist DEDICATED_SERVER
[13Nov2025 07:43:41.144] [main/DEBUG] [cpw.mods.modlauncher.TransformationServiceDecorator/MODLAUNCHER]: Initialized transformation service fml
[13Nov2025 07:43:41.144] [main/DEBUG] [cpw.mods.modlauncher.TransformationServicesHandler/MODLAUNCHER]: Transformation services begin scanning
[13Nov2025 07:43:41.144] [main/DEBUG] [cpw.mods.modlauncher.TransformationServiceDecorator/MODLAUNCHER]: Beginning scan trigger - transformation service mixin
[13Nov2025 07:43:41.144] [main/DEBUG] [cpw.mods.modlauncher.TransformationServiceDecorator/MODLAUNCHER]: End scan trigger - transformation service mixin
[13Nov2025 07:43:41.144] [main/DEBUG] [cpw.mods.modlauncher.TransformationServiceDecorator/MODLAUNCHER]: Beginning scan trigger - transformation service fml
[13Nov2025 07:43:41.145] [main/DEBUG] [net.neoforged.fml.loading.FMLServiceProvider/CORE]: Initiating mod scan
[13Nov2025 07:43:41.275] [main/DEBUG] [net.neoforged.fml.util.ServiceLoaderUtil/CORE]: Found 4 implementations of IModFileCandidateLocator:
[13Nov2025 07:43:41.276] [main/DEBUG] [net.neoforged.fml.util.ServiceLoaderUtil/CORE]: 	    1000 - [built-in] net.neoforged.fml.loading.moddiscovery.locators.ProductionServerProvider from loader-4.0.41.jar
[13Nov2025 07:43:41.280] [main/DEBUG] [net.neoforged.fml.util.ServiceLoaderUtil/CORE]: 	    1000 - [built-in] net.neoforged.fml.loading.moddiscovery.locators.PathBasedLocator from loader-4.0.41.jar
[13Nov2025 07:43:41.280] [main/DEBUG] [net.neoforged.fml.util.ServiceLoaderUtil/CORE]: 	       0 - net.neoforged.fml.loading.moddiscovery.locators.ModsFolderLocator from loader-4.0.41.jar
[13Nov2025 07:43:41.280] [main/DEBUG] [net.neoforged.fml.util.ServiceLoaderUtil/CORE]: 	       0 - net.neoforged.fml.loading.moddiscovery.locators.MavenDirectoryLocator from loader-4.0.41.jar
[13Nov2025 07:43:41.282] [main/DEBUG] [net.neoforged.fml.util.ServiceLoaderUtil/CORE]: Found 2 implementations of IModFileReader:
[13Nov2025 07:43:41.282] [main/DEBUG] [net.neoforged.fml.util.ServiceLoaderUtil/CORE]: 	       0 - net.neoforged.fml.loading.moddiscovery.readers.JarModsDotTomlModFileReader from loader-4.0.41.jar
[13Nov2025 07:43:41.283] [main/DEBUG] [net.neoforged.fml.util.ServiceLoaderUtil/CORE]: 	   -1000 - net.neoforged.fml.loading.moddiscovery.readers.NestedLibraryModReader from loader-4.0.41.jar
[13Nov2025 07:43:41.284] [main/DEBUG] [net.neoforged.fml.util.ServiceLoaderUtil/CORE]: Found 1 implementations of IDependencyLocator:
[13Nov2025 07:43:41.284] [main/DEBUG] [net.neoforged.fml.util.ServiceLoaderUtil/CORE]: 	       0 - net.neoforged.fml.loading.moddiscovery.locators.JarInJarDependencyLocator from loader-4.0.41.jar
[13Nov2025 07:43:41.284] [main/DEBUG] [net.neoforged.fml.loading.moddiscovery.ModDiscoverer/SCAN]: Scanning for mods and other resources to load. We know 4 ways to find mods
[13Nov2025 07:43:41.284] [main/DEBUG] [net.neoforged.fml.loading.moddiscovery.ModDiscoverer/SCAN]: Trying locator production server provider +net.neoforged:neoforge:21.1.206:server
[13Nov2025 07:43:41.822] [main/DEBUG] [net.neoforged.fml.loading.moddiscovery.ModFileInfo/LOADING]: Found valid mod file server-1.21.1-20240808.144430-srg.jar with {minecraft} mods - versions {1.21.1}
[13Nov2025 07:43:41.822] [main/INFO] [net.neoforged.fml.loading.moddiscovery.ModDiscoverer/SCAN]: Found mod file "server-1.21.1-20240808.144430-srg.jar" [locator: production server provider +net.neoforged:neoforge:21.1.206:server]
[13Nov2025 07:43:41.823] [main/DEBUG] [net.neoforged.fml.loading.moddiscovery.ModDiscoverer/SCAN]: Locator production server provider +net.neoforged:neoforge:21.1.206:server found 1 mods, 0 warnings, 0 errors and skipped 0 candidates
[13Nov2025 07:43:41.824] [main/DEBUG] [net.neoforged.fml.loading.moddiscovery.ModDiscoverer/SCAN]: Trying locator PathBasedLocator[name=neoforge, paths=[libraries/net/neoforged/neoforge/21.1.206/neoforge-21.1.206-universal.jar]]
[13Nov2025 07:43:41.870] [main/DEBUG] [net.neoforged.fml.loading.moddiscovery.readers.JarModsDotTomlModFileReader/SCAN]: Found META-INF/neoforge.mods.toml mod of type null: /workspaces/server2holaa/servidor_minecraft/libraries/net/neoforged/neoforge/21.1.206/neoforge-21.1.206-universal.jar
[13Nov2025 07:43:41.871] [main/DEBUG] [net.neoforged.fml.loading.moddiscovery.ModFileParser/LOADING]: Considering mod file candidate /workspaces/server2holaa/servidor_minecraft/libraries/net/neoforged/neoforge/21.1.206/neoforge-21.1.206-universal.jar
[13Nov2025 07:43:41.930] [main/DEBUG] [net.neoforged.fml.loading.moddiscovery.ModFileInfo/LOADING]: Found valid mod file neoforge-21.1.206-universal.jar with {neoforge} mods - versions {21.1.206}
[13Nov2025 07:43:41.931] [main/INFO] [net.neoforged.fml.loading.moddiscovery.ModDiscoverer/SCAN]: Found mod file "neoforge-21.1.206-universal.jar" [locator: PathBasedLocator[name=neoforge, paths=[libraries/net/neoforged/neoforge/21.1.206/neoforge-21.1.206-universal.jar]], reader: mod manifest]
[13Nov2025 07:43:41.931] [main/DEBUG] [net.neoforged.fml.loading.moddiscovery.ModDiscoverer/SCAN]: Locator PathBasedLocator[name=neoforge, paths=[libraries/net/neoforged/neoforge/21.1.206/neoforge-21.1.206-universal.jar]] found 1 mods, 0 warnings, 0 errors and skipped 0 candidates
[13Nov2025 07:43:41.931] [main/DEBUG] [net.neoforged.fml.loading.moddiscovery.ModDiscoverer/SCAN]: Trying locator {mods folder locator at /workspaces/server2holaa/servidor_minecraft/mods}
[13Nov2025 07:43:41.931] [main/DEBUG] [net.neoforged.fml.loading.moddiscovery.locators.ModsFolderLocator/SCAN]: Scanning mods dir /workspaces/server2holaa/servidor_minecraft/mods for mods
[13Nov2025 07:43:41.937] [main/DEBUG] [net.neoforged.fml.loading.moddiscovery.readers.JarModsDotTomlModFileReader/SCAN]: Found META-INF/neoforge.mods.toml mod of type null: /workspaces/server2holaa/servidor_minecraft/mods/[1.21.1] SecurityCraft v1.10.jar
[13Nov2025 07:43:41.937] [main/DEBUG] [net.neoforged.fml.loading.moddiscovery.ModFileParser/LOADING]: Considering mod file candidate /workspaces/server2holaa/servidor_minecraft/mods/[1.21.1] SecurityCraft v1.10.jar
[13Nov2025 07:43:41.954] [main/DEBUG] [net.neoforged.fml.loading.moddiscovery.ModFileInfo/LOADING]: Found valid mod file [1.21.1] SecurityCraft v1.10.jar with {securitycraft} mods - versions {1.10}
[13Nov2025 07:43:41.954] [main/INFO] [net.neoforged.fml.loading.moddiscovery.ModDiscoverer/SCAN]: Found mod file "[1.21.1] SecurityCraft v1.10.jar" [locator: {mods folder locator at /workspaces/server2holaa/servidor_minecraft/mods}, reader: mod manifest]
[13Nov2025 07:43:41.955] [main/DEBUG] [net.neoforged.fml.loading.moddiscovery.readers.JarModsDotTomlModFileReader/SCAN]: Found META-INF/neoforge.mods.toml mod of type null: /workspaces/server2holaa/servidor_minecraft/mods/appleskin-neoforge-mc1.21-3.0.7.jar
[13Nov2025 07:43:41.955] [main/DEBUG] [net.neoforged.fml.loading.moddiscovery.ModFileParser/LOADING]: Considering mod file candidate /workspaces/server2holaa/servidor_minecraft/mods/appleskin-neoforge-mc1.21-3.0.7.jar
[13Nov2025 07:43:41.957] [main/DEBUG] [net.neoforged.fml.loading.moddiscovery.ModFileInfo/LOADING]: Found valid mod file appleskin-neoforge-mc1.21-3.0.7.jar with {appleskin} mods - versions {3.0.7+mc1.21}
[13Nov2025 07:43:41.957] [main/INFO] [net.neoforged.fml.loading.moddiscovery.ModDiscoverer/SCAN]: Found mod file "appleskin-neoforge-mc1.21-3.0.7.jar" [locator: {mods folder locator at /workspaces/server2holaa/servidor_minecraft/mods}, reader: mod manifest]
[13Nov2025 07:43:41.958] [main/DEBUG] [net.neoforged.fml.loading.moddiscovery.readers.JarModsDotTomlModFileReader/SCAN]: Found META-INF/neoforge.mods.toml mod of type null: /workspaces/server2holaa/servidor_minecraft/mods/architectury-13.0.8-neoforge.jar
[13Nov2025 07:43:41.958] [main/DEBUG] [net.neoforged.fml.loading.moddiscovery.ModFileParser/LOADING]: Considering mod file candidate /workspaces/server2holaa/servidor_minecraft/mods/architectury-13.0.8-neoforge.jar
[13Nov2025 07:43:41.960] [main/DEBUG] [net.neoforged.fml.loading.moddiscovery.ModFileInfo/LOADING]: Found valid mod file architectury-13.0.8-neoforge.jar with {architectury} mods - versions {13.0.8}
[13Nov2025 07:43:41.960] [main/INFO] [net.neoforged.fml.loading.moddiscovery.ModDiscoverer/SCAN]: Found mod file "architectury-13.0.8-neoforge.jar" [locator: {mods folder locator at /workspaces/server2holaa/servidor_minecraft/mods}, reader: mod manifest]
[13Nov2025 07:43:41.962] [main/DEBUG] [net.neoforged.fml.loading.moddiscovery.readers.JarModsDotTomlModFileReader/SCAN]: Found META-INF/neoforge.mods.toml mod of type null: /workspaces/server2holaa/servidor_minecraft/mods/artifacts-neoforge-13.1.0.jar
[13Nov2025 07:43:41.962] [main/DEBUG] [net.neoforged.fml.loading.moddiscovery.ModFileParser/LOADING]: Considering mod file candidate /workspaces/server2holaa/servidor_minecraft/mods/artifacts-neoforge-13.1.0.jar
[13Nov2025 07:43:41.964] [main/DEBUG] [net.neoforged.fml.loading.moddiscovery.ModFileInfo/LOADING]: Found valid mod file artifacts-neoforge-13.1.0.jar with {artifacts} mods - versions {13.1.0}
[13Nov2025 07:43:41.964] [main/INFO] [net.neoforged.fml.loading.moddiscovery.ModDiscoverer/SCAN]: Found mod file "artifacts-neoforge-13.1.0.jar" [locator: {mods folder locator at /workspaces/server2holaa/servidor_minecraft/mods}, reader: mod manifest]
[13Nov2025 07:43:41.965] [main/DEBUG] [net.neoforged.fml.loading.moddiscovery.readers.JarModsDotTomlModFileReader/SCAN]: Found META-INF/neoforge.mods.toml mod of type null: /workspaces/server2holaa/servidor_minecraft/mods/bossesrise-1.21.1-neoforge-1.0.9.jar
[13Nov2025 07:43:41.965] [main/DEBUG] [net.neoforged.fml.loading.moddiscovery.ModFileParser/LOADING]: Considering mod file candidate /workspaces/server2holaa/servidor_minecraft/mods/bossesrise-1.21.1-neoforge-1.0.9.jar
[13Nov2025 07:43:41.967] [main/DEBUG] [net.neoforged.fml.loading.moddiscovery.ModFileInfo/LOADING]: Found valid mod file bossesrise-1.21.1-neoforge-1.0.9.jar with {block_factorys_bosses} mods - versions {1.0.9}
[13Nov2025 07:43:41.967] [main/INFO] [net.neoforged.fml.loading.moddiscovery.ModDiscoverer/SCAN]: Found mod file "bossesrise-1.21.1-neoforge-1.0.9.jar" [locator: {mods folder locator at /workspaces/server2holaa/servidor_minecraft/mods}, reader: mod manifest]
[13Nov2025 07:43:41.967] [main/DEBUG] [net.neoforged.fml.loading.moddiscovery.readers.JarModsDotTomlModFileReader/SCAN]: Found META-INF/neoforge.mods.toml mod of type null: /workspaces/server2holaa/servidor_minecraft/mods/c2me-neoforge-mc1.21.1-0.3.0+alpha.0.82.jar
[13Nov2025 07:43:41.967] [main/DEBUG] [net.neoforged.fml.loading.moddiscovery.ModFileParser/LOADING]: Considering mod file candidate /workspaces/server2holaa/servidor_minecraft/mods/c2me-neoforge-mc1.21.1-0.3.0+alpha.0.82.jar
[13Nov2025 07:43:41.970] [main/DEBUG] [net.neoforged.fml.loading.moddiscovery.ModFileInfo/LOADING]: Found valid mod file c2me-neoforge-mc1.21.1-0.3.0+alpha.0.82.jar with {c2me} mods - versions {0.3.0+alpha.0.82+1.21.1}
[13Nov2025 07:43:41.970] [main/INFO] [net.neoforged.fml.loading.moddiscovery.ModDiscoverer/SCAN]: Found mod file "c2me-neoforge-mc1.21.1-0.3.0+alpha.0.82.jar" [locator: {mods folder locator at /workspaces/server2holaa/servidor_minecraft/mods}, reader: mod manifest]
[13Nov2025 07:43:41.971] [main/DEBUG] [net.neoforged.fml.loading.moddiscovery.readers.JarModsDotTomlModFileReader/SCAN]: Found META-INF/neoforge.mods.toml mod of type null: /workspaces/server2holaa/servidor_minecraft/mods/choccos_mobs-0.1.3-neoforge-1.21.1.jar
[13Nov2025 07:43:41.971] [main/DEBUG] [net.neoforged.fml.loading.moddiscovery.ModFileParser/LOADING]: Considering mod file candidate /workspaces/server2holaa/servidor_minecraft/mods/choccos_mobs-0.1.3-neoforge-1.21.1.jar
[13Nov2025 07:43:41.973] [main/DEBUG] [net.neoforged.fml.loading.moddiscovery.ModFileInfo/LOADING]: Found valid mod file choccos_mobs-0.1.3-neoforge-1.21.1.jar with {choccos_mobs} mods - versions {0.1.3}
[13Nov2025 07:43:41.973] [main/INFO] [net.neoforged.fml.loading.moddiscovery.ModDiscoverer/SCAN]: Found mod file "choccos_mobs-0.1.3-neoforge-1.21.1.jar" [locator: {mods folder locator at /workspaces/server2holaa/servidor_minecraft/mods}, reader: mod manifest]
[13Nov2025 07:43:41.974] [main/DEBUG] [net.neoforged.fml.loading.moddiscovery.readers.JarModsDotTomlModFileReader/SCAN]: Found META-INF/neoforge.mods.toml mod of type null: /workspaces/server2holaa/servidor_minecraft/mods/cloth-config-15.0.140-neoforge.jar
[13Nov2025 07:43:41.974] [main/DEBUG] [net.neoforged.fml.loading.moddiscovery.ModFileParser/LOADING]: Considering mod file candidate /workspaces/server2holaa/servidor_minecraft/mods/cloth-config-15.0.140-neoforge.jar
[13Nov2025 07:43:41.975] [main/DEBUG] [net.neoforged.fml.loading.moddiscovery.ModFileInfo/LOADING]: Found valid mod file cloth-config-15.0.140-neoforge.jar with {cloth_config} mods - versions {15.0.140}
[13Nov2025 07:43:41.975] [main/INFO] [net.neoforged.fml.loading.moddiscovery.ModDiscoverer/SCAN]: Found mod file "cloth-config-15.0.140-neoforge.jar" [locator: {mods folder locator at /workspaces/server2holaa/servidor_minecraft/mods}, reader: mod manifest]
[13Nov2025 07:43:41.976] [main/DEBUG] [net.neoforged.fml.loading.moddiscovery.readers.JarModsDotTomlModFileReader/SCAN]: Found META-INF/neoforge.mods.toml mod of type null: /workspaces/server2holaa/servidor_minecraft/mods/collective-1.21.1-8.11.jar
[13Nov2025 07:43:41.985] [main/DEBUG] [net.neoforged.fml.loading.moddiscovery.ModFileParser/LOADING]: Considering mod file candidate /workspaces/server2holaa/servidor_minecraft/mods/collective-1.21.1-8.11.jar
[13Nov2025 07:43:41.988] [main/DEBUG] [net.neoforged.fml.loading.moddiscovery.ModFileInfo/LOADING]: Found valid mod file collective-1.21.1-8.11.jar with {collective} mods - versions {8.11}
[13Nov2025 07:43:41.988] [main/INFO] [net.neoforged.fml.loading.moddiscovery.ModDiscoverer/SCAN]: Found mod file "collective-1.21.1-8.11.jar" [locator: {mods folder locator at /workspaces/server2holaa/servidor_minecraft/mods}, reader: mod manifest]
[13Nov2025 07:43:41.989] [main/DEBUG] [net.neoforged.fml.loading.moddiscovery.readers.JarModsDotTomlModFileReader/SCAN]: Found META-INF/neoforge.mods.toml mod of type null: /workspaces/server2holaa/servidor_minecraft/mods/CreativeCore_NEOFORGE_v2.13.13_mc1.21.1.jar
[13Nov2025 07:43:41.989] [main/DEBUG] [net.neoforged.fml.loading.moddiscovery.ModFileParser/LOADING]: Considering mod file candidate /workspaces/server2holaa/servidor_minecraft/mods/CreativeCore_NEOFORGE_v2.13.13_mc1.21.1.jar
[13Nov2025 07:43:41.992] [main/DEBUG] [net.neoforged.fml.loading.moddiscovery.ModFileInfo/LOADING]: Found valid mod file CreativeCore_NEOFORGE_v2.13.13_mc1.21.1.jar with {creativecore} mods - versions {2.13.13}
[13Nov2025 07:43:41.992] [main/INFO] [net.neoforged.fml.loading.moddiscovery.ModDiscoverer/SCAN]: Found mod file "CreativeCore_NEOFORGE_v2.13.13_mc1.21.1.jar" [locator: {mods folder locator at /workspaces/server2holaa/servidor_minecraft/mods}, reader: mod manifest]
[13Nov2025 07:43:41.992] [main/DEBUG] [net.neoforged.fml.loading.moddiscovery.readers.JarModsDotTomlModFileReader/SCAN]: Found META-INF/neoforge.mods.toml mod of type null: /workspaces/server2holaa/servidor_minecraft/mods/curios-neoforge-9.5.1+1.21.1.jar
[13Nov2025 07:43:41.993] [main/DEBUG] [net.neoforged.fml.loading.moddiscovery.ModFileParser/LOADING]: Considering mod file candidate /workspaces/server2holaa/servidor_minecraft/mods/curios-neoforge-9.5.1+1.21.1.jar
[13Nov2025 07:43:41.994] [main/DEBUG] [net.neoforged.fml.loading.moddiscovery.ModFileInfo/LOADING]: Found valid mod file curios-neoforge-9.5.1+1.21.1.jar with {curios} mods - versions {9.5.1+1.21.1}
[13Nov2025 07:43:41.995] [main/INFO] [net.neoforged.fml.loading.moddiscovery.ModDiscoverer/SCAN]: Found mod file "curios-neoforge-9.5.1+1.21.1.jar" [locator: {mods folder locator at /workspaces/server2holaa/servidor_minecraft/mods}, reader: mod manifest]
[13Nov2025 07:43:41.996] [main/DEBUG] [net.neoforged.fml.loading.moddiscovery.readers.JarModsDotTomlModFileReader/SCAN]: Found META-INF/neoforge.mods.toml mod of type null: /workspaces/server2holaa/servidor_minecraft/mods/DungeonsArise-1.21.x-2.1.64-release.jar
[13Nov2025 07:43:41.996] [main/DEBUG] [net.neoforged.fml.loading.moddiscovery.ModFileParser/LOADING]: Considering mod file candidate /workspaces/server2holaa/servidor_minecraft/mods/DungeonsArise-1.21.x-2.1.64-release.jar
[13Nov2025 07:43:41.998] [main/DEBUG] [net.neoforged.fml.loading.moddiscovery.ModFileInfo/LOADING]: Found valid mod file DungeonsArise-1.21.x-2.1.64-release.jar with {dungeons_arise} mods - versions {2.1.64}
[13Nov2025 07:43:41.998] [main/INFO] [net.neoforged.fml.loading.moddiscovery.ModDiscoverer/SCAN]: Found mod file "DungeonsArise-1.21.x-2.1.64-release.jar" [locator: {mods folder locator at /workspaces/server2holaa/servidor_minecraft/mods}, reader: mod manifest]
[13Nov2025 07:43:41.999] [main/DEBUG] [net.neoforged.fml.loading.moddiscovery.readers.JarModsDotTomlModFileReader/SCAN]: Found META-INF/neoforge.mods.toml mod of type null: /workspaces/server2holaa/servidor_minecraft/mods/dynamiclights-v1.9-mc1.17-1.21.9-mod.jar
[13Nov2025 07:43:41.999] [main/DEBUG] [net.neoforged.fml.loading.moddiscovery.ModFileParser/LOADING]: Considering mod file candidate /workspaces/server2holaa/servidor_minecraft/mods/dynamiclights-v1.9-mc1.17-1.21.9-mod.jar
[13Nov2025 07:43:42.002] [main/DEBUG] [net.neoforged.fml.loading.moddiscovery.ModFileInfo/LOADING]: Found valid mod file dynamiclights-v1.9-mc1.17-1.21.9-mod.jar with {dynamiclights} mods - versions {1.9+mod}
[13Nov2025 07:43:42.003] [main/INFO] [net.neoforged.fml.loading.moddiscovery.ModDiscoverer/SCAN]: Found mod file "dynamiclights-v1.9-mc1.17-1.21.9-mod.jar" [locator: {mods folder locator at /workspaces/server2holaa/servidor_minecraft/mods}, reader: mod manifest]
[13Nov2025 07:43:42.003] [main/DEBUG] [net.neoforged.fml.loading.moddiscovery.readers.JarModsDotTomlModFileReader/SCAN]: Found META-INF/neoforge.mods.toml mod of type null: /workspaces/server2holaa/servidor_minecraft/mods/elevatorid-neoforge-1.21.1-1.11.4.jar
[13Nov2025 07:43:42.003] [main/DEBUG] [net.neoforged.fml.loading.moddiscovery.ModFileParser/LOADING]: Considering mod file candidate /workspaces/server2holaa/servidor_minecraft/mods/elevatorid-neoforge-1.21.1-1.11.4.jar
[13Nov2025 07:43:42.005] [main/DEBUG] [net.neoforged.fml.loading.moddiscovery.ModFileInfo/LOADING]: Found valid mod file elevatorid-neoforge-1.21.1-1.11.4.jar with {elevatorid} mods - versions {1.21.1-1.11.4}
[13Nov2025 07:43:42.005] [main/INFO] [net.neoforged.fml.loading.moddiscovery.ModDiscoverer/SCAN]: Found mod file "elevatorid-neoforge-1.21.1-1.11.4.jar" [locator: {mods folder locator at /workspaces/server2holaa/servidor_minecraft/mods}, reader: mod manifest]
[13Nov2025 07:43:42.006] [main/DEBUG] [net.neoforged.fml.loading.moddiscovery.readers.JarModsDotTomlModFileReader/SCAN]: Found META-INF/neoforge.mods.toml mod of type null: /workspaces/server2holaa/servidor_minecraft/mods/expandability-12.0.0.jar
[13Nov2025 07:43:42.006] [main/DEBUG] [net.neoforged.fml.loading.moddiscovery.ModFileParser/LOADING]: Considering mod file candidate /workspaces/server2holaa/servidor_minecraft/mods/expandability-12.0.0.jar
[13Nov2025 07:43:42.007] [main/DEBUG] [net.neoforged.fml.loading.moddiscovery.ModFileInfo/LOADING]: Found valid mod file expandability-12.0.0.jar with {expandability} mods - versions {12.0.0}
[13Nov2025 07:43:42.007] [main/INFO] [net.neoforged.fml.loading.moddiscovery.ModDiscoverer/SCAN]: Found mod file "expandability-12.0.0.jar" [locator: {mods folder locator at /workspaces/server2holaa/servidor_minecraft/mods}, reader: mod manifest]
[13Nov2025 07:43:42.008] [main/DEBUG] [net.neoforged.fml.loading.moddiscovery.readers.JarModsDotTomlModFileReader/SCAN]: Found META-INF/neoforge.mods.toml mod of type null: /workspaces/server2holaa/servidor_minecraft/mods/ExtraGems-1.21-(v.3.0.5-NEO).jar
[13Nov2025 07:43:42.009] [main/DEBUG] [net.neoforged.fml.loading.moddiscovery.ModFileParser/LOADING]: Considering mod file candidate /workspaces/server2holaa/servidor_minecraft/mods/ExtraGems-1.21-(v.3.0.5-NEO).jar
[13Nov2025 07:43:42.010] [main/DEBUG] [net.neoforged.fml.loading.moddiscovery.ModFileInfo/LOADING]: Found valid mod file ExtraGems-1.21-(v.3.0.5-NEO).jar with {extragems} mods - versions {3.0.5}
[13Nov2025 07:43:42.010] [main/INFO] [net.neoforged.fml.loading.moddiscovery.ModDiscoverer/SCAN]: Found mod file "ExtraGems-1.21-(v.3.0.5-NEO).jar" [locator: {mods folder locator at /workspaces/server2holaa/servidor_minecraft/mods}, reader: mod manifest]
[13Nov2025 07:43:42.011] [main/DEBUG] [net.neoforged.fml.loading.moddiscovery.readers.JarModsDotTomlModFileReader/SCAN]: Found META-INF/neoforge.mods.toml mod of type null: /workspaces/server2holaa/servidor_minecraft/mods/ForgeConfigAPIPort-v21.1.4-1.21.1-NeoForge.jar
[13Nov2025 07:43:42.011] [main/DEBUG] [net.neoforged.fml.loading.moddiscovery.ModFileParser/LOADING]: Considering mod file candidate /workspaces/server2holaa/servidor_minecraft/mods/ForgeConfigAPIPort-v21.1.4-1.21.1-NeoForge.jar
[13Nov2025 07:43:42.012] [main/DEBUG] [net.neoforged.fml.loading.moddiscovery.ModFileInfo/LOADING]: Found valid mod file ForgeConfigAPIPort-v21.1.4-1.21.1-NeoForge.jar with {forgeconfigapiport} mods - versions {21.1.4}
[13Nov2025 07:43:42.012] [main/INFO] [net.neoforged.fml.loading.moddiscovery.ModDiscoverer/SCAN]: Found mod file "ForgeConfigAPIPort-v21.1.4-1.21.1-NeoForge.jar" [locator: {mods folder locator at /workspaces/server2holaa/servidor_minecraft/mods}, reader: mod manifest]
[13Nov2025 07:43:42.013] [main/DEBUG] [net.neoforged.fml.loading.moddiscovery.readers.JarModsDotTomlModFileReader/SCAN]: Found META-INF/neoforge.mods.toml mod of type null: /workspaces/server2holaa/servidor_minecraft/mods/framework-neoforge-1.21.1-0.9.6.jar
[13Nov2025 07:43:42.013] [main/DEBUG] [net.neoforged.fml.loading.moddiscovery.ModFileParser/LOADING]: Considering mod file candidate /workspaces/server2holaa/servidor_minecraft/mods/framework-neoforge-1.21.1-0.9.6.jar
[13Nov2025 07:43:42.014] [main/DEBUG] [net.neoforged.fml.loading.moddiscovery.ModFileInfo/LOADING]: Found valid mod file framework-neoforge-1.21.1-0.9.6.jar with {framework} mods - versions {0.9.6}
[13Nov2025 07:43:42.014] [main/INFO] [net.neoforged.fml.loading.moddiscovery.ModDiscoverer/SCAN]: Found mod file "framework-neoforge-1.21.1-0.9.6.jar" [locator: {mods folder locator at /workspaces/server2holaa/servidor_minecraft/mods}, reader: mod manifest]
[13Nov2025 07:43:42.015] [main/DEBUG] [net.neoforged.fml.loading.moddiscovery.readers.JarModsDotTomlModFileReader/SCAN]: Found META-INF/neoforge.mods.toml mod of type null: /workspaces/server2holaa/servidor_minecraft/mods/geckolib-neoforge-1.21.1-4.8.2.jar
[13Nov2025 07:43:42.015] [main/DEBUG] [net.neoforged.fml.loading.moddiscovery.ModFileParser/LOADING]: Considering mod file candidate /workspaces/server2holaa/servidor_minecraft/mods/geckolib-neoforge-1.21.1-4.8.2.jar
[13Nov2025 07:43:42.016] [main/DEBUG] [net.neoforged.fml.loading.moddiscovery.ModFileInfo/LOADING]: Found valid mod file geckolib-neoforge-1.21.1-4.8.2.jar with {geckolib} mods - versions {4.8.2}
[13Nov2025 07:43:42.016] [main/INFO] [net.neoforged.fml.loading.moddiscovery.ModDiscoverer/SCAN]: Found mod file "geckolib-neoforge-1.21.1-4.8.2.jar" [locator: {mods folder locator at /workspaces/server2holaa/servidor_minecraft/mods}, reader: mod manifest]
[13Nov2025 07:43:42.017] [main/DEBUG] [net.neoforged.fml.loading.moddiscovery.readers.JarModsDotTomlModFileReader/SCAN]: Found META-INF/neoforge.mods.toml mod of type null: /workspaces/server2holaa/servidor_minecraft/mods/GlitchCore-neoforge-1.21.1-2.1.0.0.jar
[13Nov2025 07:43:42.017] [main/DEBUG] [net.neoforged.fml.loading.moddiscovery.ModFileParser/LOADING]: Considering mod file candidate /workspaces/server2holaa/servidor_minecraft/mods/GlitchCore-neoforge-1.21.1-2.1.0.0.jar
[13Nov2025 07:43:42.018] [main/DEBUG] [net.neoforged.fml.loading.moddiscovery.ModFileInfo/LOADING]: Found valid mod file GlitchCore-neoforge-1.21.1-2.1.0.0.jar with {glitchcore} mods - versions {2.1.0.0}
[13Nov2025 07:43:42.018] [main/INFO] [net.neoforged.fml.loading.moddiscovery.ModDiscoverer/SCAN]: Found mod file "GlitchCore-neoforge-1.21.1-2.1.0.0.jar" [locator: {mods folder locator at /workspaces/server2holaa/servidor_minecraft/mods}, reader: mod manifest]
[13Nov2025 07:43:42.019] [main/DEBUG] [net.neoforged.fml.loading.moddiscovery.readers.JarModsDotTomlModFileReader/SCAN]: Found META-INF/neoforge.mods.toml mod of type null: /workspaces/server2holaa/servidor_minecraft/mods/him-2.0.2-neoforge-1.21.1.jar
[13Nov2025 07:43:42.019] [main/DEBUG] [net.neoforged.fml.loading.moddiscovery.ModFileParser/LOADING]: Considering mod file candidate /workspaces/server2holaa/servidor_minecraft/mods/him-2.0.2-neoforge-1.21.1.jar
[13Nov2025 07:43:42.020] [main/DEBUG] [net.neoforged.fml.loading.moddiscovery.ModFileInfo/LOADING]: Found valid mod file him-2.0.2-neoforge-1.21.1.jar with {him} mods - versions {2.0.1}
[13Nov2025 07:43:42.020] [main/INFO] [net.neoforged.fml.loading.moddiscovery.ModDiscoverer/SCAN]: Found mod file "him-2.0.2-neoforge-1.21.1.jar" [locator: {mods folder locator at /workspaces/server2holaa/servidor_minecraft/mods}, reader: mod manifest]
[13Nov2025 07:43:42.023] [main/DEBUG] [net.neoforged.fml.loading.moddiscovery.readers.JarModsDotTomlModFileReader/SCAN]: Found META-INF/neoforge.mods.toml mod of type null: /workspaces/server2holaa/servidor_minecraft/mods/IceAndFireCE-2.0-beta.7-1.21.1-neoforge.jar
[13Nov2025 07:43:42.023] [main/DEBUG] [net.neoforged.fml.loading.moddiscovery.ModFileParser/LOADING]: Considering mod file candidate /workspaces/server2holaa/servidor_minecraft/mods/IceAndFireCE-2.0-beta.7-1.21.1-neoforge.jar
[13Nov2025 07:43:42.024] [main/DEBUG] [net.neoforged.fml.loading.moddiscovery.ModFileInfo/LOADING]: Found valid mod file IceAndFireCE-2.0-beta.7-1.21.1-neoforge.jar with {iceandfire} mods - versions {2.0-beta.7}
[13Nov2025 07:43:42.025] [main/INFO] [net.neoforged.fml.loading.moddiscovery.ModDiscoverer/SCAN]: Found mod file "IceAndFireCE-2.0-beta.7-1.21.1-neoforge.jar" [locator: {mods folder locator at /workspaces/server2holaa/servidor_minecraft/mods}, reader: mod manifest]
[13Nov2025 07:43:42.026] [main/DEBUG] [net.neoforged.fml.loading.moddiscovery.readers.JarModsDotTomlModFileReader/SCAN]: Found META-INF/neoforge.mods.toml mod of type null: /workspaces/server2holaa/servidor_minecraft/mods/jei-1.21.1-neoforge-19.25.0.321.jar
[13Nov2025 07:43:42.026] [main/DEBUG] [net.neoforged.fml.loading.moddiscovery.ModFileParser/LOADING]: Considering mod file candidate /workspaces/server2holaa/servidor_minecraft/mods/jei-1.21.1-neoforge-19.25.0.321.jar
[13Nov2025 07:43:42.028] [main/DEBUG] [net.neoforged.fml.loading.moddiscovery.ModFileInfo/LOADING]: Found valid mod file jei-1.21.1-neoforge-19.25.0.321.jar with {jei} mods - versions {19.25.0.321}
[13Nov2025 07:43:42.028] [main/INFO] [net.neoforged.fml.loading.moddiscovery.ModDiscoverer/SCAN]: Found mod file "jei-1.21.1-neoforge-19.25.0.321.jar" [locator: {mods folder locator at /workspaces/server2holaa/servidor_minecraft/mods}, reader: mod manifest]
[13Nov2025 07:43:42.030] [main/DEBUG] [net.neoforged.fml.loading.moddiscovery.readers.JarModsDotTomlModFileReader/SCAN]: Found META-INF/neoforge.mods.toml mod of type null: /workspaces/server2holaa/servidor_minecraft/mods/journeymap-neoforge-1.21.1-6.0.0-beta.52.jar
[13Nov2025 07:43:42.030] [main/DEBUG] [net.neoforged.fml.loading.moddiscovery.ModFileParser/LOADING]: Considering mod file candidate /workspaces/server2holaa/servidor_minecraft/mods/journeymap-neoforge-1.21.1-6.0.0-beta.52.jar
[13Nov2025 07:43:42.031] [main/DEBUG] [net.neoforged.fml.loading.moddiscovery.ModFileInfo/LOADING]: Found valid mod file journeymap-neoforge-1.21.1-6.0.0-beta.52.jar with {journeymap} mods - versions {1.21.1-6.0.0-beta.52}
[13Nov2025 07:43:42.031] [main/INFO] [net.neoforged.fml.loading.moddiscovery.ModDiscoverer/SCAN]: Found mod file "journeymap-neoforge-1.21.1-6.0.0-beta.52.jar" [locator: {mods folder locator at /workspaces/server2holaa/servidor_minecraft/mods}, reader: mod manifest]
[13Nov2025 07:43:42.031] [main/DEBUG] [net.neoforged.fml.loading.moddiscovery.readers.JarModsDotTomlModFileReader/SCAN]: Found META-INF/neoforge.mods.toml mod of type null: /workspaces/server2holaa/servidor_minecraft/mods/Jupiter-2.2.2-neoforge.jar
[13Nov2025 07:43:42.031] [main/DEBUG] [net.neoforged.fml.loading.moddiscovery.ModFileParser/LOADING]: Considering mod file candidate /workspaces/server2holaa/servidor_minecraft/mods/Jupiter-2.2.2-neoforge.jar
[13Nov2025 07:43:42.032] [main/DEBUG] [net.neoforged.fml.loading.moddiscovery.ModFileInfo/LOADING]: Found valid mod file Jupiter-2.2.2-neoforge.jar with {jupiter} mods - versions {2.2.2}
[13Nov2025 07:43:42.033] [main/INFO] [net.neoforged.fml.loading.moddiscovery.ModDiscoverer/SCAN]: Found mod file "Jupiter-2.2.2-neoforge.jar" [locator: {mods folder locator at /workspaces/server2holaa/servidor_minecraft/mods}, reader: mod manifest]
[13Nov2025 07:43:42.033] [main/DEBUG] [net.neoforged.fml.loading.moddiscovery.readers.JarModsDotTomlModFileReader/SCAN]: Found META-INF/neoforge.mods.toml mod of type null: /workspaces/server2holaa/servidor_minecraft/mods/mss-1.3.5-1.21.jar
[13Nov2025 07:43:42.033] [main/DEBUG] [net.neoforged.fml.loading.moddiscovery.ModFileParser/LOADING]: Considering mod file candidate /workspaces/server2holaa/servidor_minecraft/mods/mss-1.3.5-1.21.jar
[13Nov2025 07:43:42.035] [main/DEBUG] [net.neoforged.fml.loading.moddiscovery.ModFileInfo/LOADING]: Found valid mod file mss-1.3.5-1.21.jar with {mss} mods - versions {1.3.5-1.21}
[13Nov2025 07:43:42.035] [main/INFO] [net.neoforged.fml.loading.moddiscovery.ModDiscoverer/SCAN]: Found mod file "mss-1.3.5-1.21.jar" [locator: {mods folder locator at /workspaces/server2holaa/servidor_minecraft/mods}, reader: mod manifest]
[13Nov2025 07:43:42.036] [main/DEBUG] [net.neoforged.fml.loading.moddiscovery.readers.JarModsDotTomlModFileReader/SCAN]: Found META-INF/neoforge.mods.toml mod of type null: /workspaces/server2holaa/servidor_minecraft/mods/MutantMonsters-v21.1.0-1.21.1-NeoForge.jar
[13Nov2025 07:43:42.036] [main/DEBUG] [net.neoforged.fml.loading.moddiscovery.ModFileParser/LOADING]: Considering mod file candidate /workspaces/server2holaa/servidor_minecraft/mods/MutantMonsters-v21.1.0-1.21.1-NeoForge.jar
[13Nov2025 07:43:42.037] [main/DEBUG] [net.neoforged.fml.loading.moddiscovery.ModFileInfo/LOADING]: Found valid mod file MutantMonsters-v21.1.0-1.21.1-NeoForge.jar with {mutantmonsters} mods - versions {21.1.0}
[13Nov2025 07:43:42.037] [main/INFO] [net.neoforged.fml.loading.moddiscovery.ModDiscoverer/SCAN]: Found mod file "MutantMonsters-v21.1.0-1.21.1-NeoForge.jar" [locator: {mods folder locator at /workspaces/server2holaa/servidor_minecraft/mods}, reader: mod manifest]
[13Nov2025 07:43:42.038] [main/DEBUG] [net.neoforged.fml.loading.moddiscovery.readers.JarModsDotTomlModFileReader/SCAN]: Found META-INF/neoforge.mods.toml mod of type null: /workspaces/server2holaa/servidor_minecraft/mods/mvs-4.3.0-1.21.jar
[13Nov2025 07:43:42.038] [main/DEBUG] [net.neoforged.fml.loading.moddiscovery.ModFileParser/LOADING]: Considering mod file candidate /workspaces/server2holaa/servidor_minecraft/mods/mvs-4.3.0-1.21.jar
[13Nov2025 07:43:42.039] [main/DEBUG] [net.neoforged.fml.loading.moddiscovery.ModFileInfo/LOADING]: Found valid mod file mvs-4.3.0-1.21.jar with {mvs} mods - versions {4.3.0-1.21}
[13Nov2025 07:43:42.039] [main/INFO] [net.neoforged.fml.loading.moddiscovery.ModDiscoverer/SCAN]: Found mod file "mvs-4.3.0-1.21.jar" [locator: {mods folder locator at /workspaces/server2holaa/servidor_minecraft/mods}, reader: mod manifest]
[13Nov2025 07:43:42.040] [main/DEBUG] [net.neoforged.fml.loading.moddiscovery.readers.JarModsDotTomlModFileReader/SCAN]: Found META-INF/neoforge.mods.toml mod of type null: /workspaces/server2holaa/servidor_minecraft/mods/naturallychargedcreepers-1.21.1-3.5.jar
[13Nov2025 07:43:42.040] [main/DEBUG] [net.neoforged.fml.loading.moddiscovery.ModFileParser/LOADING]: Considering mod file candidate /workspaces/server2holaa/servidor_minecraft/mods/naturallychargedcreepers-1.21.1-3.5.jar
[13Nov2025 07:43:42.042] [main/DEBUG] [net.neoforged.fml.loading.moddiscovery.ModFileInfo/LOADING]: Found valid mod file naturallychargedcreepers-1.21.1-3.5.jar with {naturallychargedcreepers} mods - versions {3.5}
[13Nov2025 07:43:42.042] [main/INFO] [net.neoforged.fml.loading.moddiscovery.ModDiscoverer/SCAN]: Found mod file "naturallychargedcreepers-1.21.1-3.5.jar" [locator: {mods folder locator at /workspaces/server2holaa/servidor_minecraft/mods}, reader: mod manifest]
[13Nov2025 07:43:42.043] [main/DEBUG] [net.neoforged.fml.loading.moddiscovery.readers.JarModsDotTomlModFileReader/SCAN]: Found META-INF/neoforge.mods.toml mod of type null: /workspaces/server2holaa/servidor_minecraft/mods/PlayerRevive_NEOFORGE_v2.0.36_mc1.21.1.jar
[13Nov2025 07:43:42.043] [main/DEBUG] [net.neoforged.fml.loading.moddiscovery.ModFileParser/LOADING]: Considering mod file candidate /workspaces/server2holaa/servidor_minecraft/mods/PlayerRevive_NEOFORGE_v2.0.36_mc1.21.1.jar
[13Nov2025 07:43:42.045] [main/DEBUG] [net.neoforged.fml.loading.moddiscovery.ModFileInfo/LOADING]: Found valid mod file PlayerRevive_NEOFORGE_v2.0.36_mc1.21.1.jar with {playerrevive} mods - versions {2.0.36}
[13Nov2025 07:43:42.045] [main/INFO] [net.neoforged.fml.loading.moddiscovery.ModDiscoverer/SCAN]: Found mod file "PlayerRevive_NEOFORGE_v2.0.36_mc1.21.1.jar" [locator: {mods folder locator at /workspaces/server2holaa/servidor_minecraft/mods}, reader: mod manifest]
[13Nov2025 07:43:42.046] [main/DEBUG] [net.neoforged.fml.loading.moddiscovery.readers.JarModsDotTomlModFileReader/SCAN]: Found META-INF/neoforge.mods.toml mod of type null: /workspaces/server2holaa/servidor_minecraft/mods/PuzzlesLib-v21.1.38-1.21.1-NeoForge.jar
[13Nov2025 07:43:42.046] [main/DEBUG] [net.neoforged.fml.loading.moddiscovery.ModFileParser/LOADING]: Considering mod file candidate /workspaces/server2holaa/servidor_minecraft/mods/PuzzlesLib-v21.1.38-1.21.1-NeoForge.jar
[13Nov2025 07:43:42.047] [main/DEBUG] [net.neoforged.fml.loading.moddiscovery.ModFileInfo/LOADING]: Found valid mod file PuzzlesLib-v21.1.38-1.21.1-NeoForge.jar with {puzzleslib} mods - versions {21.1.38}
[13Nov2025 07:43:42.048] [main/INFO] [net.neoforged.fml.loading.moddiscovery.ModDiscoverer/SCAN]: Found mod file "PuzzlesLib-v21.1.38-1.21.1-NeoForge.jar" [locator: {mods folder locator at /workspaces/server2holaa/servidor_minecraft/mods}, reader: mod manifest]
[13Nov2025 07:43:42.048] [main/DEBUG] [net.neoforged.fml.loading.moddiscovery.readers.JarModsDotTomlModFileReader/SCAN]: Found META-INF/neoforge.mods.toml mod of type null: /workspaces/server2holaa/servidor_minecraft/mods/Rainbows-1.21-1.5.jar
[13Nov2025 07:43:42.048] [main/DEBUG] [net.neoforged.fml.loading.moddiscovery.ModFileParser/LOADING]: Considering mod file candidate /workspaces/server2holaa/servidor_minecraft/mods/Rainbows-1.21-1.5.jar
[13Nov2025 07:43:42.050] [main/DEBUG] [net.neoforged.fml.loading.moddiscovery.ModFileInfo/LOADING]: Found valid mod file Rainbows-1.21-1.5.jar with {rainbows} mods - versions {1.5}
[13Nov2025 07:43:42.050] [main/INFO] [net.neoforged.fml.loading.moddiscovery.ModDiscoverer/SCAN]: Found mod file "Rainbows-1.21-1.5.jar" [locator: {mods folder locator at /workspaces/server2holaa/servidor_minecraft/mods}, reader: mod manifest]
[13Nov2025 07:43:42.054] [main/DEBUG] [net.neoforged.fml.loading.moddiscovery.readers.JarModsDotTomlModFileReader/SCAN]: Found META-INF/neoforge.mods.toml mod of type null: /workspaces/server2holaa/servidor_minecraft/mods/refurbished_furniture-neoforge-1.21.1-1.0.20.jar
[13Nov2025 07:43:42.054] [main/DEBUG] [net.neoforged.fml.loading.moddiscovery.ModFileParser/LOADING]: Considering mod file candidate /workspaces/server2holaa/servidor_minecraft/mods/refurbished_furniture-neoforge-1.21.1-1.0.20.jar
[13Nov2025 07:43:42.057] [main/DEBUG] [net.neoforged.fml.loading.moddiscovery.ModFileInfo/LOADING]: Found valid mod file refurbished_furniture-neoforge-1.21.1-1.0.20.jar with {refurbished_furniture} mods - versions {1.0.20}
[13Nov2025 07:43:42.057] [main/INFO] [net.neoforged.fml.loading.moddiscovery.ModDiscoverer/SCAN]: Found mod file "refurbished_furniture-neoforge-1.21.1-1.0.20.jar" [locator: {mods folder locator at /workspaces/server2holaa/servidor_minecraft/mods}, reader: mod manifest]
[13Nov2025 07:43:42.058] [main/DEBUG] [net.neoforged.fml.loading.moddiscovery.readers.JarModsDotTomlModFileReader/SCAN]: Found META-INF/neoforge.mods.toml mod of type null: /workspaces/server2holaa/servidor_minecraft/mods/SereneSeasons-neoforge-1.21.1-10.1.0.3.jar
[13Nov2025 07:43:42.058] [main/DEBUG] [net.neoforged.fml.loading.moddiscovery.ModFileParser/LOADING]: Considering mod file candidate /workspaces/server2holaa/servidor_minecraft/mods/SereneSeasons-neoforge-1.21.1-10.1.0.3.jar
[13Nov2025 07:43:42.059] [main/DEBUG] [net.neoforged.fml.loading.moddiscovery.ModFileInfo/LOADING]: Found valid mod file SereneSeasons-neoforge-1.21.1-10.1.0.3.jar with {sereneseasons} mods - versions {10.1.0.3}
[13Nov2025 07:43:42.059] [main/INFO] [net.neoforged.fml.loading.moddiscovery.ModDiscoverer/SCAN]: Found mod file "SereneSeasons-neoforge-1.21.1-10.1.0.3.jar" [locator: {mods folder locator at /workspaces/server2holaa/servidor_minecraft/mods}, reader: mod manifest]
[13Nov2025 07:43:42.060] [main/DEBUG] [net.neoforged.fml.loading.moddiscovery.readers.JarModsDotTomlModFileReader/SCAN]: Found META-INF/neoforge.mods.toml mod of type null: /workspaces/server2holaa/servidor_minecraft/mods/sleep-v.3.2.2.jar
[13Nov2025 07:43:42.060] [main/DEBUG] [net.neoforged.fml.loading.moddiscovery.ModFileParser/LOADING]: Considering mod file candidate /workspaces/server2holaa/servidor_minecraft/mods/sleep-v.3.2.2.jar
[13Nov2025 07:43:42.061] [main/DEBUG] [net.neoforged.fml.loading.moddiscovery.ModFileInfo/LOADING]: Found valid mod file sleep-v.3.2.2.jar with {mr_sleep} mods - versions {1-v.3.2.2}
[13Nov2025 07:43:42.061] [main/INFO] [net.neoforged.fml.loading.moddiscovery.ModDiscoverer/SCAN]: Found mod file "sleep-v.3.2.2.jar" [locator: {mods folder locator at /workspaces/server2holaa/servidor_minecraft/mods}, reader: mod manifest]
[13Nov2025 07:43:42.063] [main/DEBUG] [net.neoforged.fml.loading.moddiscovery.readers.JarModsDotTomlModFileReader/SCAN]: Found META-INF/neoforge.mods.toml mod of type null: /workspaces/server2holaa/servidor_minecraft/mods/tombstone-neoforge-1.21.1-9.4.8.jar
[13Nov2025 07:43:42.063] [main/DEBUG] [net.neoforged.fml.loading.moddiscovery.ModFileParser/LOADING]: Considering mod file candidate /workspaces/server2holaa/servidor_minecraft/mods/tombstone-neoforge-1.21.1-9.4.8.jar
[13Nov2025 07:43:42.064] [main/DEBUG] [net.neoforged.fml.loading.moddiscovery.ModFileInfo/LOADING]: Found valid mod file tombstone-neoforge-1.21.1-9.4.8.jar with {tombstone} mods - versions {9.4.8}
[13Nov2025 07:43:42.064] [main/INFO] [net.neoforged.fml.loading.moddiscovery.ModDiscoverer/SCAN]: Found mod file "tombstone-neoforge-1.21.1-9.4.8.jar" [locator: {mods folder locator at /workspaces/server2holaa/servidor_minecraft/mods}, reader: mod manifest]
[13Nov2025 07:43:42.065] [main/DEBUG] [net.neoforged.fml.loading.moddiscovery.readers.JarModsDotTomlModFileReader/SCAN]: Found META-INF/neoforge.mods.toml mod of type null: /workspaces/server2holaa/servidor_minecraft/mods/treeharvester-1.21.1-9.1.jar
[13Nov2025 07:43:42.065] [main/DEBUG] [net.neoforged.fml.loading.moddiscovery.ModFileParser/LOADING]: Considering mod file candidate /workspaces/server2holaa/servidor_minecraft/mods/treeharvester-1.21.1-9.1.jar
[13Nov2025 07:43:42.066] [main/DEBUG] [net.neoforged.fml.loading.moddiscovery.ModFileInfo/LOADING]: Found valid mod file treeharvester-1.21.1-9.1.jar with {treeharvester} mods - versions {9.1}
[13Nov2025 07:43:42.066] [main/INFO] [net.neoforged.fml.loading.moddiscovery.ModDiscoverer/SCAN]: Found mod file "treeharvester-1.21.1-9.1.jar" [locator: {mods folder locator at /workspaces/server2holaa/servidor_minecraft/mods}, reader: mod manifest]
[13Nov2025 07:43:42.071] [main/DEBUG] [net.neoforged.fml.loading.moddiscovery.readers.JarModsDotTomlModFileReader/SCAN]: Found META-INF/neoforge.mods.toml mod of type null: /workspaces/server2holaa/servidor_minecraft/mods/twilightforest-1.21.1-4.6.3003-universal.jar
[13Nov2025 07:43:42.071] [main/DEBUG] [net.neoforged.fml.loading.moddiscovery.ModFileParser/LOADING]: Considering mod file candidate /workspaces/server2holaa/servidor_minecraft/mods/twilightforest-1.21.1-4.6.3003-universal.jar
[13Nov2025 07:43:42.107] [main/DEBUG] [net.neoforged.fml.loading.moddiscovery.ModFileInfo/LOADING]: Found valid mod file twilightforest-1.21.1-4.6.3003-universal.jar with {twilightforest} mods - versions {4.6.3003}
[13Nov2025 07:43:42.108] [main/INFO] [net.neoforged.fml.loading.moddiscovery.ModDiscoverer/SCAN]: Found mod file "twilightforest-1.21.1-4.6.3003-universal.jar" [locator: {mods folder locator at /workspaces/server2holaa/servidor_minecraft/mods}, reader: mod manifest]
[13Nov2025 07:43:42.118] [main/DEBUG] [net.neoforged.fml.loading.moddiscovery.readers.JarModsDotTomlModFileReader/SCAN]: Found META-INF/neoforge.mods.toml mod of type null: /workspaces/server2holaa/servidor_minecraft/mods/u_team_core-neoforge-1.21.1-5.6.2.384.jar
[13Nov2025 07:43:42.119] [main/DEBUG] [net.neoforged.fml.loading.moddiscovery.ModFileParser/LOADING]: Considering mod file candidate /workspaces/server2holaa/servidor_minecraft/mods/u_team_core-neoforge-1.21.1-5.6.2.384.jar
[13Nov2025 07:43:42.120] [main/DEBUG] [net.neoforged.fml.loading.moddiscovery.ModFileInfo/LOADING]: Found valid mod file u_team_core-neoforge-1.21.1-5.6.2.384.jar with {uteamcore} mods - versions {5.6.2.384}
[13Nov2025 07:43:42.120] [main/INFO] [net.neoforged.fml.loading.moddiscovery.ModDiscoverer/SCAN]: Found mod file "u_team_core-neoforge-1.21.1-5.6.2.384.jar" [locator: {mods folder locator at /workspaces/server2holaa/servidor_minecraft/mods}, reader: mod manifest]
[13Nov2025 07:43:42.120] [main/DEBUG] [net.neoforged.fml.loading.moddiscovery.readers.JarModsDotTomlModFileReader/SCAN]: Found META-INF/neoforge.mods.toml mod of type null: /workspaces/server2holaa/servidor_minecraft/mods/uranus-2.4-1.21.1-neoforge.jar
[13Nov2025 07:43:42.121] [main/DEBUG] [net.neoforged.fml.loading.moddiscovery.ModFileParser/LOADING]: Considering mod file candidate /workspaces/server2holaa/servidor_minecraft/mods/uranus-2.4-1.21.1-neoforge.jar
[13Nov2025 07:43:42.122] [main/DEBUG] [net.neoforged.fml.loading.moddiscovery.ModFileInfo/LOADING]: Found valid mod file uranus-2.4-1.21.1-neoforge.jar with {uranus} mods - versions {2.4}
[13Nov2025 07:43:42.122] [main/INFO] [net.neoforged.fml.loading.moddiscovery.ModDiscoverer/SCAN]: Found mod file "uranus-2.4-1.21.1-neoforge.jar" [locator: {mods folder locator at /workspaces/server2holaa/servidor_minecraft/mods}, reader: mod manifest]
[13Nov2025 07:43:42.130] [main/DEBUG] [net.neoforged.fml.loading.moddiscovery.readers.JarModsDotTomlModFileReader/SCAN]: Found META-INF/neoforge.mods.toml mod of type null: /workspaces/server2holaa/servidor_minecraft/mods/useful_backpacks-neoforge-1.21.1-3.0.2.129.jar
[13Nov2025 07:43:42.130] [main/DEBUG] [net.neoforged.fml.loading.moddiscovery.ModFileParser/LOADING]: Considering mod file candidate /workspaces/server2holaa/servidor_minecraft/mods/useful_backpacks-neoforge-1.21.1-3.0.2.129.jar
[13Nov2025 07:43:42.131] [main/DEBUG] [net.neoforged.fml.loading.moddiscovery.ModFileInfo/LOADING]: Found valid mod file useful_backpacks-neoforge-1.21.1-3.0.2.129.jar with {usefulbackpacks} mods - versions {3.0.2.129}
[13Nov2025 07:43:42.131] [main/INFO] [net.neoforged.fml.loading.moddiscovery.ModDiscoverer/SCAN]: Found mod file "useful_backpacks-neoforge-1.21.1-3.0.2.129.jar" [locator: {mods folder locator at /workspaces/server2holaa/servidor_minecraft/mods}, reader: mod manifest]
[13Nov2025 07:43:42.131] [main/DEBUG] [net.neoforged.fml.loading.moddiscovery.ModDiscoverer/SCAN]: Locator {mods folder locator at /workspaces/server2holaa/servidor_minecraft/mods} found 41 mods, 0 warnings, 0 errors and skipped 0 candidates
[13Nov2025 07:43:42.131] [main/DEBUG] [net.neoforged.fml.loading.moddiscovery.ModDiscoverer/SCAN]: Trying locator maven libs
[13Nov2025 07:43:42.134] [main/DEBUG] [net.neoforged.fml.loading.moddiscovery.ModListHandler/CORE]: Found mod coordinates from lists: []
[13Nov2025 07:43:42.134] [main/DEBUG] [net.neoforged.fml.loading.moddiscovery.ModDiscoverer/SCAN]: Locator maven libs found 0 mods, 0 warnings, 0 errors and skipped 0 candidates
[13Nov2025 07:43:42.138] [main/DEBUG] [net.neoforged.fml.loading.moddiscovery.ModDiscoverer/SCAN]: Successfully Loaded 43 mods. Attempting to load dependencies...
[13Nov2025 07:43:42.138] [main/DEBUG] [net.neoforged.fml.loading.moddiscovery.ModDiscoverer/SCAN]: Trying locator jarinjar
[13Nov2025 07:43:42.141] [main/TRACE] [net.neoforged.fml.loading.moddiscovery.locators.JarInJarDependencyLocator/]: Failed to load resource META-INF/jarjar/metadata.json from server-1.21.1-20240808.144430-srg.jar, it does not contain dependency information.
[13Nov2025 07:43:42.141] [main/TRACE] [net.neoforged.fml.loading.moddiscovery.locators.JarInJarDependencyLocator/]: Failed to load resource META-INF/jarjar/metadata.json from useful_backpacks-neoforge-1.21.1-3.0.2.129.jar, it does not contain dependency information.
[13Nov2025 07:43:42.142] [main/TRACE] [net.neoforged.fml.loading.moddiscovery.locators.JarInJarDependencyLocator/]: Failed to load resource META-INF/jarjar/metadata.json from bossesrise-1.21.1-neoforge-1.0.9.jar, it does not contain dependency information.
[13Nov2025 07:43:42.142] [main/TRACE] [net.neoforged.fml.loading.moddiscovery.locators.JarInJarDependencyLocator/]: Failed to load resource META-INF/jarjar/metadata.json from MutantMonsters-v21.1.0-1.21.1-NeoForge.jar, it does not contain dependency information.
[13Nov2025 07:43:42.142] [main/TRACE] [net.neoforged.fml.loading.moddiscovery.locators.JarInJarDependencyLocator/]: Failed to load resource META-INF/jarjar/metadata.json from Jupiter-2.2.2-neoforge.jar, it does not contain dependency information.
[13Nov2025 07:43:42.142] [main/TRACE] [net.neoforged.fml.loading.moddiscovery.locators.JarInJarDependencyLocator/]: Failed to load resource META-INF/jarjar/metadata.json from geckolib-neoforge-1.21.1-4.8.2.jar, it does not contain dependency information.
[13Nov2025 07:43:42.142] [main/TRACE] [net.neoforged.fml.loading.moddiscovery.locators.JarInJarDependencyLocator/]: Failed to load resource META-INF/jarjar/metadata.json from mss-1.3.5-1.21.jar, it does not contain dependency information.
[13Nov2025 07:43:42.142] [main/TRACE] [net.neoforged.fml.loading.moddiscovery.locators.JarInJarDependencyLocator/]: Failed to load resource META-INF/jarjar/metadata.json from CreativeCore_NEOFORGE_v2.13.13_mc1.21.1.jar, it does not contain dependency information.
[13Nov2025 07:43:42.142] [main/TRACE] [net.neoforged.fml.loading.moddiscovery.locators.JarInJarDependencyLocator/]: Failed to load resource META-INF/jarjar/metadata.json from treeharvester-1.21.1-9.1.jar, it does not contain dependency information.
[13Nov2025 07:43:42.142] [main/TRACE] [net.neoforged.fml.loading.moddiscovery.locators.JarInJarDependencyLocator/]: Failed to load resource META-INF/jarjar/metadata.json from him-2.0.2-neoforge-1.21.1.jar, it does not contain dependency information.
[13Nov2025 07:43:42.142] [main/TRACE] [net.neoforged.fml.loading.moddiscovery.locators.JarInJarDependencyLocator/]: Failed to load resource META-INF/jarjar/metadata.json from jei-1.21.1-neoforge-19.25.0.321.jar, it does not contain dependency information.
[13Nov2025 07:43:42.143] [main/TRACE] [net.neoforged.fml.loading.moddiscovery.locators.JarInJarDependencyLocator/]: Failed to load resource META-INF/jarjar/metadata.json from ForgeConfigAPIPort-v21.1.4-1.21.1-NeoForge.jar, it does not contain dependency information.
[13Nov2025 07:43:42.143] [main/TRACE] [net.neoforged.fml.loading.moddiscovery.locators.JarInJarDependencyLocator/]: Failed to load resource META-INF/jarjar/metadata.json from dynamiclights-v1.9-mc1.17-1.21.9-mod.jar, it does not contain dependency information.
[13Nov2025 07:43:42.143] [main/TRACE] [net.neoforged.fml.loading.moddiscovery.locators.JarInJarDependencyLocator/]: Failed to load resource META-INF/jarjar/metadata.json from Rainbows-1.21-1.5.jar, it does not contain dependency information.
[13Nov2025 07:43:42.143] [main/TRACE] [net.neoforged.fml.loading.moddiscovery.locators.JarInJarDependencyLocator/]: Failed to load resource META-INF/jarjar/metadata.json from curios-neoforge-9.5.1+1.21.1.jar, it does not contain dependency information.
[13Nov2025 07:43:42.143] [main/TRACE] [net.neoforged.fml.loading.moddiscovery.locators.JarInJarDependencyLocator/]: Failed to load resource META-INF/jarjar/metadata.json from choccos_mobs-0.1.3-neoforge-1.21.1.jar, it does not contain dependency information.
[13Nov2025 07:43:42.143] [main/TRACE] [net.neoforged.fml.loading.moddiscovery.locators.JarInJarDependencyLocator/]: Failed to load resource META-INF/jarjar/metadata.json from naturallychargedcreepers-1.21.1-3.5.jar, it does not contain dependency information.
[13Nov2025 07:43:42.143] [main/TRACE] [net.neoforged.fml.loading.moddiscovery.locators.JarInJarDependencyLocator/]: Failed to load resource META-INF/jarjar/metadata.json from collective-1.21.1-8.11.jar, it does not contain dependency information.
[13Nov2025 07:43:42.176] [main/TRACE] [net.neoforged.fml.loading.moddiscovery.locators.JarInJarDependencyLocator/]: Failed to load resource META-INF/jarjar/metadata.json from [1.21.1] SecurityCraft v1.10.jar, it does not contain dependency information.
[13Nov2025 07:43:42.176] [main/TRACE] [net.neoforged.fml.loading.moddiscovery.locators.JarInJarDependencyLocator/]: Failed to load resource META-INF/jarjar/metadata.json from SereneSeasons-neoforge-1.21.1-10.1.0.3.jar, it does not contain dependency information.
[13Nov2025 07:43:42.176] [main/TRACE] [net.neoforged.fml.loading.moddiscovery.locators.JarInJarDependencyLocator/]: Failed to load resource META-INF/jarjar/metadata.json from elevatorid-neoforge-1.21.1-1.11.4.jar, it does not contain dependency information.
[13Nov2025 07:43:42.176] [main/TRACE] [net.neoforged.fml.loading.moddiscovery.locators.JarInJarDependencyLocator/]: Failed to load resource META-INF/jarjar/metadata.json from tombstone-neoforge-1.21.1-9.4.8.jar, it does not contain dependency information.
[13Nov2025 07:43:42.177] [main/TRACE] [net.neoforged.fml.loading.moddiscovery.locators.JarInJarDependencyLocator/]: Failed to load resource META-INF/jarjar/metadata.json from GlitchCore-neoforge-1.21.1-2.1.0.0.jar, it does not contain dependency information.
[13Nov2025 07:43:42.177] [main/TRACE] [net.neoforged.fml.loading.moddiscovery.locators.JarInJarDependencyLocator/]: Failed to load resource META-INF/jarjar/metadata.json from mvs-4.3.0-1.21.jar, it does not contain dependency information.
[13Nov2025 07:43:42.177] [main/TRACE] [net.neoforged.fml.loading.moddiscovery.locators.JarInJarDependencyLocator/]: Failed to load resource META-INF/jarjar/metadata.json from architectury-13.0.8-neoforge.jar, it does not contain dependency information.
[13Nov2025 07:43:42.177] [main/TRACE] [net.neoforged.fml.loading.moddiscovery.locators.JarInJarDependencyLocator/]: Failed to load resource META-INF/jarjar/metadata.json from appleskin-neoforge-mc1.21-3.0.7.jar, it does not contain dependency information.
[13Nov2025 07:43:42.177] [main/TRACE] [net.neoforged.fml.loading.moddiscovery.locators.JarInJarDependencyLocator/]: Failed to load resource META-INF/jarjar/metadata.json from refurbished_furniture-neoforge-1.21.1-1.0.20.jar, it does not contain dependency information.
[13Nov2025 07:43:42.177] [main/TRACE] [net.neoforged.fml.loading.moddiscovery.locators.JarInJarDependencyLocator/]: Failed to load resource META-INF/jarjar/metadata.json from PuzzlesLib-v21.1.38-1.21.1-NeoForge.jar, it does not contain dependency information.
[13Nov2025 07:43:42.178] [main/TRACE] [net.neoforged.fml.loading.moddiscovery.locators.JarInJarDependencyLocator/]: Failed to load resource META-INF/jarjar/metadata.json from framework-neoforge-1.21.1-0.9.6.jar, it does not contain dependency information.
[13Nov2025 07:43:42.178] [main/TRACE] [net.neoforged.fml.loading.moddiscovery.locators.JarInJarDependencyLocator/]: Failed to load resource META-INF/jarjar/metadata.json from cloth-config-15.0.140-neoforge.jar, it does not contain dependency information.
[13Nov2025 07:43:42.178] [main/TRACE] [net.neoforged.fml.loading.moddiscovery.locators.JarInJarDependencyLocator/]: Failed to load resource META-INF/jarjar/metadata.json from sleep-v.3.2.2.jar, it does not contain dependency information.
[13Nov2025 07:43:42.178] [main/TRACE] [net.neoforged.fml.loading.moddiscovery.locators.JarInJarDependencyLocator/]: Failed to load resource META-INF/jarjar/metadata.json from expandability-12.0.0.jar, it does not contain dependency information.
[13Nov2025 07:43:42.178] [main/TRACE] [net.neoforged.fml.loading.moddiscovery.locators.JarInJarDependencyLocator/]: Failed to load resource META-INF/jarjar/metadata.json from PlayerRevive_NEOFORGE_v2.0.36_mc1.21.1.jar, it does not contain dependency information.
[13Nov2025 07:43:42.178] [main/TRACE] [net.neoforged.fml.loading.moddiscovery.locators.JarInJarDependencyLocator/]: Failed to load resource META-INF/jarjar/metadata.json from ExtraGems-1.21-(v.3.0.5-NEO).jar, it does not contain dependency information.
[13Nov2025 07:43:42.178] [main/TRACE] [net.neoforged.fml.loading.moddiscovery.locators.JarInJarDependencyLocator/]: Failed to load resource META-INF/jarjar/metadata.json from DungeonsArise-1.21.x-2.1.64-release.jar, it does not contain dependency information.
[13Nov2025 07:43:42.241] [main/DEBUG] [net.neoforged.fml.loading.moddiscovery.readers.JarModsDotTomlModFileReader/SCAN]: Found META-INF/neoforge.mods.toml mod of type null: 
[13Nov2025 07:43:42.241] [main/DEBUG] [net.neoforged.fml.loading.moddiscovery.ModFileParser/LOADING]: Considering mod file candidate 
[13Nov2025 07:43:42.242] [main/DEBUG] [net.neoforged.fml.loading.moddiscovery.ModFileInfo/LOADING]: Found valid mod file architectury-neoforge-13.0.8.jar with {architectury} mods - versions {13.0.8}
[13Nov2025 07:43:42.256] [main/DEBUG] [net.neoforged.fml.loading.moddiscovery.readers.JarModsDotTomlModFileReader/SCAN]: Found META-INF/MANIFEST.MF mod of type GAMELIBRARY: 
[13Nov2025 07:43:42.259] [main/DEBUG] [net.neoforged.fml.loading.moddiscovery.readers.JarModsDotTomlModFileReader/SCAN]: Found META-INF/MANIFEST.MF mod of type LIBRARY: 
[13Nov2025 07:43:42.261] [main/DEBUG] [net.neoforged.fml.loading.moddiscovery.readers.JarModsDotTomlModFileReader/SCAN]: Found META-INF/neoforge.mods.toml mod of type null: 
[13Nov2025 07:43:42.261] [main/DEBUG] [net.neoforged.fml.loading.moddiscovery.ModFileParser/LOADING]: Considering mod file candidate 
[13Nov2025 07:43:42.263] [main/DEBUG] [net.neoforged.fml.loading.moddiscovery.ModFileInfo/LOADING]: Found valid mod file expandability-neoforge-12.0.0.jar with {expandability} mods - versions {12.0.0}
[13Nov2025 07:43:42.265] [main/DEBUG] [net.neoforged.fml.loading.moddiscovery.readers.JarModsDotTomlModFileReader/SCAN]: Found META-INF/MANIFEST.MF mod of type LIBRARY: 
[13Nov2025 07:43:42.266] [main/DEBUG] [net.neoforged.fml.loading.moddiscovery.readers.JarModsDotTomlModFileReader/SCAN]: Found META-INF/neoforge.mods.toml mod of type null: 
[13Nov2025 07:43:42.267] [main/DEBUG] [net.neoforged.fml.loading.moddiscovery.ModFileParser/LOADING]: Considering mod file candidate 
[13Nov2025 07:43:42.268] [main/DEBUG] [net.neoforged.fml.loading.moddiscovery.ModFileInfo/LOADING]: Found valid mod file integration-neoforge-0.2.jar with {integration} mods - versions {0.2}
[13Nov2025 07:43:42.488] [main/DEBUG] [net.neoforged.fml.loading.moddiscovery.readers.JarModsDotTomlModFileReader/SCAN]: Found META-INF/neoforge.mods.toml mod of type null: 
[13Nov2025 07:43:42.489] [main/DEBUG] [net.neoforged.fml.loading.moddiscovery.ModFileParser/LOADING]: Considering mod file candidate 
[13Nov2025 07:43:42.490] [main/DEBUG] [net.neoforged.fml.loading.moddiscovery.ModFileInfo/LOADING]: Found valid mod file c2me-opts-dfc-mc1.21.1-0.3.0+alpha.0.82.jar with {c2me_opts_dfc} mods - versions {0.3.0+alpha.0.82+1.21.1}
[13Nov2025 07:43:42.538] [main/DEBUG] [net.neoforged.fml.loading.moddiscovery.readers.JarModsDotTomlModFileReader/SCAN]: Found META-INF/neoforge.mods.toml mod of type null: 
[13Nov2025 07:43:42.538] [main/DEBUG] [net.neoforged.fml.loading.moddiscovery.ModFileParser/LOADING]: Considering mod file candidate 
[13Nov2025 07:43:42.539] [main/DEBUG] [net.neoforged.fml.loading.moddiscovery.ModFileInfo/LOADING]: Found valid mod file c2me-notickvd-mc1.21.1-0.3.0+alpha.0.82.jar with {c2me_notickvd} mods - versions {0.3.0+alpha.0.82+1.21.1}
[13Nov2025 07:43:42.560] [main/DEBUG] [net.neoforged.fml.loading.moddiscovery.readers.JarModsDotTomlModFileReader/SCAN]: Found META-INF/neoforge.mods.toml mod of type null: 
[13Nov2025 07:43:42.560] [main/DEBUG] [net.neoforged.fml.loading.moddiscovery.ModFileParser/LOADING]: Considering mod file candidate 
[13Nov2025 07:43:42.561] [main/DEBUG] [net.neoforged.fml.loading.moddiscovery.ModFileInfo/LOADING]: Found valid mod file c2me-opts-worldgen-vanilla-mc1.21.1-0.3.0+alpha.0.82.jar with {c2me_opts_worldgen_vanilla} mods - versions {0.3.0+alpha.0.82+1.21.1}
[13Nov2025 07:43:42.562] [main/DEBUG] [net.neoforged.fml.loading.moddiscovery.readers.JarModsDotTomlModFileReader/SCAN]: Found META-INF/neoforge.mods.toml mod of type null: 
[13Nov2025 07:43:42.563] [main/DEBUG] [net.neoforged.fml.loading.moddiscovery.ModFileParser/LOADING]: Considering mod file candidate 
[13Nov2025 07:43:42.563] [main/DEBUG] [net.neoforged.fml.loading.moddiscovery.ModFileInfo/LOADING]: Found valid mod file c2me-fixes-chunkio-threading-issues-mc1.21.1-0.3.0+alpha.0.82.jar with {c2me_fixes_chunkio_threading_issues} mods - versions {0.3.0+alpha.0.82+1.21.1}
[13Nov2025 07:43:42.565] [main/DEBUG] [net.neoforged.fml.loading.moddiscovery.readers.JarModsDotTomlModFileReader/SCAN]: Found META-INF/MANIFEST.MF mod of type GAMELIBRARY: 
[13Nov2025 07:43:42.566] [main/DEBUG] [net.neoforged.fml.loading.moddiscovery.readers.JarModsDotTomlModFileReader/SCAN]: Found META-INF/neoforge.mods.toml mod of type null: 
[13Nov2025 07:43:42.567] [main/DEBUG] [net.neoforged.fml.loading.moddiscovery.ModFileParser/LOADING]: Considering mod file candidate 
[13Nov2025 07:43:42.567] [main/DEBUG] [net.neoforged.fml.loading.moddiscovery.ModFileInfo/LOADING]: Found valid mod file c2me-fixes-worldgen-vanilla-bugs-mc1.21.1-0.3.0+alpha.0.82.jar with {c2me_fixes_worldgen_vanilla_bugs} mods - versions {0.3.0+alpha.0.82+1.21.1}
[13Nov2025 07:43:42.579] [main/DEBUG] [net.neoforged.fml.loading.moddiscovery.readers.JarModsDotTomlModFileReader/SCAN]: Found META-INF/neoforge.mods.toml mod of type null: 
[13Nov2025 07:43:42.580] [main/DEBUG] [net.neoforged.fml.loading.moddiscovery.ModFileParser/LOADING]: Considering mod file candidate 
[13Nov2025 07:43:42.581] [main/DEBUG] [net.neoforged.fml.loading.moddiscovery.ModFileInfo/LOADING]: Found valid mod file c2me-opts-natives-math-mc1.21.1-0.3.0+alpha.0.82.jar with {c2me_opts_natives_math} mods - versions {0.3.0+alpha.0.82+1.21.1}
[13Nov2025 07:43:42.585] [main/DEBUG] [net.neoforged.fml.loading.moddiscovery.readers.JarModsDotTomlModFileReader/SCAN]: Found META-INF/neoforge.mods.toml mod of type null: 
[13Nov2025 07:43:42.585] [main/DEBUG] [net.neoforged.fml.loading.moddiscovery.ModFileParser/LOADING]: Considering mod file candidate 
[13Nov2025 07:43:42.586] [main/DEBUG] [net.neoforged.fml.loading.moddiscovery.ModFileInfo/LOADING]: Found valid mod file c2me-base-mc1.21.1-0.3.0+alpha.0.82-all.jar with {c2me_base} mods - versions {0.3.0+alpha.0.82+1.21.1}
[13Nov2025 07:43:42.587] [main/DEBUG] [net.neoforged.fml.loading.moddiscovery.readers.JarModsDotTomlModFileReader/SCAN]: Found META-INF/neoforge.mods.toml mod of type null: 
[13Nov2025 07:43:42.587] [main/DEBUG] [net.neoforged.fml.loading.moddiscovery.ModFileParser/LOADING]: Considering mod file candidate 
[13Nov2025 07:43:42.588] [main/DEBUG] [net.neoforged.fml.loading.moddiscovery.ModFileInfo/LOADING]: Found valid mod file c2me-opts-allocs-mc1.21.1-0.3.0+alpha.0.82.jar with {c2me_opts_allocs} mods - versions {0.3.0+alpha.0.82+1.21.1}
[13Nov2025 07:43:42.589] [main/DEBUG] [net.neoforged.fml.loading.moddiscovery.readers.JarModsDotTomlModFileReader/SCAN]: Found META-INF/neoforge.mods.toml mod of type null: 
[13Nov2025 07:43:42.589] [main/DEBUG] [net.neoforged.fml.loading.moddiscovery.ModFileParser/LOADING]: Considering mod file candidate 
[13Nov2025 07:43:42.590] [main/DEBUG] [net.neoforged.fml.loading.moddiscovery.ModFileInfo/LOADING]: Found valid mod file c2me-opts-worldgen-general-mc1.21.1-0.3.0+alpha.0.82.jar with {c2me_opts_worldgen_general} mods - versions {0.3.0+alpha.0.82+1.21.1}
[13Nov2025 07:43:42.591] [main/DEBUG] [net.neoforged.fml.loading.moddiscovery.readers.JarModsDotTomlModFileReader/SCAN]: Found META-INF/neoforge.mods.toml mod of type null: 
[13Nov2025 07:43:42.591] [main/DEBUG] [net.neoforged.fml.loading.moddiscovery.ModFileParser/LOADING]: Considering mod file candidate 
[13Nov2025 07:43:42.592] [main/DEBUG] [net.neoforged.fml.loading.moddiscovery.ModFileInfo/LOADING]: Found valid mod file c2me-fixes-worldgen-threading-issues-mc1.21.1-0.3.0+alpha.0.82.jar with {c2me_fixes_worldgen_threading_issues} mods - versions {0.3.0+alpha.0.82+1.21.1}
[13Nov2025 07:43:42.593] [main/DEBUG] [net.neoforged.fml.loading.moddiscovery.readers.JarModsDotTomlModFileReader/SCAN]: Found META-INF/neoforge.mods.toml mod of type null: 
[13Nov2025 07:43:42.593] [main/DEBUG] [net.neoforged.fml.loading.moddiscovery.ModFileParser/LOADING]: Considering mod file candidate 
[13Nov2025 07:43:42.594] [main/DEBUG] [net.neoforged.fml.loading.moddiscovery.ModFileInfo/LOADING]: Found valid mod file c2me-server-utils-mc1.21.1-0.3.0+alpha.0.82.jar with {c2me_server_utils} mods - versions {0.3.0+alpha.0.82+1.21.1}
[13Nov2025 07:43:42.595] [main/DEBUG] [net.neoforged.fml.loading.moddiscovery.readers.JarModsDotTomlModFileReader/SCAN]: Found META-INF/neoforge.mods.toml mod of type null: 
[13Nov2025 07:43:42.595] [main/DEBUG] [net.neoforged.fml.loading.moddiscovery.ModFileParser/LOADING]: Considering mod file candidate 
[13Nov2025 07:43:42.596] [main/DEBUG] [net.neoforged.fml.loading.moddiscovery.ModFileInfo/LOADING]: Found valid mod file c2me-rewrites-chunkio-mc1.21.1-0.3.0+alpha.0.82.jar with {c2me_rewrites_chunkio} mods - versions {0.3.0+alpha.0.82+1.21.1}
[13Nov2025 07:43:42.597] [main/DEBUG] [net.neoforged.fml.loading.moddiscovery.readers.JarModsDotTomlModFileReader/SCAN]: Found META-INF/neoforge.mods.toml mod of type null: 
[13Nov2025 07:43:42.597] [main/DEBUG] [net.neoforged.fml.loading.moddiscovery.ModFileParser/LOADING]: Considering mod file candidate 
[13Nov2025 07:43:42.598] [main/DEBUG] [net.neoforged.fml.loading.moddiscovery.ModFileInfo/LOADING]: Found valid mod file c2me-fixes-general-threading-issues-mc1.21.1-0.3.0+alpha.0.82.jar with {c2me_fixes_general_threading_issues} mods - versions {0.3.0+alpha.0.82+1.21.1}
[13Nov2025 07:43:42.599] [main/DEBUG] [net.neoforged.fml.loading.moddiscovery.readers.JarModsDotTomlModFileReader/SCAN]: Found META-INF/neoforge.mods.toml mod of type null: 
[13Nov2025 07:43:42.599] [main/DEBUG] [net.neoforged.fml.loading.moddiscovery.ModFileParser/LOADING]: Considering mod file candidate 
[13Nov2025 07:43:42.600] [main/DEBUG] [net.neoforged.fml.loading.moddiscovery.ModFileInfo/LOADING]: Found valid mod file c2me-rewrites-chunk-serializer-mc1.21.1-0.3.0+alpha.0.82.jar with {c2me_rewrites_chunk_serializer} mods - versions {0.3.0+alpha.0.82+1.21.1}
[13Nov2025 07:43:42.603] [main/DEBUG] [net.neoforged.fml.loading.moddiscovery.readers.JarModsDotTomlModFileReader/SCAN]: Found META-INF/neoforge.mods.toml mod of type null: 
[13Nov2025 07:43:42.603] [main/DEBUG] [net.neoforged.fml.loading.moddiscovery.ModFileParser/LOADING]: Considering mod file candidate 
[13Nov2025 07:43:42.604] [main/DEBUG] [net.neoforged.fml.loading.moddiscovery.ModFileInfo/LOADING]: Found valid mod file c2me-client-uncapvd-mc1.21.1-0.3.0+alpha.0.82.jar with {c2me_client_uncapvd} mods - versions {0.3.0+alpha.0.82+1.21.1}
[13Nov2025 07:43:42.613] [main/DEBUG] [net.neoforged.fml.loading.moddiscovery.readers.JarModsDotTomlModFileReader/SCAN]: Found META-INF/neoforge.mods.toml mod of type null: 
[13Nov2025 07:43:42.613] [main/DEBUG] [net.neoforged.fml.loading.moddiscovery.ModFileParser/LOADING]: Considering mod file candidate 
[13Nov2025 07:43:42.614] [main/DEBUG] [net.neoforged.fml.loading.moddiscovery.ModFileInfo/LOADING]: Found valid mod file c2me-threading-lighting-mc1.21.1-0.3.0+alpha.0.82.jar with {c2me_threading_lighting} mods - versions {0.3.0+alpha.0.82+1.21.1}
[13Nov2025 07:43:42.615] [main/DEBUG] [net.neoforged.fml.loading.moddiscovery.readers.JarModsDotTomlModFileReader/SCAN]: Found META-INF/neoforge.mods.toml mod of type null: 
[13Nov2025 07:43:42.615] [main/DEBUG] [net.neoforged.fml.loading.moddiscovery.ModFileParser/LOADING]: Considering mod file candidate 
[13Nov2025 07:43:42.615] [main/DEBUG] [net.neoforged.fml.loading.moddiscovery.ModFileInfo/LOADING]: Found valid mod file c2me-opts-math-mc1.21.1-0.3.0+alpha.0.82.jar with {c2me_opts_math} mods - versions {0.3.0+alpha.0.82+1.21.1}
[13Nov2025 07:43:42.617] [main/DEBUG] [net.neoforged.fml.loading.moddiscovery.readers.JarModsDotTomlModFileReader/SCAN]: Found META-INF/neoforge.mods.toml mod of type null: 
[13Nov2025 07:43:42.617] [main/DEBUG] [net.neoforged.fml.loading.moddiscovery.ModFileParser/LOADING]: Considering mod file candidate 
[13Nov2025 07:43:42.617] [main/DEBUG] [net.neoforged.fml.loading.moddiscovery.ModFileInfo/LOADING]: Found valid mod file c2me-opts-scheduling-mc1.21.1-0.3.0+alpha.0.82.jar with {c2me_opts_scheduling} mods - versions {0.3.0+alpha.0.82+1.21.1}
[13Nov2025 07:43:42.620] [main/DEBUG] [net.neoforged.fml.loading.moddiscovery.readers.JarModsDotTomlModFileReader/SCAN]: Found META-INF/neoforge.mods.toml mod of type null: 
[13Nov2025 07:43:42.620] [main/DEBUG] [net.neoforged.fml.loading.moddiscovery.ModFileParser/LOADING]: Considering mod file candidate 
[13Nov2025 07:43:42.621] [main/DEBUG] [net.neoforged.fml.loading.moddiscovery.ModFileInfo/LOADING]: Found valid mod file c2me-rewrites-chunk-system-mc1.21.1-0.3.0+alpha.0.82.jar with {c2me_rewrites_chunk_system} mods - versions {0.3.0+alpha.0.82+1.21.1}
[13Nov2025 07:43:42.622] [main/DEBUG] [net.neoforged.fml.loading.moddiscovery.readers.JarModsDotTomlModFileReader/SCAN]: Found META-INF/neoforge.mods.toml mod of type null: 
[13Nov2025 07:43:42.622] [main/DEBUG] [net.neoforged.fml.loading.moddiscovery.ModFileParser/LOADING]: Considering mod file candidate 
[13Nov2025 07:43:42.623] [main/DEBUG] [net.neoforged.fml.loading.moddiscovery.ModFileInfo/LOADING]: Found valid mod file c2me-opts-chunkio-mc1.21.1-0.3.0+alpha.0.82.jar with {c2me_opts_chunkio} mods - versions {0.3.0+alpha.0.82+1.21.1}
[13Nov2025 07:43:42.686] [main/DEBUG] [net.neoforged.fml.loading.moddiscovery.readers.JarModsDotTomlModFileReader/SCAN]: Found META-INF/neoforge.mods.toml mod of type null: 
[13Nov2025 07:43:42.686] [main/DEBUG] [net.neoforged.fml.loading.moddiscovery.ModFileParser/LOADING]: Considering mod file candidate 
[13Nov2025 07:43:42.688] [main/DEBUG] [net.neoforged.fml.loading.moddiscovery.ModFileInfo/LOADING]: Found valid mod file journeymap-api-neoforge-2.0.0-1.21.1-SNAPSHOT.jar with {journeymap_api} mods - versions {2.0.0}
[13Nov2025 07:43:42.690] [main/DEBUG] [net.neoforged.fml.loading.moddiscovery.readers.JarModsDotTomlModFileReader/SCAN]: Found META-INF/neoforge.mods.toml mod of type null: 
[13Nov2025 07:43:42.690] [main/DEBUG] [net.neoforged.fml.loading.moddiscovery.ModFileParser/LOADING]: Considering mod file candidate 
[13Nov2025 07:43:42.691] [main/DEBUG] [net.neoforged.fml.loading.moddiscovery.ModFileInfo/LOADING]: Found valid mod file common-networking-neoforge-1.0.18-1.21.1.jar with {commonnetworking} mods - versions {1.0.18-1.21.1}
[13Nov2025 07:43:42.699] [main/DEBUG] [net.neoforged.fml.loading.moddiscovery.readers.JarModsDotTomlModFileReader/SCAN]: Found META-INF/MANIFEST.MF mod of type LIBRARY: 
[13Nov2025 07:43:42.699] [main/TRACE] [net.neoforged.fml.loading.moddiscovery.locators.JarInJarDependencyLocator/]: Failed to load resource META-INF/jarjar/metadata.json from architectury-neoforge-13.0.8.jar, it does not contain dependency information.
[13Nov2025 07:43:42.699] [main/TRACE] [net.neoforged.fml.loading.moddiscovery.locators.JarInJarDependencyLocator/]: Failed to load resource META-INF/jarjar/metadata.json from mixinextras-neoforge-0.5.0.jar, it does not contain dependency information.
[13Nov2025 07:43:42.700] [main/TRACE] [net.neoforged.fml.loading.moddiscovery.locators.JarInJarDependencyLocator/]: Failed to load resource META-INF/jarjar/metadata.json from net.neoforged.neoforge-coremods-21.1.206.jar, it does not contain dependency information.
[13Nov2025 07:43:42.700] [main/TRACE] [net.neoforged.fml.loading.moddiscovery.locators.JarInJarDependencyLocator/]: Failed to load resource META-INF/jarjar/metadata.json from expandability-neoforge-12.0.0.jar, it does not contain dependency information.
[13Nov2025 07:43:42.700] [main/TRACE] [net.neoforged.fml.loading.moddiscovery.locators.JarInJarDependencyLocator/]: Failed to load resource META-INF/jarjar/metadata.json from s.tf-asm-4.6.3003.jar, it does not contain dependency information.
[13Nov2025 07:43:42.700] [main/TRACE] [net.neoforged.fml.loading.moddiscovery.locators.JarInJarDependencyLocator/]: Failed to load resource META-INF/jarjar/metadata.json from integration-neoforge-0.2.jar, it does not contain dependency information.
[13Nov2025 07:43:42.700] [main/TRACE] [net.neoforged.fml.loading.moddiscovery.locators.JarInJarDependencyLocator/]: Failed to load resource META-INF/jarjar/metadata.json from rxjava-3.1.12.jar, it does not contain dependency information.
[13Nov2025 07:43:42.700] [main/TRACE] [net.neoforged.fml.loading.moddiscovery.locators.JarInJarDependencyLocator/]: Failed to load resource META-INF/jarjar/metadata.json from c2me-opts-dfc-mc1.21.1-0.3.0+alpha.0.82.jar, it does not contain dependency information.
[13Nov2025 07:43:42.700] [main/TRACE] [net.neoforged.fml.loading.moddiscovery.locators.JarInJarDependencyLocator/]: Failed to load resource META-INF/jarjar/metadata.json from c2me-notickvd-mc1.21.1-0.3.0+alpha.0.82.jar, it does not contain dependency information.
[13Nov2025 07:43:42.700] [main/TRACE] [net.neoforged.fml.loading.moddiscovery.locators.JarInJarDependencyLocator/]: Failed to load resource META-INF/jarjar/metadata.json from reactive-streams-1.0.4.jar, it does not contain dependency information.
[13Nov2025 07:43:42.701] [main/TRACE] [net.neoforged.fml.loading.moddiscovery.locators.JarInJarDependencyLocator/]: Failed to load resource META-INF/jarjar/metadata.json from c2me-opts-worldgen-vanilla-mc1.21.1-0.3.0+alpha.0.82.jar, it does not contain dependency information.
[13Nov2025 07:43:42.701] [main/TRACE] [net.neoforged.fml.loading.moddiscovery.locators.JarInJarDependencyLocator/]: Failed to load resource META-INF/jarjar/metadata.json from c2me-fixes-chunkio-threading-issues-mc1.21.1-0.3.0+alpha.0.82.jar, it does not contain dependency information.
[13Nov2025 07:43:42.714] [main/TRACE] [net.neoforged.fml.loading.moddiscovery.locators.JarInJarDependencyLocator/]: Failed to load resource META-INF/jarjar/metadata.json from c2me-fixes-worldgen-vanilla-bugs-mc1.21.1-0.3.0+alpha.0.82.jar, it does not contain dependency information.
[13Nov2025 07:43:42.714] [main/TRACE] [net.neoforged.fml.loading.moddiscovery.locators.JarInJarDependencyLocator/]: Failed to load resource META-INF/jarjar/metadata.json from asyncutil-0.1.0.jar, it does not contain dependency information.
[13Nov2025 07:43:42.714] [main/TRACE] [net.neoforged.fml.loading.moddiscovery.locators.JarInJarDependencyLocator/]: Failed to load resource META-INF/jarjar/metadata.json from c2me-opts-natives-math-mc1.21.1-0.3.0+alpha.0.82.jar, it does not contain dependency information.
[13Nov2025 07:43:42.715] [main/TRACE] [net.neoforged.fml.loading.moddiscovery.locators.JarInJarDependencyLocator/]: Failed to load resource META-INF/jarjar/metadata.json from c2me-base-mc1.21.1-0.3.0+alpha.0.82-all.jar, it does not contain dependency information.
[13Nov2025 07:43:42.715] [main/TRACE] [net.neoforged.fml.loading.moddiscovery.locators.JarInJarDependencyLocator/]: Failed to load resource META-INF/jarjar/metadata.json from c2me-opts-allocs-mc1.21.1-0.3.0+alpha.0.82.jar, it does not contain dependency information.
[13Nov2025 07:43:42.715] [main/TRACE] [net.neoforged.fml.loading.moddiscovery.locators.JarInJarDependencyLocator/]: Failed to load resource META-INF/jarjar/metadata.json from c2me-opts-worldgen-general-mc1.21.1-0.3.0+alpha.0.82.jar, it does not contain dependency information.
[13Nov2025 07:43:42.715] [main/TRACE] [net.neoforged.fml.loading.moddiscovery.locators.JarInJarDependencyLocator/]: Failed to load resource META-INF/jarjar/metadata.json from c2me-fixes-worldgen-threading-issues-mc1.21.1-0.3.0+alpha.0.82.jar, it does not contain dependency information.
[13Nov2025 07:43:42.715] [main/TRACE] [net.neoforged.fml.loading.moddiscovery.locators.JarInJarDependencyLocator/]: Failed to load resource META-INF/jarjar/metadata.json from c2me-server-utils-mc1.21.1-0.3.0+alpha.0.82.jar, it does not contain dependency information.
[13Nov2025 07:43:42.715] [main/TRACE] [net.neoforged.fml.loading.moddiscovery.locators.JarInJarDependencyLocator/]: Failed to load resource META-INF/jarjar/metadata.json from c2me-rewrites-chunkio-mc1.21.1-0.3.0+alpha.0.82.jar, it does not contain dependency information.
[13Nov2025 07:43:42.715] [main/TRACE] [net.neoforged.fml.loading.moddiscovery.locators.JarInJarDependencyLocator/]: Failed to load resource META-INF/jarjar/metadata.json from c2me-fixes-general-threading-issues-mc1.21.1-0.3.0+alpha.0.82.jar, it does not contain dependency information.
[13Nov2025 07:43:42.715] [main/TRACE] [net.neoforged.fml.loading.moddiscovery.locators.JarInJarDependencyLocator/]: Failed to load resource META-INF/jarjar/metadata.json from c2me-rewrites-chunk-serializer-mc1.21.1-0.3.0+alpha.0.82.jar, it does not contain dependency information.
[13Nov2025 07:43:42.715] [main/TRACE] [net.neoforged.fml.loading.moddiscovery.locators.JarInJarDependencyLocator/]: Failed to load resource META-INF/jarjar/metadata.json from exp4j-0.4.8.jar, it does not contain dependency information.
[13Nov2025 07:43:42.715] [main/TRACE] [net.neoforged.fml.loading.moddiscovery.locators.JarInJarDependencyLocator/]: Failed to load resource META-INF/jarjar/metadata.json from c2me-client-uncapvd-mc1.21.1-0.3.0+alpha.0.82.jar, it does not contain dependency information.
[13Nov2025 07:43:42.715] [main/TRACE] [net.neoforged.fml.loading.moddiscovery.locators.JarInJarDependencyLocator/]: Failed to load resource META-INF/jarjar/metadata.json from jctools-core-4.0.5.jar, it does not contain dependency information.
[13Nov2025 07:43:42.716] [main/TRACE] [net.neoforged.fml.loading.moddiscovery.locators.JarInJarDependencyLocator/]: Failed to load resource META-INF/jarjar/metadata.json from c2me-threading-lighting-mc1.21.1-0.3.0+alpha.0.82.jar, it does not contain dependency information.
[13Nov2025 07:43:42.716] [main/TRACE] [net.neoforged.fml.loading.moddiscovery.locators.JarInJarDependencyLocator/]: Failed to load resource META-INF/jarjar/metadata.json from c2me-opts-math-mc1.21.1-0.3.0+alpha.0.82.jar, it does not contain dependency information.
[13Nov2025 07:43:42.716] [main/TRACE] [net.neoforged.fml.loading.moddiscovery.locators.JarInJarDependencyLocator/]: Failed to load resource META-INF/jarjar/metadata.json from c2me-opts-scheduling-mc1.21.1-0.3.0+alpha.0.82.jar, it does not contain dependency information.
[13Nov2025 07:43:42.716] [main/TRACE] [net.neoforged.fml.loading.moddiscovery.locators.JarInJarDependencyLocator/]: Failed to load resource META-INF/jarjar/metadata.json from c2me-rewrites-chunk-system-mc1.21.1-0.3.0+alpha.0.82.jar, it does not contain dependency information.
[13Nov2025 07:43:42.716] [main/TRACE] [net.neoforged.fml.loading.moddiscovery.locators.JarInJarDependencyLocator/]: Failed to load resource META-INF/jarjar/metadata.json from c2me-opts-chunkio-mc1.21.1-0.3.0+alpha.0.82.jar, it does not contain dependency information.
[13Nov2025 07:43:42.716] [main/TRACE] [net.neoforged.fml.loading.moddiscovery.locators.JarInJarDependencyLocator/]: Failed to load resource META-INF/jarjar/metadata.json from pngj-2.1.0.jar, it does not contain dependency information.
[13Nov2025 07:43:42.716] [main/TRACE] [net.neoforged.fml.loading.moddiscovery.locators.JarInJarDependencyLocator/]: Failed to load resource META-INF/jarjar/metadata.json from journeymap-api-neoforge-2.0.0-1.21.1-SNAPSHOT.jar, it does not contain dependency information.
[13Nov2025 07:43:42.716] [main/TRACE] [net.neoforged.fml.loading.moddiscovery.locators.JarInJarDependencyLocator/]: Failed to load resource META-INF/jarjar/metadata.json from common-networking-neoforge-1.0.18-1.21.1.jar, it does not contain dependency information.
[13Nov2025 07:43:42.716] [main/TRACE] [net.neoforged.fml.loading.moddiscovery.locators.JarInJarDependencyLocator/]: Failed to load resource META-INF/jarjar/metadata.json from u_team_core-neoforge-coremod-1.21.1-5.6.2.384.jar, it does not contain dependency information.
[13Nov2025 07:43:42.716] [main/TRACE] [net.neoforged.fml.loading.moddiscovery.locators.JarInJarDependencyLocator/]: Failed to load resource META-INF/jarjar/metadata.json from MixinSquared-0.2.0-beta.6.jar, it does not contain dependency information.
[13Nov2025 07:43:42.746] [main/DEBUG] [net.neoforged.fml.loading.moddiscovery.readers.JarModsDotTomlModFileReader/SCAN]: Found META-INF/MANIFEST.MF mod of type LIBRARY: 
[13Nov2025 07:43:42.748] [main/DEBUG] [net.neoforged.fml.loading.moddiscovery.readers.JarModsDotTomlModFileReader/SCAN]: Found META-INF/neoforge.mods.toml mod of type null: 
[13Nov2025 07:43:42.748] [main/DEBUG] [net.neoforged.fml.loading.moddiscovery.ModFileParser/LOADING]: Considering mod file candidate 
[13Nov2025 07:43:42.749] [main/DEBUG] [net.neoforged.fml.loading.moddiscovery.ModFileInfo/LOADING]: Found valid mod file c2me-rewrites-chunk-system-mc1.21.1-0.3.0+alpha.0.82.jar with {c2me_rewrites_chunk_system} mods - versions {0.3.0+alpha.0.82+1.21.1}
[13Nov2025 07:43:42.750] [main/DEBUG] [net.neoforged.fml.loading.moddiscovery.readers.JarModsDotTomlModFileReader/SCAN]: Found META-INF/MANIFEST.MF mod of type LIBRARY: 
[13Nov2025 07:43:42.751] [main/DEBUG] [net.neoforged.fml.loading.moddiscovery.readers.JarModsDotTomlModFileReader/SCAN]: Found META-INF/neoforge.mods.toml mod of type null: 
[13Nov2025 07:43:42.752] [main/DEBUG] [net.neoforged.fml.loading.moddiscovery.ModFileParser/LOADING]: Considering mod file candidate 
[13Nov2025 07:43:42.752] [main/DEBUG] [net.neoforged.fml.loading.moddiscovery.ModFileInfo/LOADING]: Found valid mod file c2me-notickvd-mc1.21.1-0.3.0+alpha.0.82.jar with {c2me_notickvd} mods - versions {0.3.0+alpha.0.82+1.21.1}
[13Nov2025 07:43:42.753] [main/DEBUG] [net.neoforged.fml.loading.moddiscovery.readers.JarModsDotTomlModFileReader/SCAN]: Found META-INF/neoforge.mods.toml mod of type null: 
[13Nov2025 07:43:42.753] [main/DEBUG] [net.neoforged.fml.loading.moddiscovery.ModFileParser/LOADING]: Considering mod file candidate 
[13Nov2025 07:43:42.754] [main/DEBUG] [net.neoforged.fml.loading.moddiscovery.ModFileInfo/LOADING]: Found valid mod file c2me-threading-lighting-mc1.21.1-0.3.0+alpha.0.82.jar with {c2me_threading_lighting} mods - versions {0.3.0+alpha.0.82+1.21.1}
[13Nov2025 07:43:42.759] [main/DEBUG] [net.neoforged.fml.loading.moddiscovery.readers.JarModsDotTomlModFileReader/SCAN]: Found META-INF/neoforge.mods.toml mod of type null: 
[13Nov2025 07:43:42.759] [main/DEBUG] [net.neoforged.fml.loading.moddiscovery.ModFileParser/LOADING]: Considering mod file candidate 
[13Nov2025 07:43:42.759] [main/DEBUG] [net.neoforged.fml.loading.moddiscovery.ModFileInfo/LOADING]: Found valid mod file architectury-neoforge-13.0.8.jar with {architectury} mods - versions {13.0.8}
[13Nov2025 07:43:42.760] [main/DEBUG] [net.neoforged.fml.loading.moddiscovery.readers.JarModsDotTomlModFileReader/SCAN]: Found META-INF/neoforge.mods.toml mod of type null: 
[13Nov2025 07:43:42.760] [main/DEBUG] [net.neoforged.fml.loading.moddiscovery.ModFileParser/LOADING]: Considering mod file candidate 
[13Nov2025 07:43:42.761] [main/DEBUG] [net.neoforged.fml.loading.moddiscovery.ModFileInfo/LOADING]: Found valid mod file c2me-fixes-chunkio-threading-issues-mc1.21.1-0.3.0+alpha.0.82.jar with {c2me_fixes_chunkio_threading_issues} mods - versions {0.3.0+alpha.0.82+1.21.1}
[13Nov2025 07:43:42.762] [main/DEBUG] [net.neoforged.fml.loading.moddiscovery.readers.JarModsDotTomlModFileReader/SCAN]: Found META-INF/neoforge.mods.toml mod of type null: 
[13Nov2025 07:43:42.762] [main/DEBUG] [net.neoforged.fml.loading.moddiscovery.ModFileParser/LOADING]: Considering mod file candidate 
[13Nov2025 07:43:42.762] [main/DEBUG] [net.neoforged.fml.loading.moddiscovery.ModFileInfo/LOADING]: Found valid mod file c2me-server-utils-mc1.21.1-0.3.0+alpha.0.82.jar with {c2me_server_utils} mods - versions {0.3.0+alpha.0.82+1.21.1}
[13Nov2025 07:43:42.764] [main/DEBUG] [net.neoforged.fml.loading.moddiscovery.readers.JarModsDotTomlModFileReader/SCAN]: Found META-INF/neoforge.mods.toml mod of type null: 
[13Nov2025 07:43:42.764] [main/DEBUG] [net.neoforged.fml.loading.moddiscovery.ModFileParser/LOADING]: Considering mod file candidate 
[13Nov2025 07:43:42.765] [main/DEBUG] [net.neoforged.fml.loading.moddiscovery.ModFileInfo/LOADING]: Found valid mod file journeymap-api-neoforge-2.0.0-1.21.1-SNAPSHOT.jar with {journeymap_api} mods - versions {2.0.0}
[13Nov2025 07:43:42.765] [main/DEBUG] [net.neoforged.fml.loading.moddiscovery.readers.JarModsDotTomlModFileReader/SCAN]: Found META-INF/neoforge.mods.toml mod of type null: 
[13Nov2025 07:43:42.765] [main/DEBUG] [net.neoforged.fml.loading.moddiscovery.ModFileParser/LOADING]: Considering mod file candidate 
[13Nov2025 07:43:42.766] [main/DEBUG] [net.neoforged.fml.loading.moddiscovery.ModFileInfo/LOADING]: Found valid mod file c2me-opts-chunkio-mc1.21.1-0.3.0+alpha.0.82.jar with {c2me_opts_chunkio} mods - versions {0.3.0+alpha.0.82+1.21.1}
[13Nov2025 07:43:42.767] [main/DEBUG] [net.neoforged.fml.loading.moddiscovery.readers.JarModsDotTomlModFileReader/SCAN]: Found META-INF/neoforge.mods.toml mod of type null: 
[13Nov2025 07:43:42.767] [main/DEBUG] [net.neoforged.fml.loading.moddiscovery.ModFileParser/LOADING]: Considering mod file candidate 
[13Nov2025 07:43:42.768] [main/DEBUG] [net.neoforged.fml.loading.moddiscovery.ModFileInfo/LOADING]: Found valid mod file c2me-rewrites-chunkio-mc1.21.1-0.3.0+alpha.0.82.jar with {c2me_rewrites_chunkio} mods - versions {0.3.0+alpha.0.82+1.21.1}
[13Nov2025 07:43:42.768] [main/DEBUG] [net.neoforged.fml.loading.moddiscovery.readers.JarModsDotTomlModFileReader/SCAN]: Found META-INF/MANIFEST.MF mod of type LIBRARY: 
[13Nov2025 07:43:42.770] [main/DEBUG] [net.neoforged.fml.loading.moddiscovery.readers.JarModsDotTomlModFileReader/SCAN]: Found META-INF/MANIFEST.MF mod of type GAMELIBRARY: 
[13Nov2025 07:43:42.771] [main/DEBUG] [net.neoforged.fml.loading.moddiscovery.readers.JarModsDotTomlModFileReader/SCAN]: Found META-INF/neoforge.mods.toml mod of type null: 
[13Nov2025 07:43:42.771] [main/DEBUG] [net.neoforged.fml.loading.moddiscovery.ModFileParser/LOADING]: Considering mod file candidate 
[13Nov2025 07:43:42.771] [main/DEBUG] [net.neoforged.fml.loading.moddiscovery.ModFileInfo/LOADING]: Found valid mod file c2me-opts-worldgen-vanilla-mc1.21.1-0.3.0+alpha.0.82.jar with {c2me_opts_worldgen_vanilla} mods - versions {0.3.0+alpha.0.82+1.21.1}
[13Nov2025 07:43:42.773] [main/DEBUG] [net.neoforged.fml.loading.moddiscovery.readers.JarModsDotTomlModFileReader/SCAN]: Found META-INF/neoforge.mods.toml mod of type null: 
[13Nov2025 07:43:42.773] [main/DEBUG] [net.neoforged.fml.loading.moddiscovery.ModFileParser/LOADING]: Considering mod file candidate 
[13Nov2025 07:43:42.774] [main/DEBUG] [net.neoforged.fml.loading.moddiscovery.ModFileInfo/LOADING]: Found valid mod file c2me-opts-dfc-mc1.21.1-0.3.0+alpha.0.82.jar with {c2me_opts_dfc} mods - versions {0.3.0+alpha.0.82+1.21.1}
[13Nov2025 07:43:42.782] [main/DEBUG] [net.neoforged.fml.loading.moddiscovery.readers.JarModsDotTomlModFileReader/SCAN]: Found META-INF/neoforge.mods.toml mod of type null: 
[13Nov2025 07:43:42.782] [main/DEBUG] [net.neoforged.fml.loading.moddiscovery.ModFileParser/LOADING]: Considering mod file candidate 
[13Nov2025 07:43:42.783] [main/DEBUG] [net.neoforged.fml.loading.moddiscovery.ModFileInfo/LOADING]: Found valid mod file c2me-base-mc1.21.1-0.3.0+alpha.0.82-all.jar with {c2me_base} mods - versions {0.3.0+alpha.0.82+1.21.1}
[13Nov2025 07:43:42.784] [main/DEBUG] [net.neoforged.fml.loading.moddiscovery.readers.JarModsDotTomlModFileReader/SCAN]: Found META-INF/neoforge.mods.toml mod of type null: 
[13Nov2025 07:43:42.784] [main/DEBUG] [net.neoforged.fml.loading.moddiscovery.ModFileParser/LOADING]: Considering mod file candidate 
[13Nov2025 07:43:42.785] [main/DEBUG] [net.neoforged.fml.loading.moddiscovery.ModFileInfo/LOADING]: Found valid mod file c2me-fixes-worldgen-threading-issues-mc1.21.1-0.3.0+alpha.0.82.jar with {c2me_fixes_worldgen_threading_issues} mods - versions {0.3.0+alpha.0.82+1.21.1}
[13Nov2025 07:43:42.786] [main/DEBUG] [net.neoforged.fml.loading.moddiscovery.readers.JarModsDotTomlModFileReader/SCAN]: Found META-INF/neoforge.mods.toml mod of type null: 
[13Nov2025 07:43:42.786] [main/DEBUG] [net.neoforged.fml.loading.moddiscovery.ModFileParser/LOADING]: Considering mod file candidate 
[13Nov2025 07:43:42.786] [main/DEBUG] [net.neoforged.fml.loading.moddiscovery.ModFileInfo/LOADING]: Found valid mod file c2me-opts-scheduling-mc1.21.1-0.3.0+alpha.0.82.jar with {c2me_opts_scheduling} mods - versions {0.3.0+alpha.0.82+1.21.1}
[13Nov2025 07:43:42.813] [main/DEBUG] [net.neoforged.fml.loading.moddiscovery.readers.JarModsDotTomlModFileReader/SCAN]: Found META-INF/neoforge.mods.toml mod of type null: 
[13Nov2025 07:43:42.813] [main/DEBUG] [net.neoforged.fml.loading.moddiscovery.ModFileParser/LOADING]: Considering mod file candidate 
[13Nov2025 07:43:42.815] [main/DEBUG] [net.neoforged.fml.loading.moddiscovery.ModFileInfo/LOADING]: Found valid mod file c2me-opts-allocs-mc1.21.1-0.3.0+alpha.0.82.jar with {c2me_opts_allocs} mods - versions {0.3.0+alpha.0.82+1.21.1}
[13Nov2025 07:43:42.822] [main/DEBUG] [net.neoforged.fml.loading.moddiscovery.readers.JarModsDotTomlModFileReader/SCAN]: Found META-INF/neoforge.mods.toml mod of type null: 
[13Nov2025 07:43:42.822] [main/DEBUG] [net.neoforged.fml.loading.moddiscovery.ModFileParser/LOADING]: Considering mod file candidate 
[13Nov2025 07:43:42.823] [main/DEBUG] [net.neoforged.fml.loading.moddiscovery.ModFileInfo/LOADING]: Found valid mod file c2me-opts-natives-math-mc1.21.1-0.3.0+alpha.0.82.jar with {c2me_opts_natives_math} mods - versions {0.3.0+alpha.0.82+1.21.1}
[13Nov2025 07:43:42.824] [main/DEBUG] [net.neoforged.fml.loading.moddiscovery.readers.JarModsDotTomlModFileReader/SCAN]: Found META-INF/neoforge.mods.toml mod of type null: 
[13Nov2025 07:43:42.824] [main/DEBUG] [net.neoforged.fml.loading.moddiscovery.ModFileParser/LOADING]: Considering mod file candidate 
[13Nov2025 07:43:42.825] [main/DEBUG] [net.neoforged.fml.loading.moddiscovery.ModFileInfo/LOADING]: Found valid mod file c2me-rewrites-chunk-serializer-mc1.21.1-0.3.0+alpha.0.82.jar with {c2me_rewrites_chunk_serializer} mods - versions {0.3.0+alpha.0.82+1.21.1}
[13Nov2025 07:43:42.825] [main/DEBUG] [net.neoforged.fml.loading.moddiscovery.readers.JarModsDotTomlModFileReader/SCAN]: Found META-INF/neoforge.mods.toml mod of type null: 
[13Nov2025 07:43:42.826] [main/DEBUG] [net.neoforged.fml.loading.moddiscovery.ModFileParser/LOADING]: Considering mod file candidate 
[13Nov2025 07:43:42.826] [main/DEBUG] [net.neoforged.fml.loading.moddiscovery.ModFileInfo/LOADING]: Found valid mod file c2me-opts-worldgen-general-mc1.21.1-0.3.0+alpha.0.82.jar with {c2me_opts_worldgen_general} mods - versions {0.3.0+alpha.0.82+1.21.1}
[13Nov2025 07:43:42.827] [main/DEBUG] [net.neoforged.fml.loading.moddiscovery.readers.JarModsDotTomlModFileReader/SCAN]: Found META-INF/neoforge.mods.toml mod of type null: 
[13Nov2025 07:43:42.827] [main/DEBUG] [net.neoforged.fml.loading.moddiscovery.ModFileParser/LOADING]: Considering mod file candidate 
[13Nov2025 07:43:42.827] [main/DEBUG] [net.neoforged.fml.loading.moddiscovery.ModFileInfo/LOADING]: Found valid mod file c2me-opts-math-mc1.21.1-0.3.0+alpha.0.82.jar with {c2me_opts_math} mods - versions {0.3.0+alpha.0.82+1.21.1}
[13Nov2025 07:43:42.828] [main/DEBUG] [net.neoforged.fml.loading.moddiscovery.readers.JarModsDotTomlModFileReader/SCAN]: Found META-INF/neoforge.mods.toml mod of type null: 
[13Nov2025 07:43:42.828] [main/DEBUG] [net.neoforged.fml.loading.moddiscovery.ModFileParser/LOADING]: Considering mod file candidate 
[13Nov2025 07:43:42.829] [main/DEBUG] [net.neoforged.fml.loading.moddiscovery.ModFileInfo/LOADING]: Found valid mod file common-networking-neoforge-1.0.18-1.21.1.jar with {commonnetworking} mods - versions {1.0.18-1.21.1}
[13Nov2025 07:43:42.832] [main/DEBUG] [net.neoforged.fml.loading.moddiscovery.readers.JarModsDotTomlModFileReader/SCAN]: Found META-INF/neoforge.mods.toml mod of type null: 
[13Nov2025 07:43:42.832] [main/DEBUG] [net.neoforged.fml.loading.moddiscovery.ModFileParser/LOADING]: Considering mod file candidate 
[13Nov2025 07:43:42.832] [main/DEBUG] [net.neoforged.fml.loading.moddiscovery.ModFileInfo/LOADING]: Found valid mod file c2me-client-uncapvd-mc1.21.1-0.3.0+alpha.0.82.jar with {c2me_client_uncapvd} mods - versions {0.3.0+alpha.0.82+1.21.1}
[13Nov2025 07:43:42.833] [main/DEBUG] [net.neoforged.fml.loading.moddiscovery.readers.JarModsDotTomlModFileReader/SCAN]: Found META-INF/neoforge.mods.toml mod of type null: 
[13Nov2025 07:43:42.833] [main/DEBUG] [net.neoforged.fml.loading.moddiscovery.ModFileParser/LOADING]: Considering mod file candidate 
[13Nov2025 07:43:42.833] [main/DEBUG] [net.neoforged.fml.loading.moddiscovery.ModFileInfo/LOADING]: Found valid mod file c2me-fixes-worldgen-vanilla-bugs-mc1.21.1-0.3.0+alpha.0.82.jar with {c2me_fixes_worldgen_vanilla_bugs} mods - versions {0.3.0+alpha.0.82+1.21.1}
[13Nov2025 07:43:42.835] [main/DEBUG] [net.neoforged.fml.loading.moddiscovery.readers.JarModsDotTomlModFileReader/SCAN]: Found META-INF/neoforge.mods.toml mod of type null: 
[13Nov2025 07:43:42.835] [main/DEBUG] [net.neoforged.fml.loading.moddiscovery.ModFileParser/LOADING]: Considering mod file candidate 
[13Nov2025 07:43:42.836] [main/DEBUG] [net.neoforged.fml.loading.moddiscovery.ModFileInfo/LOADING]: Found valid mod file expandability-neoforge-12.0.0.jar with {expandability} mods - versions {12.0.0}
[13Nov2025 07:43:42.838] [main/DEBUG] [net.neoforged.fml.loading.moddiscovery.readers.JarModsDotTomlModFileReader/SCAN]: Found META-INF/neoforge.mods.toml mod of type null: 
[13Nov2025 07:43:42.838] [main/DEBUG] [net.neoforged.fml.loading.moddiscovery.ModFileParser/LOADING]: Considering mod file candidate 
[13Nov2025 07:43:42.839] [main/DEBUG] [net.neoforged.fml.loading.moddiscovery.ModFileInfo/LOADING]: Found valid mod file integration-neoforge-0.2.jar with {integration} mods - versions {0.2}
[13Nov2025 07:43:42.839] [main/DEBUG] [net.neoforged.fml.loading.moddiscovery.readers.JarModsDotTomlModFileReader/SCAN]: Found META-INF/neoforge.mods.toml mod of type null: 
[13Nov2025 07:43:42.839] [main/DEBUG] [net.neoforged.fml.loading.moddiscovery.ModFileParser/LOADING]: Considering mod file candidate 
[13Nov2025 07:43:42.840] [main/DEBUG] [net.neoforged.fml.loading.moddiscovery.ModFileInfo/LOADING]: Found valid mod file c2me-fixes-general-threading-issues-mc1.21.1-0.3.0+alpha.0.82.jar with {c2me_fixes_general_threading_issues} mods - versions {0.3.0+alpha.0.82+1.21.1}
[13Nov2025 07:43:42.848] [main/DEBUG] [net.neoforged.fml.loading.moddiscovery.readers.JarModsDotTomlModFileReader/SCAN]: Found META-INF/MANIFEST.MF mod of type GAMELIBRARY: 
[13Nov2025 07:43:42.850] [main/WARN] [net.neoforged.jarjar.selection.JarSelector/]: Attempted to select a dependency jar for JarJar which was passed in as source: architectury. Using Mod File: /workspaces/server2holaa/servidor_minecraft/mods/architectury-13.0.8-neoforge.jar
[13Nov2025 07:43:42.850] [main/WARN] [net.neoforged.jarjar.selection.JarSelector/]: Attempted to select a dependency jar for JarJar which was passed in as source: expandability. Using Mod File: /workspaces/server2holaa/servidor_minecraft/mods/expandability-12.0.0.jar
[13Nov2025 07:43:42.850] [main/INFO] [net.neoforged.fml.loading.moddiscovery.locators.JarInJarDependencyLocator/]: Found 35 dependencies adding them to mods collection
[13Nov2025 07:43:42.850] [main/INFO] [net.neoforged.fml.loading.moddiscovery.ModDiscoverer/SCAN]: Found gamelibrary file "mixinextras-neoforge-0.5.0.jar" [parent: neoforge-21.1.206-universal.jar, locator: jarinjar, reader: mod manifest]
[13Nov2025 07:43:42.850] [main/INFO] [net.neoforged.fml.loading.moddiscovery.ModDiscoverer/SCAN]: Found mod file "c2me-fixes-worldgen-threading-issues-mc1.21.1-0.3.0+alpha.0.82.jar" [parent: c2me-neoforge-mc1.21.1-0.3.0+alpha.0.82.jar, locator: jarinjar, reader: mod manifest]
[13Nov2025 07:43:42.850] [main/INFO] [net.neoforged.fml.loading.moddiscovery.ModDiscoverer/SCAN]: Found mod file "c2me-threading-lighting-mc1.21.1-0.3.0+alpha.0.82.jar" [parent: c2me-neoforge-mc1.21.1-0.3.0+alpha.0.82.jar, locator: jarinjar, reader: mod manifest]
[13Nov2025 07:43:42.851] [main/INFO] [net.neoforged.fml.loading.moddiscovery.ModDiscoverer/SCAN]: Found mod file "c2me-fixes-chunkio-threading-issues-mc1.21.1-0.3.0+alpha.0.82.jar" [parent: c2me-neoforge-mc1.21.1-0.3.0+alpha.0.82.jar, locator: jarinjar, reader: mod manifest]
[13Nov2025 07:43:42.851] [main/INFO] [net.neoforged.fml.loading.moddiscovery.ModDiscoverer/SCAN]: Found mod file "c2me-client-uncapvd-mc1.21.1-0.3.0+alpha.0.82.jar" [parent: c2me-neoforge-mc1.21.1-0.3.0+alpha.0.82.jar, locator: jarinjar, reader: mod manifest]
[13Nov2025 07:43:42.851] [main/INFO] [net.neoforged.fml.loading.moddiscovery.ModDiscoverer/SCAN]: Found mod file "c2me-rewrites-chunk-serializer-mc1.21.1-0.3.0+alpha.0.82.jar" [parent: c2me-neoforge-mc1.21.1-0.3.0+alpha.0.82.jar, locator: jarinjar, reader: mod manifest]
[13Nov2025 07:43:42.851] [main/INFO] [net.neoforged.fml.loading.moddiscovery.ModDiscoverer/SCAN]: Found library file "net.neoforged.neoforge-coremods-21.1.206.jar" [parent: neoforge-21.1.206-universal.jar, locator: jarinjar, reader: mod manifest]
[13Nov2025 07:43:42.851] [main/INFO] [net.neoforged.fml.loading.moddiscovery.ModDiscoverer/SCAN]: Found library file "pngj-2.1.0.jar" [parent: journeymap-neoforge-1.21.1-6.0.0-beta.52.jar, locator: jarinjar]
[13Nov2025 07:43:42.851] [main/INFO] [net.neoforged.fml.loading.moddiscovery.ModDiscoverer/SCAN]: Found mod file "c2me-server-utils-mc1.21.1-0.3.0+alpha.0.82.jar" [parent: c2me-neoforge-mc1.21.1-0.3.0+alpha.0.82.jar, locator: jarinjar, reader: mod manifest]
[13Nov2025 07:43:42.851] [main/INFO] [net.neoforged.fml.loading.moddiscovery.ModDiscoverer/SCAN]: Found mod file "common-networking-neoforge-1.0.18-1.21.1.jar" [parent: journeymap-neoforge-1.21.1-6.0.0-beta.52.jar, locator: jarinjar, reader: mod manifest]
[13Nov2025 07:43:42.851] [main/INFO] [net.neoforged.fml.loading.moddiscovery.ModDiscoverer/SCAN]: Found mod file "c2me-opts-natives-math-mc1.21.1-0.3.0+alpha.0.82.jar" [parent: c2me-neoforge-mc1.21.1-0.3.0+alpha.0.82.jar, locator: jarinjar, reader: mod manifest]
[13Nov2025 07:43:42.851] [main/INFO] [net.neoforged.fml.loading.moddiscovery.ModDiscoverer/SCAN]: Found mod file "c2me-opts-dfc-mc1.21.1-0.3.0+alpha.0.82.jar" [parent: c2me-neoforge-mc1.21.1-0.3.0+alpha.0.82.jar, locator: jarinjar, reader: mod manifest]
[13Nov2025 07:43:42.852] [main/INFO] [net.neoforged.fml.loading.moddiscovery.ModDiscoverer/SCAN]: Found mod file "c2me-fixes-general-threading-issues-mc1.21.1-0.3.0+alpha.0.82.jar" [parent: c2me-neoforge-mc1.21.1-0.3.0+alpha.0.82.jar, locator: jarinjar, reader: mod manifest]
[13Nov2025 07:43:42.852] [main/INFO] [net.neoforged.fml.loading.moddiscovery.ModDiscoverer/SCAN]: Found mod file "c2me-notickvd-mc1.21.1-0.3.0+alpha.0.82.jar" [parent: c2me-neoforge-mc1.21.1-0.3.0+alpha.0.82.jar, locator: jarinjar, reader: mod manifest]
[13Nov2025 07:43:42.852] [main/INFO] [net.neoforged.fml.loading.moddiscovery.ModDiscoverer/SCAN]: Found gamelibrary file "mixinsquared-neoforge-0.2.0-beta.6.jar" [parent: c2me-neoforge-mc1.21.1-0.3.0+alpha.0.82.jar, locator: jarinjar, reader: mod manifest]
[13Nov2025 07:43:42.852] [main/INFO] [net.neoforged.fml.loading.moddiscovery.ModDiscoverer/SCAN]: Found library file "jctools-core-4.0.5.jar" [parent: c2me-neoforge-mc1.21.1-0.3.0+alpha.0.82.jar, locator: jarinjar]
[13Nov2025 07:43:42.852] [main/INFO] [net.neoforged.fml.loading.moddiscovery.ModDiscoverer/SCAN]: Found mod file "c2me-opts-worldgen-general-mc1.21.1-0.3.0+alpha.0.82.jar" [parent: c2me-neoforge-mc1.21.1-0.3.0+alpha.0.82.jar, locator: jarinjar, reader: mod manifest]
[13Nov2025 07:43:42.852] [main/INFO] [net.neoforged.fml.loading.moddiscovery.ModDiscoverer/SCAN]: Found mod file "c2me-opts-chunkio-mc1.21.1-0.3.0+alpha.0.82.jar" [parent: c2me-neoforge-mc1.21.1-0.3.0+alpha.0.82.jar, locator: jarinjar, reader: mod manifest]
[13Nov2025 07:43:42.852] [main/INFO] [net.neoforged.fml.loading.moddiscovery.ModDiscoverer/SCAN]: Found mod file "c2me-opts-math-mc1.21.1-0.3.0+alpha.0.82.jar" [parent: c2me-neoforge-mc1.21.1-0.3.0+alpha.0.82.jar, locator: jarinjar, reader: mod manifest]
[13Nov2025 07:43:42.852] [main/INFO] [net.neoforged.fml.loading.moddiscovery.ModDiscoverer/SCAN]: Found mod file "c2me-rewrites-chunk-system-mc1.21.1-0.3.0+alpha.0.82.jar" [parent: c2me-neoforge-mc1.21.1-0.3.0+alpha.0.82.jar, locator: jarinjar, reader: mod manifest]
[13Nov2025 07:43:42.852] [main/INFO] [net.neoforged.fml.loading.moddiscovery.ModDiscoverer/SCAN]: Found library file "rxjava-3.1.12.jar" [parent: c2me-neoforge-mc1.21.1-0.3.0+alpha.0.82.jar, locator: jarinjar]
[13Nov2025 07:43:42.853] [main/INFO] [net.neoforged.fml.loading.moddiscovery.ModDiscoverer/SCAN]: Found library file "s.tf-asm-4.6.3003.jar" [parent: twilightforest-1.21.1-4.6.3003-universal.jar, locator: jarinjar, reader: mod manifest]
[13Nov2025 07:43:42.853] [main/INFO] [net.neoforged.fml.loading.moddiscovery.ModDiscoverer/SCAN]: Found library file "MixinSquared-0.2.0-beta.6.jar" [parent: mixinsquared-neoforge-0.2.0-beta.6.jar, locator: jarinjar]
[13Nov2025 07:43:42.853] [main/INFO] [net.neoforged.fml.loading.moddiscovery.ModDiscoverer/SCAN]: Found library file "reactive-streams-1.0.4.jar" [parent: c2me-neoforge-mc1.21.1-0.3.0+alpha.0.82.jar, locator: jarinjar]
[13Nov2025 07:43:42.853] [main/INFO] [net.neoforged.fml.loading.moddiscovery.ModDiscoverer/SCAN]: Found mod file "c2me-base-mc1.21.1-0.3.0+alpha.0.82-all.jar" [parent: c2me-neoforge-mc1.21.1-0.3.0+alpha.0.82.jar, locator: jarinjar, reader: mod manifest]
[13Nov2025 07:43:42.853] [main/INFO] [net.neoforged.fml.loading.moddiscovery.ModDiscoverer/SCAN]: Found mod file "c2me-rewrites-chunkio-mc1.21.1-0.3.0+alpha.0.82.jar" [parent: c2me-neoforge-mc1.21.1-0.3.0+alpha.0.82.jar, locator: jarinjar, reader: mod manifest]
[13Nov2025 07:43:42.853] [main/INFO] [net.neoforged.fml.loading.moddiscovery.ModDiscoverer/SCAN]: Found mod file "c2me-fixes-worldgen-vanilla-bugs-mc1.21.1-0.3.0+alpha.0.82.jar" [parent: c2me-neoforge-mc1.21.1-0.3.0+alpha.0.82.jar, locator: jarinjar, reader: mod manifest]
[13Nov2025 07:43:42.853] [main/INFO] [net.neoforged.fml.loading.moddiscovery.ModDiscoverer/SCAN]: Found mod file "c2me-opts-worldgen-vanilla-mc1.21.1-0.3.0+alpha.0.82.jar" [parent: c2me-neoforge-mc1.21.1-0.3.0+alpha.0.82.jar, locator: jarinjar, reader: mod manifest]
[13Nov2025 07:43:42.853] [main/INFO] [net.neoforged.fml.loading.moddiscovery.ModDiscoverer/SCAN]: Found mod file "integration-neoforge-0.2.jar" [parent: IceAndFireCE-2.0-beta.7-1.21.1-neoforge.jar, locator: jarinjar, reader: mod manifest]
[13Nov2025 07:43:42.853] [main/INFO] [net.neoforged.fml.loading.moddiscovery.ModDiscoverer/SCAN]: Found library file "u_team_core-neoforge-coremod-1.21.1-5.6.2.384.jar" [parent: u_team_core-neoforge-1.21.1-5.6.2.384.jar, locator: jarinjar, reader: mod manifest]
[13Nov2025 07:43:42.853] [main/INFO] [net.neoforged.fml.loading.moddiscovery.ModDiscoverer/SCAN]: Found mod file "c2me-opts-scheduling-mc1.21.1-0.3.0+alpha.0.82.jar" [parent: c2me-neoforge-mc1.21.1-0.3.0+alpha.0.82.jar, locator: jarinjar, reader: mod manifest]
[13Nov2025 07:43:42.854] [main/INFO] [net.neoforged.fml.loading.moddiscovery.ModDiscoverer/SCAN]: Found mod file "journeymap-api-neoforge-2.0.0-1.21.1-SNAPSHOT.jar" [parent: journeymap-neoforge-1.21.1-6.0.0-beta.52.jar, locator: jarinjar, reader: mod manifest]
[13Nov2025 07:43:42.854] [main/INFO] [net.neoforged.fml.loading.moddiscovery.ModDiscoverer/SCAN]: Found mod file "c2me-opts-allocs-mc1.21.1-0.3.0+alpha.0.82.jar" [parent: c2me-neoforge-mc1.21.1-0.3.0+alpha.0.82.jar, locator: jarinjar, reader: mod manifest]
[13Nov2025 07:43:42.854] [main/INFO] [net.neoforged.fml.loading.moddiscovery.ModDiscoverer/SCAN]: Found library file "asyncutil-0.1.0.jar" [parent: c2me-neoforge-mc1.21.1-0.3.0+alpha.0.82.jar, locator: jarinjar]
[13Nov2025 07:43:42.854] [main/INFO] [net.neoforged.fml.loading.moddiscovery.ModDiscoverer/SCAN]: Found library file "exp4j-0.4.8.jar" [parent: c2me-neoforge-mc1.21.1-0.3.0+alpha.0.82.jar, locator: jarinjar]
[13Nov2025 07:43:42.856] [main/INFO] [net.neoforged.fml.loading.moddiscovery.ModDiscoverer/]: 
     Mod List:
		Name Version (Mod Id)

		AppleSkin 3.0.7+mc1.21 (appleskin)
		Architectury 13.0.8 (architectury)
		Artifacts 13.1.0 (artifacts)
		Bosses'Rises 1.0.9 (block_factorys_bosses)
		Chocco's Mobs 0.1.3 (choccos_mobs)
		Cloth Config v15 API 15.0.140 (cloth_config)
		Collective 8.11 (collective)
		Common Networking 1.0.18-1.21.1 (commonnetworking)
		Concurrent Chunk Management Engine 0.3.0+alpha.0.82+1.21.1 (c2me)
		Concurrent Chunk Management Engine (Base) 0.3.0+alpha.0.82+1.21.1 (c2me_base)
		Concurrent Chunk Management Engine (Client/Uncap View Distance) 0.3.0+alpha.0.82+1.21.1 (c2me_client_uncapvd)
		Concurrent Chunk Management Engine (Fixes/Chunk IO/Threading Issues) 0.3.0+alpha.0.82+1.21.1 (c2me_fixes_chunkio_threading_issues)
		Concurrent Chunk Management Engine (Fixes/General/Threading Issues) 0.3.0+alpha.0.82+1.21.1 (c2me_fixes_general_threading_issues)
		Concurrent Chunk Management Engine (Fixes/WorldGen/Threading Issues) 0.3.0+alpha.0.82+1.21.1 (c2me_fixes_worldgen_threading_issues)
		Concurrent Chunk Management Engine (Fixes/WorldGen/Vanilla Bugs) 0.3.0+alpha.0.82+1.21.1 (c2me_fixes_worldgen_vanilla_bugs)
		Concurrent Chunk Management Engine (No Tick View Distance) 0.3.0+alpha.0.82+1.21.1 (c2me_notickvd)
		Concurrent Chunk Management Engine (Optimizations/Chunk IO) 0.3.0+alpha.0.82+1.21.1 (c2me_opts_chunkio)
		Concurrent Chunk Management Engine (Optimizations/Density Function Compiler) 0.3.0+alpha.0.82+1.21.1 (c2me_opts_dfc)
		Concurrent Chunk Management Engine (Optimizations/General WorldGen) 0.3.0+alpha.0.82+1.21.1 (c2me_opts_worldgen_general)
		Concurrent Chunk Management Engine (Optimizations/Math) 0.3.0+alpha.0.82+1.21.1 (c2me_opts_math)
		Concurrent Chunk Management Engine (Optimizations/Memory Allocations) 0.3.0+alpha.0.82+1.21.1 (c2me_opts_allocs)
		Concurrent Chunk Management Engine (Optimizations/Natives Math) 0.3.0+alpha.0.82+1.21.1 (c2me_opts_natives_math)
		Concurrent Chunk Management Engine (Optimizations/Scheduling) 0.3.0+alpha.0.82+1.21.1 (c2me_opts_scheduling)
		Concurrent Chunk Management Engine (Optimizations/Vanilla WorldGen) 0.3.0+alpha.0.82+1.21.1 (c2me_opts_worldgen_vanilla)
		Concurrent Chunk Management Engine (Rewrites/Chunk IO) 0.3.0+alpha.0.82+1.21.1 (c2me_rewrites_chunkio)
		Concurrent Chunk Management Engine (Rewrites/Chunk Serializer) 0.3.0+alpha.0.82+1.21.1 (c2me_rewrites_chunk_serializer)
		Concurrent Chunk Management Engine (Rewrites/Chunk System) 0.3.0+alpha.0.82+1.21.1 (c2me_rewrites_chunk_system)
		Concurrent Chunk Management Engine (Server Utils) 0.3.0+alpha.0.82+1.21.1 (c2me_server_utils)
		Concurrent Chunk Management Engine (Threading/Lighting) 0.3.0+alpha.0.82+1.21.1 (c2me_threading_lighting)
		Corail Tombstone 9.4.8 (tombstone)
		CreativeCore 2.13.13 (creativecore)
		Curios API 9.5.1+1.21.1 (curios)
		Dynamic Lights 1.9+mod (dynamiclights)
		ElevatorMod 1.21.1-1.11.4 (elevatorid)
		ExpandAbility 12.0.0 (expandability)
		Extra Gems 3.0.5 (extragems)
		Forge Config API Port 21.1.4 (forgeconfigapiport)
		Framework 0.9.6 (framework)
		GeckoLib 4 4.8.2 (geckolib)
		GlitchCore 2.1.0.0 (glitchcore)
		him 2.0.1 (him)
		Ice And Fire Community Edition 2.0-beta.7 (iceandfire)
		Integration 0.2 (integration)
		Journeymap 1.21.1-6.0.0-beta.52 (journeymap)
		JourneyMap API 2.0.0 (journeymap_api)
		Jupiter 2.2.2 (jupiter)
		Just Enough Items 19.25.0.321 (jei)
		Minecraft 1.21.1 (minecraft)
		Moog's Soaring Structures 1.3.5-1.21 (mss)
		Moog's Voyager Structures 4.3.0-1.21 (mvs)
		MrCrayfish's Furniture Mod: Refurbished 1.0.20 (refurbished_furniture)
		Mutant Monsters 21.1.0 (mutantmonsters)
		Naturally Charged Creepers 3.5 (naturallychargedcreepers)
		NeoForge 21.1.206 (neoforge)
		PlayerRevive 2.0.36 (playerrevive)
		Puzzles Lib 21.1.38 (puzzleslib)
		Rainbows 1.5 (rainbows)
		SecurityCraft 1.10 (securitycraft)
		Serene Seasons 10.1.0.3 (sereneseasons)
		Sleep 1-v.3.2.2 (mr_sleep)
		The Twilight Forest 4.6.3003 (twilightforest)
		Tree Harvester 9.1 (treeharvester)
		U Team Core 5.6.2.384 (uteamcore)
		Uranus 2.4 (uranus)
		Useful Backpacks 3.0.2.129 (usefulbackpacks)
		When Dungeons Arise 2.1.64 (dungeons_arise)
[13Nov2025 07:43:42.857] [main/DEBUG] [net.neoforged.fml.loading.moddiscovery.ModFileParser/LOADING]: Considering mod file candidate 
[13Nov2025 07:43:42.858] [main/DEBUG] [net.neoforged.fml.loading.moddiscovery.ModFileInfo/LOADING]: Found valid mod file c2me-fixes-worldgen-threading-issues-mc1.21.1-0.3.0+alpha.0.82.jar with {c2me_fixes_worldgen_threading_issues} mods - versions {0.3.0+alpha.0.82+1.21.1}
[13Nov2025 07:43:42.859] [main/DEBUG] [net.neoforged.fml.loading.moddiscovery.ModFile/LOADING]: Loading mod file  with languages [LanguageSpec[languageName=lowcodefml, acceptedVersions=*]]
[13Nov2025 07:43:42.860] [main/DEBUG] [net.neoforged.fml.loading.moddiscovery.ModFile/LOADING]: Found mixin config MixinConfig[config=c2me-fixes-worldgen-threading-issues.mixins.json, requiredMods=[]]
[13Nov2025 07:43:42.861] [main/DEBUG] [net.neoforged.fml.loading.moddiscovery.ModFileParser/LOADING]: Considering mod file candidate 
[13Nov2025 07:43:42.861] [main/DEBUG] [net.neoforged.fml.loading.moddiscovery.ModFileInfo/LOADING]: Found valid mod file c2me-threading-lighting-mc1.21.1-0.3.0+alpha.0.82.jar with {c2me_threading_lighting} mods - versions {0.3.0+alpha.0.82+1.21.1}
[13Nov2025 07:43:42.861] [main/DEBUG] [net.neoforged.fml.loading.moddiscovery.ModFile/LOADING]: Loading mod file  with languages [LanguageSpec[languageName=lowcodefml, acceptedVersions=*]]
[13Nov2025 07:43:42.862] [main/DEBUG] [net.neoforged.fml.loading.moddiscovery.ModFile/LOADING]: Found mixin config MixinConfig[config=c2me-threading-lighting.mixins.json, requiredMods=[]]
[13Nov2025 07:43:42.862] [main/DEBUG] [net.neoforged.fml.loading.moddiscovery.ModFileParser/LOADING]: Considering mod file candidate /workspaces/server2holaa/servidor_minecraft/mods/MutantMonsters-v21.1.0-1.21.1-NeoForge.jar
[13Nov2025 07:43:42.863] [main/DEBUG] [net.neoforged.fml.loading.moddiscovery.ModFileInfo/LOADING]: Found valid mod file MutantMonsters-v21.1.0-1.21.1-NeoForge.jar with {mutantmonsters} mods - versions {21.1.0}
[13Nov2025 07:43:42.863] [main/DEBUG] [net.neoforged.fml.loading.moddiscovery.ModFile/LOADING]: Loading mod file /workspaces/server2holaa/servidor_minecraft/mods/MutantMonsters-v21.1.0-1.21.1-NeoForge.jar with languages [LanguageSpec[languageName=javafml, acceptedVersions=*]]
[13Nov2025 07:43:42.863] [main/DEBUG] [net.neoforged.fml.loading.moddiscovery.ModFile/LOADING]: Found mixin config MixinConfig[config=mutantmonsters.common.mixins.json, requiredMods=[]]
[13Nov2025 07:43:42.863] [main/DEBUG] [net.neoforged.fml.loading.moddiscovery.ModFile/LOADING]: Found mixin config MixinConfig[config=mutantmonsters.neoforge.mixins.json, requiredMods=[]]
[13Nov2025 07:43:42.863] [main/DEBUG] [net.neoforged.fml.loading.moddiscovery.ModFileParser/LOADING]: Considering mod file candidate /workspaces/server2holaa/servidor_minecraft/mods/geckolib-neoforge-1.21.1-4.8.2.jar
[13Nov2025 07:43:42.864] [main/DEBUG] [net.neoforged.fml.loading.moddiscovery.ModFileInfo/LOADING]: Found valid mod file geckolib-neoforge-1.21.1-4.8.2.jar with {geckolib} mods - versions {4.8.2}
[13Nov2025 07:43:42.864] [main/DEBUG] [net.neoforged.fml.loading.moddiscovery.ModFile/LOADING]: Loading mod file /workspaces/server2holaa/servidor_minecraft/mods/geckolib-neoforge-1.21.1-4.8.2.jar with languages [LanguageSpec[languageName=javafml, acceptedVersions=[4,)]]
[13Nov2025 07:43:42.864] [main/DEBUG] [net.neoforged.fml.loading.moddiscovery.ModFile/LOADING]: Found mixin config MixinConfig[config=geckolib.mixins.json, requiredMods=[]]
[13Nov2025 07:43:42.865] [main/DEBUG] [net.neoforged.fml.loading.moddiscovery.ModFileParser/LOADING]: Considering mod file candidate /workspaces/server2holaa/servidor_minecraft/mods/mss-1.3.5-1.21.jar
[13Nov2025 07:43:42.866] [main/DEBUG] [net.neoforged.fml.loading.moddiscovery.ModFileInfo/LOADING]: Found valid mod file mss-1.3.5-1.21.jar with {mss} mods - versions {1.3.5-1.21}
[13Nov2025 07:43:42.866] [main/DEBUG] [net.neoforged.fml.loading.moddiscovery.ModFile/LOADING]: Loading mod file /workspaces/server2holaa/servidor_minecraft/mods/mss-1.3.5-1.21.jar with languages [LanguageSpec[languageName=javafml, acceptedVersions=[2,)]]
[13Nov2025 07:43:42.866] [main/DEBUG] [net.neoforged.fml.loading.moddiscovery.ModFile/LOADING]: Found mixin config MixinConfig[config=mss-neoforge.mixins.json, requiredMods=[]]
[13Nov2025 07:43:42.866] [main/DEBUG] [net.neoforged.fml.loading.moddiscovery.ModFile/LOADING]: Found mixin config MixinConfig[config=mss-common.mixins.json, requiredMods=[]]
[13Nov2025 07:43:42.866] [main/DEBUG] [net.neoforged.fml.loading.moddiscovery.ModFileParser/LOADING]: Considering mod file candidate 
[13Nov2025 07:43:42.866] [main/DEBUG] [net.neoforged.fml.loading.moddiscovery.ModFileInfo/LOADING]: Found valid mod file c2me-rewrites-chunk-serializer-mc1.21.1-0.3.0+alpha.0.82.jar with {c2me_rewrites_chunk_serializer} mods - versions {0.3.0+alpha.0.82+1.21.1}
[13Nov2025 07:43:42.867] [main/DEBUG] [net.neoforged.fml.loading.moddiscovery.ModFile/LOADING]: Loading mod file  with languages [LanguageSpec[languageName=javafml, acceptedVersions=*]]
[13Nov2025 07:43:42.867] [main/DEBUG] [net.neoforged.fml.loading.moddiscovery.ModFile/LOADING]: Found mixin config MixinConfig[config=c2me-rewrites-chunk-serializer.mixins.json, requiredMods=[]]
[13Nov2025 07:43:42.867] [main/DEBUG] [net.neoforged.fml.loading.moddiscovery.ModFileParser/LOADING]: Considering mod file candidate /workspaces/server2holaa/servidor_minecraft/mods/him-2.0.2-neoforge-1.21.1.jar
[13Nov2025 07:43:42.867] [main/DEBUG] [net.neoforged.fml.loading.moddiscovery.ModFileInfo/LOADING]: Found valid mod file him-2.0.2-neoforge-1.21.1.jar with {him} mods - versions {2.0.1}
[13Nov2025 07:43:42.867] [main/DEBUG] [net.neoforged.fml.loading.moddiscovery.ModFile/LOADING]: Loading mod file /workspaces/server2holaa/servidor_minecraft/mods/him-2.0.2-neoforge-1.21.1.jar with languages [LanguageSpec[languageName=javafml, acceptedVersions=[4,)]]
[13Nov2025 07:43:42.867] [main/DEBUG] [net.neoforged.fml.loading.moddiscovery.ModFileParser/LOADING]: Considering mod file candidate /workspaces/server2holaa/servidor_minecraft/mods/treeharvester-1.21.1-9.1.jar
[13Nov2025 07:43:42.868] [main/DEBUG] [net.neoforged.fml.loading.moddiscovery.ModFileInfo/LOADING]: Found valid mod file treeharvester-1.21.1-9.1.jar with {treeharvester} mods - versions {9.1}
[13Nov2025 07:43:42.868] [main/DEBUG] [net.neoforged.fml.loading.moddiscovery.ModFile/LOADING]: Loading mod file /workspaces/server2holaa/servidor_minecraft/mods/treeharvester-1.21.1-9.1.jar with languages [LanguageSpec[languageName=javafml, acceptedVersions=*]]
[13Nov2025 07:43:42.868] [main/DEBUG] [net.neoforged.fml.loading.moddiscovery.ModFile/LOADING]: Found mixin config MixinConfig[config=treeharvester_neoforge.mixins.json, requiredMods=[]]
[13Nov2025 07:43:42.868] [main/DEBUG] [net.neoforged.fml.loading.moddiscovery.ModFileParser/LOADING]: Considering mod file candidate /workspaces/server2holaa/servidor_minecraft/mods/jei-1.21.1-neoforge-19.25.0.321.jar
[13Nov2025 07:43:42.869] [main/DEBUG] [net.neoforged.fml.loading.moddiscovery.ModFileInfo/LOADING]: Found valid mod file jei-1.21.1-neoforge-19.25.0.321.jar with {jei} mods - versions {19.25.0.321}
[13Nov2025 07:43:42.869] [main/DEBUG] [net.neoforged.fml.loading.moddiscovery.ModFile/LOADING]: Loading mod file /workspaces/server2holaa/servidor_minecraft/mods/jei-1.21.1-neoforge-19.25.0.321.jar with languages [LanguageSpec[languageName=javafml, acceptedVersions=[4,)]]
[13Nov2025 07:43:42.869] [main/DEBUG] [net.neoforged.fml.loading.moddiscovery.ModFileParser/LOADING]: Considering mod file candidate 
[13Nov2025 07:43:42.870] [main/DEBUG] [net.neoforged.fml.loading.moddiscovery.ModFileInfo/LOADING]: Found valid mod file common-networking-neoforge-1.0.18-1.21.1.jar with {commonnetworking} mods - versions {1.0.18-1.21.1}
[13Nov2025 07:43:42.870] [main/DEBUG] [net.neoforged.fml.loading.moddiscovery.ModFile/LOADING]: Loading mod file  with languages [LanguageSpec[languageName=javafml, acceptedVersions=[2,)]]
[13Nov2025 07:43:42.870] [main/DEBUG] [net.neoforged.fml.loading.moddiscovery.ModFileParser/LOADING]: Considering mod file candidate 
[13Nov2025 07:43:42.870] [main/DEBUG] [net.neoforged.fml.loading.moddiscovery.ModFileInfo/LOADING]: Found valid mod file c2me-opts-natives-math-mc1.21.1-0.3.0+alpha.0.82.jar with {c2me_opts_natives_math} mods - versions {0.3.0+alpha.0.82+1.21.1}
[13Nov2025 07:43:42.870] [main/DEBUG] [net.neoforged.fml.loading.moddiscovery.ModFile/LOADING]: Loading mod file  with languages [LanguageSpec[languageName=lowcodefml, acceptedVersions=*]]
[13Nov2025 07:43:42.871] [main/DEBUG] [net.neoforged.fml.loading.moddiscovery.ModFile/LOADING]: Found mixin config MixinConfig[config=c2me-opts-natives-math.mixins.json, requiredMods=[]]
[13Nov2025 07:43:42.871] [main/DEBUG] [net.neoforged.fml.loading.moddiscovery.ModFileParser/LOADING]: Considering mod file candidate /workspaces/server2holaa/servidor_minecraft/mods/dynamiclights-v1.9-mc1.17-1.21.9-mod.jar
[13Nov2025 07:43:42.872] [main/DEBUG] [net.neoforged.fml.loading.moddiscovery.ModFileInfo/LOADING]: Found valid mod file dynamiclights-v1.9-mc1.17-1.21.9-mod.jar with {dynamiclights} mods - versions {1.9+mod}
[13Nov2025 07:43:42.872] [main/DEBUG] [net.neoforged.fml.loading.moddiscovery.ModFile/LOADING]: Loading mod file /workspaces/server2holaa/servidor_minecraft/mods/dynamiclights-v1.9-mc1.17-1.21.9-mod.jar with languages [LanguageSpec[languageName=javafml, acceptedVersions=[3,)]]
[13Nov2025 07:43:42.872] [main/DEBUG] [net.neoforged.fml.loading.moddiscovery.ModFileParser/LOADING]: Considering mod file candidate /workspaces/server2holaa/servidor_minecraft/mods/Rainbows-1.21-1.5.jar
[13Nov2025 07:43:42.872] [main/DEBUG] [net.neoforged.fml.loading.moddiscovery.ModFileInfo/LOADING]: Found valid mod file Rainbows-1.21-1.5.jar with {rainbows} mods - versions {1.5}
[13Nov2025 07:43:42.872] [main/DEBUG] [net.neoforged.fml.loading.moddiscovery.ModFile/LOADING]: Loading mod file /workspaces/server2holaa/servidor_minecraft/mods/Rainbows-1.21-1.5.jar with languages [LanguageSpec[languageName=javafml, acceptedVersions=[4,)]]
[13Nov2025 07:43:42.872] [main/DEBUG] [net.neoforged.fml.loading.moddiscovery.ModFile/LOADING]: Found mixin config MixinConfig[config=rainbows.mixins.json, requiredMods=[]]
[13Nov2025 07:43:42.873] [main/DEBUG] [net.neoforged.fml.loading.moddiscovery.ModFileParser/LOADING]: Considering mod file candidate 
[13Nov2025 07:43:42.873] [main/DEBUG] [net.neoforged.fml.loading.moddiscovery.ModFileInfo/LOADING]: Found valid mod file c2me-fixes-general-threading-issues-mc1.21.1-0.3.0+alpha.0.82.jar with {c2me_fixes_general_threading_issues} mods - versions {0.3.0+alpha.0.82+1.21.1}
[13Nov2025 07:43:42.873] [main/DEBUG] [net.neoforged.fml.loading.moddiscovery.ModFile/LOADING]: Loading mod file  with languages [LanguageSpec[languageName=lowcodefml, acceptedVersions=*]]
[13Nov2025 07:43:42.873] [main/DEBUG] [net.neoforged.fml.loading.moddiscovery.ModFile/LOADING]: Found mixin config MixinConfig[config=c2me-fixes-general-threading-issues.mixins.json, requiredMods=[]]
[13Nov2025 07:43:42.873] [main/DEBUG] [net.neoforged.fml.loading.moddiscovery.ModFileParser/LOADING]: Considering mod file candidate /workspaces/server2holaa/servidor_minecraft/libraries/net/neoforged/neoforge/21.1.206/neoforge-21.1.206-universal.jar
[13Nov2025 07:43:42.874] [main/DEBUG] [net.neoforged.fml.loading.moddiscovery.ModFileInfo/LOADING]: Found valid mod file neoforge-21.1.206-universal.jar with {neoforge} mods - versions {21.1.206}
[13Nov2025 07:43:42.874] [main/DEBUG] [net.neoforged.fml.loading.moddiscovery.ModFile/LOADING]: Loading mod file /workspaces/server2holaa/servidor_minecraft/libraries/net/neoforged/neoforge/21.1.206/neoforge-21.1.206-universal.jar with languages [LanguageSpec[languageName=javafml, acceptedVersions=[3,]]]
[13Nov2025 07:43:42.874] [main/DEBUG] [net.neoforged.fml.loading.moddiscovery.ModFile/LOADING]: Found mixin config MixinConfig[config=neoforge.mixins.json, requiredMods=[]]
[13Nov2025 07:43:42.874] [main/DEBUG] [net.neoforged.fml.loading.moddiscovery.ModFileParser/LOADING]: Considering mod file candidate /workspaces/server2holaa/servidor_minecraft/mods/journeymap-neoforge-1.21.1-6.0.0-beta.52.jar
[13Nov2025 07:43:42.874] [main/DEBUG] [net.neoforged.fml.loading.moddiscovery.ModFileInfo/LOADING]: Found valid mod file journeymap-neoforge-1.21.1-6.0.0-beta.52.jar with {journeymap} mods - versions {1.21.1-6.0.0-beta.52}
[13Nov2025 07:43:42.874] [main/DEBUG] [net.neoforged.fml.loading.moddiscovery.ModFile/LOADING]: Loading mod file /workspaces/server2holaa/servidor_minecraft/mods/journeymap-neoforge-1.21.1-6.0.0-beta.52.jar with languages [LanguageSpec[languageName=javafml, acceptedVersions=[1,)]]
[13Nov2025 07:43:42.875] [main/DEBUG] [net.neoforged.fml.loading.moddiscovery.ModFile/LOADING]: Found mixin config MixinConfig[config=journeymap.mixins.json, requiredMods=[]]
[13Nov2025 07:43:42.875] [main/DEBUG] [net.neoforged.fml.loading.moddiscovery.ModFile/LOADING]: Found mixin config MixinConfig[config=journeymap.neoforge.mixins.json, requiredMods=[]]
[13Nov2025 07:43:42.875] [main/DEBUG] [net.neoforged.fml.loading.moddiscovery.ModFileParser/LOADING]: Considering mod file candidate /workspaces/server2holaa/servidor_minecraft/mods/artifacts-neoforge-13.1.0.jar
[13Nov2025 07:43:42.875] [main/DEBUG] [net.neoforged.fml.loading.moddiscovery.ModFileInfo/LOADING]: Found valid mod file artifacts-neoforge-13.1.0.jar with {artifacts} mods - versions {13.1.0}
[13Nov2025 07:43:42.875] [main/DEBUG] [net.neoforged.fml.loading.moddiscovery.ModFile/LOADING]: Loading mod file /workspaces/server2holaa/servidor_minecraft/mods/artifacts-neoforge-13.1.0.jar with languages [LanguageSpec[languageName=javafml, acceptedVersions=*]]
[13Nov2025 07:43:42.875] [main/DEBUG] [net.neoforged.fml.loading.moddiscovery.ModFile/LOADING]: Found mixin config MixinConfig[config=mixins.artifacts.common.json, requiredMods=[]]
[13Nov2025 07:43:42.875] [main/DEBUG] [net.neoforged.fml.loading.moddiscovery.ModFile/LOADING]: Found mixin config MixinConfig[config=mixins.artifacts.neoforge.json, requiredMods=[]]
[13Nov2025 07:43:42.875] [main/DEBUG] [net.neoforged.fml.loading.moddiscovery.ModFileParser/LOADING]: Considering mod file candidate /workspaces/server2holaa/servidor_minecraft/mods/SereneSeasons-neoforge-1.21.1-10.1.0.3.jar
[13Nov2025 07:43:42.876] [main/DEBUG] [net.neoforged.fml.loading.moddiscovery.ModFileInfo/LOADING]: Found valid mod file SereneSeasons-neoforge-1.21.1-10.1.0.3.jar with {sereneseasons} mods - versions {10.1.0.3}
[13Nov2025 07:43:42.876] [main/DEBUG] [net.neoforged.fml.loading.moddiscovery.ModFile/LOADING]: Loading mod file /workspaces/server2holaa/servidor_minecraft/mods/SereneSeasons-neoforge-1.21.1-10.1.0.3.jar with languages [LanguageSpec[languageName=javafml, acceptedVersions=[1,)]]
[13Nov2025 07:43:42.876] [main/DEBUG] [net.neoforged.fml.loading.moddiscovery.ModFile/LOADING]: Found mixin config MixinConfig[config=sereneseasons.mixins.json, requiredMods=[]]
[13Nov2025 07:43:42.876] [main/DEBUG] [net.neoforged.fml.loading.moddiscovery.ModFile/LOADING]: Found mixin config MixinConfig[config=sereneseasons.neoforge.mixins.json, requiredMods=[]]
[13Nov2025 07:43:42.876] [main/DEBUG] [net.neoforged.fml.loading.moddiscovery.ModFileParser/LOADING]: Considering mod file candidate /workspaces/server2holaa/servidor_minecraft/mods/GlitchCore-neoforge-1.21.1-2.1.0.0.jar
[13Nov2025 07:43:42.876] [main/DEBUG] [net.neoforged.fml.loading.moddiscovery.ModFileInfo/LOADING]: Found valid mod file GlitchCore-neoforge-1.21.1-2.1.0.0.jar with {glitchcore} mods - versions {2.1.0.0}
[13Nov2025 07:43:42.877] [main/DEBUG] [net.neoforged.fml.loading.moddiscovery.ModFile/LOADING]: Loading mod file /workspaces/server2holaa/servidor_minecraft/mods/GlitchCore-neoforge-1.21.1-2.1.0.0.jar with languages [LanguageSpec[languageName=javafml, acceptedVersions=[1,)]]
[13Nov2025 07:43:42.877] [main/DEBUG] [net.neoforged.fml.loading.moddiscovery.ModFile/LOADING]: Found mixin config MixinConfig[config=glitchcore.mixins.json, requiredMods=[]]
[13Nov2025 07:43:42.877] [main/DEBUG] [net.neoforged.fml.loading.moddiscovery.ModFile/LOADING]: Found mixin config MixinConfig[config=glitchcore.neoforge.mixins.json, requiredMods=[]]
[13Nov2025 07:43:42.877] [main/DEBUG] [net.neoforged.fml.loading.moddiscovery.ModFileParser/LOADING]: Considering mod file candidate 
[13Nov2025 07:43:42.877] [main/DEBUG] [net.neoforged.fml.loading.moddiscovery.ModFileInfo/LOADING]: Found valid mod file c2me-opts-math-mc1.21.1-0.3.0+alpha.0.82.jar with {c2me_opts_math} mods - versions {0.3.0+alpha.0.82+1.21.1}
[13Nov2025 07:43:42.877] [main/DEBUG] [net.neoforged.fml.loading.moddiscovery.ModFile/LOADING]: Loading mod file  with languages [LanguageSpec[languageName=lowcodefml, acceptedVersions=*]]
[13Nov2025 07:43:42.877] [main/DEBUG] [net.neoforged.fml.loading.moddiscovery.ModFile/LOADING]: Found mixin config MixinConfig[config=c2me-opts-math.mixins.json, requiredMods=[]]
[13Nov2025 07:43:42.877] [main/DEBUG] [net.neoforged.fml.loading.moddiscovery.ModFileParser/LOADING]: Considering mod file candidate /workspaces/server2holaa/servidor_minecraft/mods/u_team_core-neoforge-1.21.1-5.6.2.384.jar
[13Nov2025 07:43:42.878] [main/DEBUG] [net.neoforged.fml.loading.moddiscovery.ModFileInfo/LOADING]: Found valid mod file u_team_core-neoforge-1.21.1-5.6.2.384.jar with {uteamcore} mods - versions {5.6.2.384}
[13Nov2025 07:43:42.878] [main/DEBUG] [net.neoforged.fml.loading.moddiscovery.ModFile/LOADING]: Loading mod file /workspaces/server2holaa/servidor_minecraft/mods/u_team_core-neoforge-1.21.1-5.6.2.384.jar with languages [LanguageSpec[languageName=javafml, acceptedVersions=[2,)]]
[13Nov2025 07:43:42.878] [main/DEBUG] [net.neoforged.fml.loading.moddiscovery.ModFile/LOADING]: Found mixin config MixinConfig[config=uteamcore.mixins.json, requiredMods=[]]
[13Nov2025 07:43:42.878] [main/DEBUG] [net.neoforged.fml.loading.moddiscovery.ModFileParser/LOADING]: Considering mod file candidate 
[13Nov2025 07:43:42.879] [main/DEBUG] [net.neoforged.fml.loading.moddiscovery.ModFileInfo/LOADING]: Found valid mod file c2me-rewrites-chunk-system-mc1.21.1-0.3.0+alpha.0.82.jar with {c2me_rewrites_chunk_system} mods - versions {0.3.0+alpha.0.82+1.21.1}
[13Nov2025 07:43:42.879] [main/DEBUG] [net.neoforged.fml.loading.moddiscovery.ModFile/LOADING]: Loading mod file  with languages [LanguageSpec[languageName=lowcodefml, acceptedVersions=*]]
[13Nov2025 07:43:42.879] [main/DEBUG] [net.neoforged.fml.loading.moddiscovery.ModFile/LOADING]: Found mixin config MixinConfig[config=c2me-rewrites-chunk-system.mixins.json, requiredMods=[]]
[13Nov2025 07:43:42.879] [main/DEBUG] [net.neoforged.fml.loading.moddiscovery.ModFileParser/LOADING]: Considering mod file candidate /workspaces/server2holaa/servidor_minecraft/mods/c2me-neoforge-mc1.21.1-0.3.0+alpha.0.82.jar
[13Nov2025 07:43:42.879] [main/DEBUG] [net.neoforged.fml.loading.moddiscovery.ModFileInfo/LOADING]: Found valid mod file c2me-neoforge-mc1.21.1-0.3.0+alpha.0.82.jar with {c2me} mods - versions {0.3.0+alpha.0.82+1.21.1}
[13Nov2025 07:43:42.879] [main/DEBUG] [net.neoforged.fml.loading.moddiscovery.ModFile/LOADING]: Loading mod file /workspaces/server2holaa/servidor_minecraft/mods/c2me-neoforge-mc1.21.1-0.3.0+alpha.0.82.jar with languages [LanguageSpec[languageName=javafml, acceptedVersions=*]]
[13Nov2025 07:43:42.879] [main/DEBUG] [net.neoforged.fml.loading.moddiscovery.ModFileParser/LOADING]: Considering mod file candidate /workspaces/server2holaa/servidor_minecraft/mods/IceAndFireCE-2.0-beta.7-1.21.1-neoforge.jar
[13Nov2025 07:43:42.880] [main/DEBUG] [net.neoforged.fml.loading.moddiscovery.ModFileInfo/LOADING]: Found valid mod file IceAndFireCE-2.0-beta.7-1.21.1-neoforge.jar with {iceandfire} mods - versions {2.0-beta.7}
[13Nov2025 07:43:42.880] [main/DEBUG] [net.neoforged.fml.loading.moddiscovery.ModFile/LOADING]: Loading mod file /workspaces/server2holaa/servidor_minecraft/mods/IceAndFireCE-2.0-beta.7-1.21.1-neoforge.jar with languages [LanguageSpec[languageName=javafml, acceptedVersions=[2,)]]
[13Nov2025 07:43:42.880] [main/DEBUG] [net.neoforged.fml.loading.moddiscovery.ModFile/LOADING]: Found mixin config MixinConfig[config=iceandfire.mixins.json, requiredMods=[]]
[13Nov2025 07:43:42.880] [main/DEBUG] [net.neoforged.fml.loading.moddiscovery.ModFile/LOADING]: Found mixin config MixinConfig[config=iceandfire-neoforge.mixins.json, requiredMods=[]]
[13Nov2025 07:43:42.880] [main/DEBUG] [net.neoforged.fml.loading.moddiscovery.ModFileParser/LOADING]: Considering mod file candidate 
[13Nov2025 07:43:42.880] [main/DEBUG] [net.neoforged.fml.loading.moddiscovery.ModFileInfo/LOADING]: Found valid mod file c2me-base-mc1.21.1-0.3.0+alpha.0.82-all.jar with {c2me_base} mods - versions {0.3.0+alpha.0.82+1.21.1}
[13Nov2025 07:43:42.881] [main/DEBUG] [net.neoforged.fml.loading.moddiscovery.ModFile/LOADING]: Loading mod file  with languages [LanguageSpec[languageName=javafml, acceptedVersions=*]]
[13Nov2025 07:43:42.881] [main/DEBUG] [net.neoforged.fml.loading.moddiscovery.ModFile/LOADING]: Found mixin config MixinConfig[config=c2me-base.mixins.json, requiredMods=[]]
[13Nov2025 07:43:42.881] [main/DEBUG] [net.neoforged.fml.loading.moddiscovery.ModFileParser/LOADING]: Considering mod file candidate /workspaces/server2holaa/servidor_minecraft/mods/uranus-2.4-1.21.1-neoforge.jar
[13Nov2025 07:43:42.881] [main/DEBUG] [net.neoforged.fml.loading.moddiscovery.ModFileInfo/LOADING]: Found valid mod file uranus-2.4-1.21.1-neoforge.jar with {uranus} mods - versions {2.4}
[13Nov2025 07:43:42.881] [main/DEBUG] [net.neoforged.fml.loading.moddiscovery.ModFile/LOADING]: Loading mod file /workspaces/server2holaa/servidor_minecraft/mods/uranus-2.4-1.21.1-neoforge.jar with languages [LanguageSpec[languageName=javafml, acceptedVersions=[2,)]]
[13Nov2025 07:43:42.881] [main/DEBUG] [net.neoforged.fml.loading.moddiscovery.ModFile/LOADING]: Found mixin config MixinConfig[config=uranus.mixins.json, requiredMods=[]]
[13Nov2025 07:43:42.881] [main/DEBUG] [net.neoforged.fml.loading.moddiscovery.ModFile/LOADING]: Found mixin config MixinConfig[config=uranus-neoforge.mixins.json, requiredMods=[]]
[13Nov2025 07:43:42.881] [main/DEBUG] [net.neoforged.fml.loading.moddiscovery.ModFileParser/LOADING]: Considering mod file candidate /workspaces/server2holaa/servidor_minecraft/mods/cloth-config-15.0.140-neoforge.jar
[13Nov2025 07:43:42.882] [main/DEBUG] [net.neoforged.fml.loading.moddiscovery.ModFileInfo/LOADING]: Found valid mod file cloth-config-15.0.140-neoforge.jar with {cloth_config} mods - versions {15.0.140}
[13Nov2025 07:43:42.882] [main/DEBUG] [net.neoforged.fml.loading.moddiscovery.ModFile/LOADING]: Loading mod file /workspaces/server2holaa/servidor_minecraft/mods/cloth-config-15.0.140-neoforge.jar with languages [LanguageSpec[languageName=javafml, acceptedVersions=[1,)]]
[13Nov2025 07:43:42.882] [main/DEBUG] [net.neoforged.fml.loading.moddiscovery.ModFileParser/LOADING]: Considering mod file candidate 
[13Nov2025 07:43:42.882] [main/DEBUG] [net.neoforged.fml.loading.moddiscovery.ModFileInfo/LOADING]: Found valid mod file c2me-opts-worldgen-vanilla-mc1.21.1-0.3.0+alpha.0.82.jar with {c2me_opts_worldgen_vanilla} mods - versions {0.3.0+alpha.0.82+1.21.1}
[13Nov2025 07:43:42.882] [main/DEBUG] [net.neoforged.fml.loading.moddiscovery.ModFile/LOADING]: Loading mod file  with languages [LanguageSpec[languageName=lowcodefml, acceptedVersions=*]]
[13Nov2025 07:43:42.882] [main/DEBUG] [net.neoforged.fml.loading.moddiscovery.ModFile/LOADING]: Found mixin config MixinConfig[config=c2me-opts-worldgen-vanilla.mixins.json, requiredMods=[]]
[13Nov2025 07:43:42.883] [main/DEBUG] [net.neoforged.fml.loading.moddiscovery.ModFileParser/LOADING]: Considering mod file candidate 
[13Nov2025 07:43:42.883] [main/DEBUG] [net.neoforged.fml.loading.moddiscovery.ModFileInfo/LOADING]: Found valid mod file c2me-fixes-worldgen-vanilla-bugs-mc1.21.1-0.3.0+alpha.0.82.jar with {c2me_fixes_worldgen_vanilla_bugs} mods - versions {0.3.0+alpha.0.82+1.21.1}
[13Nov2025 07:43:42.883] [main/DEBUG] [net.neoforged.fml.loading.moddiscovery.ModFile/LOADING]: Loading mod file  with languages [LanguageSpec[languageName=lowcodefml, acceptedVersions=*]]
[13Nov2025 07:43:42.883] [main/DEBUG] [net.neoforged.fml.loading.moddiscovery.ModFile/LOADING]: Found mixin config MixinConfig[config=c2me-fixes-worldgen-vanilla-bugs.mixins.json, requiredMods=[]]
[13Nov2025 07:43:42.883] [main/DEBUG] [net.neoforged.fml.loading.moddiscovery.ModFileParser/LOADING]: Considering mod file candidate /workspaces/server2holaa/servidor_minecraft/mods/sleep-v.3.2.2.jar
[13Nov2025 07:43:42.884] [main/DEBUG] [net.neoforged.fml.loading.moddiscovery.ModFileInfo/LOADING]: Found valid mod file sleep-v.3.2.2.jar with {mr_sleep} mods - versions {1-v.3.2.2}
[13Nov2025 07:43:42.884] [main/DEBUG] [net.neoforged.fml.loading.moddiscovery.ModFile/LOADING]: Loading mod file /workspaces/server2holaa/servidor_minecraft/mods/sleep-v.3.2.2.jar with languages [LanguageSpec[languageName=javafml, acceptedVersions=[1,)]]
[13Nov2025 07:43:42.884] [main/DEBUG] [net.neoforged.fml.loading.moddiscovery.ModFileParser/LOADING]: Considering mod file candidate 
[13Nov2025 07:43:42.884] [main/DEBUG] [net.neoforged.fml.loading.moddiscovery.ModFileInfo/LOADING]: Found valid mod file integration-neoforge-0.2.jar with {integration} mods - versions {0.2}
[13Nov2025 07:43:42.884] [main/DEBUG] [net.neoforged.fml.loading.moddiscovery.ModFile/LOADING]: Loading mod file  with languages [LanguageSpec[languageName=javafml, acceptedVersions=[0,)]]
[13Nov2025 07:43:42.884] [main/DEBUG] [net.neoforged.fml.loading.moddiscovery.ModFileParser/LOADING]: Considering mod file candidate 
[13Nov2025 07:43:42.885] [main/DEBUG] [net.neoforged.fml.loading.moddiscovery.ModFileInfo/LOADING]: Found valid mod file c2me-opts-scheduling-mc1.21.1-0.3.0+alpha.0.82.jar with {c2me_opts_scheduling} mods - versions {0.3.0+alpha.0.82+1.21.1}
[13Nov2025 07:43:42.885] [main/DEBUG] [net.neoforged.fml.loading.moddiscovery.ModFile/LOADING]: Loading mod file  with languages [LanguageSpec[languageName=lowcodefml, acceptedVersions=*]]
[13Nov2025 07:43:42.885] [main/DEBUG] [net.neoforged.fml.loading.moddiscovery.ModFile/LOADING]: Found mixin config MixinConfig[config=c2me-opts-scheduling.mixins.json, requiredMods=[]]
[13Nov2025 07:43:42.885] [main/DEBUG] [net.neoforged.fml.loading.moddiscovery.ModFileParser/LOADING]: Considering mod file candidate /workspaces/server2holaa/servidor_minecraft/mods/twilightforest-1.21.1-4.6.3003-universal.jar
[13Nov2025 07:43:42.885] [main/DEBUG] [net.neoforged.fml.loading.moddiscovery.ModFileInfo/LOADING]: Found valid mod file twilightforest-1.21.1-4.6.3003-universal.jar with {twilightforest} mods - versions {4.6.3003}
[13Nov2025 07:43:42.885] [main/DEBUG] [net.neoforged.fml.loading.moddiscovery.ModFile/LOADING]: Loading mod file /workspaces/server2holaa/servidor_minecraft/mods/twilightforest-1.21.1-4.6.3003-universal.jar with languages [LanguageSpec[languageName=javafml, acceptedVersions=[4,)]]
[13Nov2025 07:43:42.885] [main/DEBUG] [net.neoforged.fml.loading.moddiscovery.ModFileParser/LOADING]: Considering mod file candidate /workspaces/server2holaa/servidor_minecraft/mods/DungeonsArise-1.21.x-2.1.64-release.jar
[13Nov2025 07:43:42.886] [main/DEBUG] [net.neoforged.fml.loading.moddiscovery.ModFileInfo/LOADING]: Found valid mod file DungeonsArise-1.21.x-2.1.64-release.jar with {dungeons_arise} mods - versions {2.1.64}
[13Nov2025 07:43:42.886] [main/DEBUG] [net.neoforged.fml.loading.moddiscovery.ModFile/LOADING]: Loading mod file /workspaces/server2holaa/servidor_minecraft/mods/DungeonsArise-1.21.x-2.1.64-release.jar with languages [LanguageSpec[languageName=javafml, acceptedVersions=[4,)]]
[13Nov2025 07:43:42.886] [main/DEBUG] [net.neoforged.fml.loading.moddiscovery.ModFileInfo/LOADING]: Found valid mod file server-1.21.1-20240808.144430-srg.jar with {minecraft} mods - versions {1.21.1}
[13Nov2025 07:43:42.886] [main/DEBUG] [net.neoforged.fml.loading.moddiscovery.ModFile/LOADING]: Loading mod file /workspaces/server2holaa/servidor_minecraft/libraries/net/minecraft/server/1.21.1-20240808.144430/server-1.21.1-20240808.144430-srg.jar with languages [LanguageSpec[languageName=minecraft, acceptedVersions=1]]
[13Nov2025 07:43:42.886] [main/DEBUG] [net.neoforged.fml.loading.moddiscovery.ModFileParser/LOADING]: Considering mod file candidate /workspaces/server2holaa/servidor_minecraft/mods/useful_backpacks-neoforge-1.21.1-3.0.2.129.jar
[13Nov2025 07:43:42.887] [main/DEBUG] [net.neoforged.fml.loading.moddiscovery.ModFileInfo/LOADING]: Found valid mod file useful_backpacks-neoforge-1.21.1-3.0.2.129.jar with {usefulbackpacks} mods - versions {3.0.2.129}
[13Nov2025 07:43:42.887] [main/DEBUG] [net.neoforged.fml.loading.moddiscovery.ModFile/LOADING]: Loading mod file /workspaces/server2holaa/servidor_minecraft/mods/useful_backpacks-neoforge-1.21.1-3.0.2.129.jar with languages [LanguageSpec[languageName=javafml, acceptedVersions=[2,)]]
[13Nov2025 07:43:42.887] [main/DEBUG] [net.neoforged.fml.loading.moddiscovery.ModFile/LOADING]: Found mixin config MixinConfig[config=usefulbackpacks.mixins.json, requiredMods=[]]
[13Nov2025 07:43:42.887] [main/DEBUG] [net.neoforged.fml.loading.moddiscovery.ModFileParser/LOADING]: Considering mod file candidate /workspaces/server2holaa/servidor_minecraft/mods/bossesrise-1.21.1-neoforge-1.0.9.jar
[13Nov2025 07:43:42.887] [main/DEBUG] [net.neoforged.fml.loading.moddiscovery.ModFileInfo/LOADING]: Found valid mod file bossesrise-1.21.1-neoforge-1.0.9.jar with {block_factorys_bosses} mods - versions {1.0.9}
[13Nov2025 07:43:42.888] [main/DEBUG] [net.neoforged.fml.loading.moddiscovery.ModFile/LOADING]: Loading mod file /workspaces/server2holaa/servidor_minecraft/mods/bossesrise-1.21.1-neoforge-1.0.9.jar with languages [LanguageSpec[languageName=javafml, acceptedVersions=[4,)]]
[13Nov2025 07:43:42.888] [main/DEBUG] [net.neoforged.fml.loading.moddiscovery.ModFile/LOADING]: Found mixin config MixinConfig[config=mixins.block_factorys_bosses.json, requiredMods=[]]
[13Nov2025 07:43:42.888] [main/DEBUG] [net.neoforged.fml.loading.moddiscovery.ModFileParser/LOADING]: Considering mod file candidate 
[13Nov2025 07:43:42.888] [main/DEBUG] [net.neoforged.fml.loading.moddiscovery.ModFileInfo/LOADING]: Found valid mod file c2me-fixes-chunkio-threading-issues-mc1.21.1-0.3.0+alpha.0.82.jar with {c2me_fixes_chunkio_threading_issues} mods - versions {0.3.0+alpha.0.82+1.21.1}
[13Nov2025 07:43:42.888] [main/DEBUG] [net.neoforged.fml.loading.moddiscovery.ModFile/LOADING]: Loading mod file  with languages [LanguageSpec[languageName=lowcodefml, acceptedVersions=*]]
[13Nov2025 07:43:42.888] [main/DEBUG] [net.neoforged.fml.loading.moddiscovery.ModFile/LOADING]: Found mixin config MixinConfig[config=c2me-fixes-chunkio-threading-issues.mixins.json, requiredMods=[]]
[13Nov2025 07:43:42.888] [main/DEBUG] [net.neoforged.fml.loading.moddiscovery.ModFileParser/LOADING]: Considering mod file candidate 
[13Nov2025 07:43:42.889] [main/DEBUG] [net.neoforged.fml.loading.moddiscovery.ModFileInfo/LOADING]: Found valid mod file c2me-client-uncapvd-mc1.21.1-0.3.0+alpha.0.82.jar with {c2me_client_uncapvd} mods - versions {0.3.0+alpha.0.82+1.21.1}
[13Nov2025 07:43:42.889] [main/DEBUG] [net.neoforged.fml.loading.moddiscovery.ModFile/LOADING]: Loading mod file  with languages [LanguageSpec[languageName=javafml, acceptedVersions=*]]
[13Nov2025 07:43:42.889] [main/DEBUG] [net.neoforged.fml.loading.moddiscovery.ModFile/LOADING]: Found mixin config MixinConfig[config=c2me-client-uncapvd.mixins.json, requiredMods=[]]
[13Nov2025 07:43:42.889] [main/DEBUG] [net.neoforged.fml.loading.moddiscovery.ModFileParser/LOADING]: Considering mod file candidate /workspaces/server2holaa/servidor_minecraft/mods/Jupiter-2.2.2-neoforge.jar
[13Nov2025 07:43:42.889] [main/DEBUG] [net.neoforged.fml.loading.moddiscovery.ModFileInfo/LOADING]: Found valid mod file Jupiter-2.2.2-neoforge.jar with {jupiter} mods - versions {2.2.2}
[13Nov2025 07:43:42.889] [main/DEBUG] [net.neoforged.fml.loading.moddiscovery.ModFile/LOADING]: Loading mod file /workspaces/server2holaa/servidor_minecraft/mods/Jupiter-2.2.2-neoforge.jar with languages [LanguageSpec[languageName=javafml, acceptedVersions=[2,)]]
[13Nov2025 07:43:42.889] [main/DEBUG] [net.neoforged.fml.loading.moddiscovery.ModFileParser/LOADING]: Considering mod file candidate /workspaces/server2holaa/servidor_minecraft/mods/CreativeCore_NEOFORGE_v2.13.13_mc1.21.1.jar
[13Nov2025 07:43:42.890] [main/DEBUG] [net.neoforged.fml.loading.moddiscovery.ModFileInfo/LOADING]: Found valid mod file CreativeCore_NEOFORGE_v2.13.13_mc1.21.1.jar with {creativecore} mods - versions {2.13.13}
[13Nov2025 07:43:42.890] [main/DEBUG] [net.neoforged.fml.loading.moddiscovery.ModFile/LOADING]: Loading mod file /workspaces/server2holaa/servidor_minecraft/mods/CreativeCore_NEOFORGE_v2.13.13_mc1.21.1.jar with languages [LanguageSpec[languageName=javafml, acceptedVersions=[1,)]]
[13Nov2025 07:43:42.890] [main/DEBUG] [net.neoforged.fml.loading.moddiscovery.ModFile/LOADING]: Found mixin config MixinConfig[config=creativecore.mixins.json, requiredMods=[]]
[13Nov2025 07:43:42.890] [main/DEBUG] [net.neoforged.fml.loading.moddiscovery.ModFile/LOADING]: Found mixin config MixinConfig[config=creativecore.forge.mixins.json, requiredMods=[]]
[13Nov2025 07:43:42.890] [main/DEBUG] [net.neoforged.fml.loading.moddiscovery.ModFileParser/LOADING]: Considering mod file candidate 
[13Nov2025 07:43:42.890] [main/DEBUG] [net.neoforged.fml.loading.moddiscovery.ModFileInfo/LOADING]: Found valid mod file c2me-server-utils-mc1.21.1-0.3.0+alpha.0.82.jar with {c2me_server_utils} mods - versions {0.3.0+alpha.0.82+1.21.1}
[13Nov2025 07:43:42.890] [main/DEBUG] [net.neoforged.fml.loading.moddiscovery.ModFile/LOADING]: Loading mod file  with languages [LanguageSpec[languageName=lowcodefml, acceptedVersions=*]]
[13Nov2025 07:43:42.891] [main/DEBUG] [net.neoforged.fml.loading.moddiscovery.ModFile/LOADING]: Found mixin config MixinConfig[config=c2me-server-utils.mixins.json, requiredMods=[]]
[13Nov2025 07:43:42.891] [main/DEBUG] [net.neoforged.fml.loading.moddiscovery.ModFileParser/LOADING]: Considering mod file candidate /workspaces/server2holaa/servidor_minecraft/mods/ForgeConfigAPIPort-v21.1.4-1.21.1-NeoForge.jar
[13Nov2025 07:43:42.891] [main/DEBUG] [net.neoforged.fml.loading.moddiscovery.ModFileInfo/LOADING]: Found valid mod file ForgeConfigAPIPort-v21.1.4-1.21.1-NeoForge.jar with {forgeconfigapiport} mods - versions {21.1.4}
[13Nov2025 07:43:42.891] [main/DEBUG] [net.neoforged.fml.loading.moddiscovery.ModFile/LOADING]: Loading mod file /workspaces/server2holaa/servidor_minecraft/mods/ForgeConfigAPIPort-v21.1.4-1.21.1-NeoForge.jar with languages [LanguageSpec[languageName=javafml, acceptedVersions=*]]
[13Nov2025 07:43:42.891] [main/DEBUG] [net.neoforged.fml.loading.moddiscovery.ModFile/LOADING]: Found mixin config MixinConfig[config=forgeconfigapiport.common.mixins.json, requiredMods=[]]
[13Nov2025 07:43:42.891] [main/DEBUG] [net.neoforged.fml.loading.moddiscovery.ModFile/LOADING]: Found mixin config MixinConfig[config=forgeconfigapiport.neoforge.mixins.json, requiredMods=[]]
[13Nov2025 07:43:42.891] [main/DEBUG] [net.neoforged.fml.loading.moddiscovery.ModFileParser/LOADING]: Considering mod file candidate 
[13Nov2025 07:43:42.892] [main/DEBUG] [net.neoforged.fml.loading.moddiscovery.ModFileInfo/LOADING]: Found valid mod file c2me-opts-dfc-mc1.21.1-0.3.0+alpha.0.82.jar with {c2me_opts_dfc} mods - versions {0.3.0+alpha.0.82+1.21.1}
[13Nov2025 07:43:42.892] [main/DEBUG] [net.neoforged.fml.loading.moddiscovery.ModFile/LOADING]: Loading mod file  with languages [LanguageSpec[languageName=lowcodefml, acceptedVersions=*]]
[13Nov2025 07:43:42.892] [main/DEBUG] [net.neoforged.fml.loading.moddiscovery.ModFile/LOADING]: Found mixin config MixinConfig[config=c2me-opts-dfc.mixins.json, requiredMods=[]]
[13Nov2025 07:43:42.892] [main/DEBUG] [net.neoforged.fml.loading.moddiscovery.ModFileParser/LOADING]: Considering mod file candidate /workspaces/server2holaa/servidor_minecraft/mods/curios-neoforge-9.5.1+1.21.1.jar
[13Nov2025 07:43:42.892] [main/DEBUG] [net.neoforged.fml.loading.moddiscovery.ModFileInfo/LOADING]: Found valid mod file curios-neoforge-9.5.1+1.21.1.jar with {curios} mods - versions {9.5.1+1.21.1}
[13Nov2025 07:43:42.892] [main/DEBUG] [net.neoforged.fml.loading.moddiscovery.ModFile/LOADING]: Loading mod file /workspaces/server2holaa/servidor_minecraft/mods/curios-neoforge-9.5.1+1.21.1.jar with languages [LanguageSpec[languageName=javafml, acceptedVersions=[1,)]]
[13Nov2025 07:43:42.892] [main/DEBUG] [net.neoforged.fml.loading.moddiscovery.ModFile/LOADING]: Found mixin config MixinConfig[config=curios.neoforge.mixins.json, requiredMods=[]]
[13Nov2025 07:43:42.892] [main/DEBUG] [net.neoforged.fml.loading.moddiscovery.ModFile/LOADING]: Found mixin config MixinConfig[config=curios.mixins.json, requiredMods=[]]
[13Nov2025 07:43:42.892] [main/DEBUG] [net.neoforged.fml.loading.moddiscovery.ModFileParser/LOADING]: Considering mod file candidate /workspaces/server2holaa/servidor_minecraft/mods/choccos_mobs-0.1.3-neoforge-1.21.1.jar
[13Nov2025 07:43:42.893] [main/DEBUG] [net.neoforged.fml.loading.moddiscovery.ModFileInfo/LOADING]: Found valid mod file choccos_mobs-0.1.3-neoforge-1.21.1.jar with {choccos_mobs} mods - versions {0.1.3}
[13Nov2025 07:43:42.893] [main/DEBUG] [net.neoforged.fml.loading.moddiscovery.ModFile/LOADING]: Loading mod file /workspaces/server2holaa/servidor_minecraft/mods/choccos_mobs-0.1.3-neoforge-1.21.1.jar with languages [LanguageSpec[languageName=javafml, acceptedVersions=[4,)]]
[13Nov2025 07:43:42.893] [main/DEBUG] [net.neoforged.fml.loading.moddiscovery.ModFileParser/LOADING]: Considering mod file candidate /workspaces/server2holaa/servidor_minecraft/mods/collective-1.21.1-8.11.jar
[13Nov2025 07:43:42.894] [main/DEBUG] [net.neoforged.fml.loading.moddiscovery.ModFileInfo/LOADING]: Found valid mod file collective-1.21.1-8.11.jar with {collective} mods - versions {8.11}
[13Nov2025 07:43:42.894] [main/DEBUG] [net.neoforged.fml.loading.moddiscovery.ModFile/LOADING]: Loading mod file /workspaces/server2holaa/servidor_minecraft/mods/collective-1.21.1-8.11.jar with languages [LanguageSpec[languageName=javafml, acceptedVersions=*]]
[13Nov2025 07:43:42.894] [main/DEBUG] [net.neoforged.fml.loading.moddiscovery.ModFile/LOADING]: Found mixin config MixinConfig[config=collective_neoforge.mixins.json, requiredMods=[]]
[13Nov2025 07:43:42.894] [main/DEBUG] [net.neoforged.fml.loading.moddiscovery.ModFileParser/LOADING]: Considering mod file candidate /workspaces/server2holaa/servidor_minecraft/mods/naturallychargedcreepers-1.21.1-3.5.jar
[13Nov2025 07:43:42.894] [main/DEBUG] [net.neoforged.fml.loading.moddiscovery.ModFileInfo/LOADING]: Found valid mod file naturallychargedcreepers-1.21.1-3.5.jar with {naturallychargedcreepers} mods - versions {3.5}
[13Nov2025 07:43:42.894] [main/DEBUG] [net.neoforged.fml.loading.moddiscovery.ModFile/LOADING]: Loading mod file /workspaces/server2holaa/servidor_minecraft/mods/naturallychargedcreepers-1.21.1-3.5.jar with languages [LanguageSpec[languageName=javafml, acceptedVersions=*]]
[13Nov2025 07:43:42.894] [main/DEBUG] [net.neoforged.fml.loading.moddiscovery.ModFile/LOADING]: Found mixin config MixinConfig[config=naturallychargedcreepers_neoforge.mixins.json, requiredMods=[]]
[13Nov2025 07:43:42.894] [main/DEBUG] [net.neoforged.fml.loading.moddiscovery.ModFileParser/LOADING]: Considering mod file candidate 
[13Nov2025 07:43:42.895] [main/DEBUG] [net.neoforged.fml.loading.moddiscovery.ModFileInfo/LOADING]: Found valid mod file c2me-notickvd-mc1.21.1-0.3.0+alpha.0.82.jar with {c2me_notickvd} mods - versions {0.3.0+alpha.0.82+1.21.1}
[13Nov2025 07:43:42.895] [main/DEBUG] [net.neoforged.fml.loading.moddiscovery.ModFile/LOADING]: Loading mod file  with languages [LanguageSpec[languageName=javafml, acceptedVersions=*]]
[13Nov2025 07:43:42.895] [main/DEBUG] [net.neoforged.fml.loading.moddiscovery.ModFile/LOADING]: Found mixin config MixinConfig[config=c2me-notickvd.mixins.json, requiredMods=[]]
[13Nov2025 07:43:42.895] [main/DEBUG] [net.neoforged.fml.loading.moddiscovery.ModFileParser/LOADING]: Considering mod file candidate /workspaces/server2holaa/servidor_minecraft/mods/[1.21.1] SecurityCraft v1.10.jar
[13Nov2025 07:43:42.895] [main/DEBUG] [net.neoforged.fml.loading.moddiscovery.ModFileInfo/LOADING]: Found valid mod file [1.21.1] SecurityCraft v1.10.jar with {securitycraft} mods - versions {1.10}
[13Nov2025 07:43:42.896] [main/DEBUG] [net.neoforged.fml.loading.moddiscovery.ModFile/LOADING]: Loading mod file /workspaces/server2holaa/servidor_minecraft/mods/[1.21.1] SecurityCraft v1.10.jar with languages [LanguageSpec[languageName=javafml, acceptedVersions=[1,)]]
[13Nov2025 07:43:42.896] [main/DEBUG] [net.neoforged.fml.loading.moddiscovery.ModFile/LOADING]: Found mixin config MixinConfig[config=securitycraft.mixins.json, requiredMods=[]]
[13Nov2025 07:43:42.896] [main/DEBUG] [net.neoforged.fml.loading.moddiscovery.ModFileParser/LOADING]: Considering mod file candidate /workspaces/server2holaa/servidor_minecraft/mods/elevatorid-neoforge-1.21.1-1.11.4.jar
[13Nov2025 07:43:42.896] [main/DEBUG] [net.neoforged.fml.loading.moddiscovery.ModFileInfo/LOADING]: Found valid mod file elevatorid-neoforge-1.21.1-1.11.4.jar with {elevatorid} mods - versions {1.21.1-1.11.4}
[13Nov2025 07:43:42.896] [main/DEBUG] [net.neoforged.fml.loading.moddiscovery.ModFile/LOADING]: Loading mod file /workspaces/server2holaa/servidor_minecraft/mods/elevatorid-neoforge-1.21.1-1.11.4.jar with languages [LanguageSpec[languageName=javafml, acceptedVersions=[4,)]]
[13Nov2025 07:43:42.896] [main/DEBUG] [net.neoforged.fml.loading.moddiscovery.ModFile/LOADING]: Found mixin config MixinConfig[config=elevatorid.mixins.json, requiredMods=[]]
[13Nov2025 07:43:42.896] [main/DEBUG] [net.neoforged.fml.loading.moddiscovery.ModFileParser/LOADING]: Considering mod file candidate 
[13Nov2025 07:43:42.897] [main/DEBUG] [net.neoforged.fml.loading.moddiscovery.ModFileInfo/LOADING]: Found valid mod file c2me-opts-worldgen-general-mc1.21.1-0.3.0+alpha.0.82.jar with {c2me_opts_worldgen_general} mods - versions {0.3.0+alpha.0.82+1.21.1}
[13Nov2025 07:43:42.897] [main/DEBUG] [net.neoforged.fml.loading.moddiscovery.ModFile/LOADING]: Loading mod file  with languages [LanguageSpec[languageName=lowcodefml, acceptedVersions=*]]
[13Nov2025 07:43:42.897] [main/DEBUG] [net.neoforged.fml.loading.moddiscovery.ModFile/LOADING]: Found mixin config MixinConfig[config=c2me-opts-worldgen-general.mixins.json, requiredMods=[]]
[13Nov2025 07:43:42.897] [main/DEBUG] [net.neoforged.fml.loading.moddiscovery.ModFileParser/LOADING]: Considering mod file candidate /workspaces/server2holaa/servidor_minecraft/mods/tombstone-neoforge-1.21.1-9.4.8.jar
[13Nov2025 07:43:42.897] [main/DEBUG] [net.neoforged.fml.loading.moddiscovery.ModFileInfo/LOADING]: Found valid mod file tombstone-neoforge-1.21.1-9.4.8.jar with {tombstone} mods - versions {9.4.8}
[13Nov2025 07:43:42.897] [main/DEBUG] [net.neoforged.fml.loading.moddiscovery.ModFile/LOADING]: Loading mod file /workspaces/server2holaa/servidor_minecraft/mods/tombstone-neoforge-1.21.1-9.4.8.jar with languages [LanguageSpec[languageName=javafml, acceptedVersions=[4,)]]
[13Nov2025 07:43:42.897] [main/DEBUG] [net.neoforged.fml.loading.moddiscovery.ModFile/LOADING]: Found mixin config MixinConfig[config=tombstone.mixins.json, requiredMods=[]]
[13Nov2025 07:43:42.897] [main/DEBUG] [net.neoforged.fml.loading.moddiscovery.ModFileParser/LOADING]: Considering mod file candidate 
[13Nov2025 07:43:42.898] [main/DEBUG] [net.neoforged.fml.loading.moddiscovery.ModFileInfo/LOADING]: Found valid mod file c2me-opts-chunkio-mc1.21.1-0.3.0+alpha.0.82.jar with {c2me_opts_chunkio} mods - versions {0.3.0+alpha.0.82+1.21.1}
[13Nov2025 07:43:42.898] [main/DEBUG] [net.neoforged.fml.loading.moddiscovery.ModFile/LOADING]: Loading mod file  with languages [LanguageSpec[languageName=lowcodefml, acceptedVersions=*]]
[13Nov2025 07:43:42.898] [main/DEBUG] [net.neoforged.fml.loading.moddiscovery.ModFile/LOADING]: Found mixin config MixinConfig[config=c2me-opts-chunkio.mixins.json, requiredMods=[]]
[13Nov2025 07:43:42.898] [main/DEBUG] [net.neoforged.fml.loading.moddiscovery.ModFileParser/LOADING]: Considering mod file candidate /workspaces/server2holaa/servidor_minecraft/mods/appleskin-neoforge-mc1.21-3.0.7.jar
[13Nov2025 07:43:42.898] [main/DEBUG] [net.neoforged.fml.loading.moddiscovery.ModFileInfo/LOADING]: Found valid mod file appleskin-neoforge-mc1.21-3.0.7.jar with {appleskin} mods - versions {3.0.7+mc1.21}
[13Nov2025 07:43:42.898] [main/DEBUG] [net.neoforged.fml.loading.moddiscovery.ModFile/LOADING]: Loading mod file /workspaces/server2holaa/servidor_minecraft/mods/appleskin-neoforge-mc1.21-3.0.7.jar with languages [LanguageSpec[languageName=javafml, acceptedVersions=[2,)]]
[13Nov2025 07:43:42.899] [main/DEBUG] [net.neoforged.fml.loading.moddiscovery.ModFileParser/LOADING]: Considering mod file candidate /workspaces/server2holaa/servidor_minecraft/mods/architectury-13.0.8-neoforge.jar
[13Nov2025 07:43:42.899] [main/DEBUG] [net.neoforged.fml.loading.moddiscovery.ModFileInfo/LOADING]: Found valid mod file architectury-13.0.8-neoforge.jar with {architectury} mods - versions {13.0.8}
[13Nov2025 07:43:42.899] [main/DEBUG] [net.neoforged.fml.loading.moddiscovery.ModFile/LOADING]: Loading mod file /workspaces/server2holaa/servidor_minecraft/mods/architectury-13.0.8-neoforge.jar with languages [LanguageSpec[languageName=javafml, acceptedVersions=[1,)]]
[13Nov2025 07:43:42.899] [main/DEBUG] [net.neoforged.fml.loading.moddiscovery.ModFile/LOADING]: Found mixin config MixinConfig[config=architectury.mixins.json, requiredMods=[]]
[13Nov2025 07:43:42.899] [main/DEBUG] [net.neoforged.fml.loading.moddiscovery.ModFile/LOADING]: Found mixin config MixinConfig[config=architectury-common.mixins.json, requiredMods=[]]
[13Nov2025 07:43:42.899] [main/DEBUG] [net.neoforged.fml.loading.moddiscovery.ModFileParser/LOADING]: Considering mod file candidate /workspaces/server2holaa/servidor_minecraft/mods/mvs-4.3.0-1.21.jar
[13Nov2025 07:43:42.900] [main/DEBUG] [net.neoforged.fml.loading.moddiscovery.ModFileInfo/LOADING]: Found valid mod file mvs-4.3.0-1.21.jar with {mvs} mods - versions {4.3.0-1.21}
[13Nov2025 07:43:42.900] [main/DEBUG] [net.neoforged.fml.loading.moddiscovery.ModFile/LOADING]: Loading mod file /workspaces/server2holaa/servidor_minecraft/mods/mvs-4.3.0-1.21.jar with languages [LanguageSpec[languageName=javafml, acceptedVersions=[2,)]]
[13Nov2025 07:43:42.900] [main/DEBUG] [net.neoforged.fml.loading.moddiscovery.ModFile/LOADING]: Found mixin config MixinConfig[config=mvs-neoforge.mixins.json, requiredMods=[]]
[13Nov2025 07:43:42.900] [main/DEBUG] [net.neoforged.fml.loading.moddiscovery.ModFile/LOADING]: Found mixin config MixinConfig[config=mvs-common.mixins.json, requiredMods=[]]
[13Nov2025 07:43:42.900] [main/DEBUG] [net.neoforged.fml.loading.moddiscovery.ModFileParser/LOADING]: Considering mod file candidate /workspaces/server2holaa/servidor_minecraft/mods/refurbished_furniture-neoforge-1.21.1-1.0.20.jar
[13Nov2025 07:43:42.900] [main/DEBUG] [net.neoforged.fml.loading.moddiscovery.ModFileInfo/LOADING]: Found valid mod file refurbished_furniture-neoforge-1.21.1-1.0.20.jar with {refurbished_furniture} mods - versions {1.0.20}
[13Nov2025 07:43:42.900] [main/DEBUG] [net.neoforged.fml.loading.moddiscovery.ModFile/LOADING]: Loading mod file /workspaces/server2holaa/servidor_minecraft/mods/refurbished_furniture-neoforge-1.21.1-1.0.20.jar with languages [LanguageSpec[languageName=javafml, acceptedVersions=[2,)]]
[13Nov2025 07:43:42.900] [main/DEBUG] [net.neoforged.fml.loading.moddiscovery.ModFile/LOADING]: Found mixin config MixinConfig[config=refurbished_furniture.common.mixins.json, requiredMods=[]]
[13Nov2025 07:43:42.901] [main/DEBUG] [net.neoforged.fml.loading.moddiscovery.ModFileParser/LOADING]: Considering mod file candidate /workspaces/server2holaa/servidor_minecraft/mods/PuzzlesLib-v21.1.38-1.21.1-NeoForge.jar
[13Nov2025 07:43:42.901] [main/DEBUG] [net.neoforged.fml.loading.moddiscovery.ModFileInfo/LOADING]: Found valid mod file PuzzlesLib-v21.1.38-1.21.1-NeoForge.jar with {puzzleslib} mods - versions {21.1.38}
[13Nov2025 07:43:42.901] [main/DEBUG] [net.neoforged.fml.loading.moddiscovery.ModFile/LOADING]: Loading mod file /workspaces/server2holaa/servidor_minecraft/mods/PuzzlesLib-v21.1.38-1.21.1-NeoForge.jar with languages [LanguageSpec[languageName=javafml, acceptedVersions=*]]
[13Nov2025 07:43:42.901] [main/DEBUG] [net.neoforged.fml.loading.moddiscovery.ModFile/LOADING]: Found mixin config MixinConfig[config=puzzleslib.common.mixins.json, requiredMods=[]]
[13Nov2025 07:43:42.901] [main/DEBUG] [net.neoforged.fml.loading.moddiscovery.ModFile/LOADING]: Found mixin config MixinConfig[config=puzzleslib.neoforge.mixins.json, requiredMods=[]]
[13Nov2025 07:43:42.901] [main/DEBUG] [net.neoforged.fml.loading.moddiscovery.ModFileParser/LOADING]: Considering mod file candidate /workspaces/server2holaa/servidor_minecraft/mods/framework-neoforge-1.21.1-0.9.6.jar
[13Nov2025 07:43:42.902] [main/DEBUG] [net.neoforged.fml.loading.moddiscovery.ModFileInfo/LOADING]: Found valid mod file framework-neoforge-1.21.1-0.9.6.jar with {framework} mods - versions {0.9.6}
[13Nov2025 07:43:42.902] [main/DEBUG] [net.neoforged.fml.loading.moddiscovery.ModFile/LOADING]: Loading mod file /workspaces/server2holaa/servidor_minecraft/mods/framework-neoforge-1.21.1-0.9.6.jar with languages [LanguageSpec[languageName=javafml, acceptedVersions=[2,)]]
[13Nov2025 07:43:42.902] [main/DEBUG] [net.neoforged.fml.loading.moddiscovery.ModFileParser/LOADING]: Considering mod file candidate 
[13Nov2025 07:43:42.902] [main/DEBUG] [net.neoforged.fml.loading.moddiscovery.ModFileInfo/LOADING]: Found valid mod file c2me-rewrites-chunkio-mc1.21.1-0.3.0+alpha.0.82.jar with {c2me_rewrites_chunkio} mods - versions {0.3.0+alpha.0.82+1.21.1}
[13Nov2025 07:43:42.902] [main/DEBUG] [net.neoforged.fml.loading.moddiscovery.ModFile/LOADING]: Loading mod file  with languages [LanguageSpec[languageName=lowcodefml, acceptedVersions=*]]
[13Nov2025 07:43:42.902] [main/DEBUG] [net.neoforged.fml.loading.moddiscovery.ModFile/LOADING]: Found mixin config MixinConfig[config=c2me-rewrites-chunkio.mixins.json, requiredMods=[]]
[13Nov2025 07:43:42.902] [main/DEBUG] [net.neoforged.fml.loading.moddiscovery.ModFileParser/LOADING]: Considering mod file candidate /workspaces/server2holaa/servidor_minecraft/mods/expandability-12.0.0.jar
[13Nov2025 07:43:42.903] [main/DEBUG] [net.neoforged.fml.loading.moddiscovery.ModFileInfo/LOADING]: Found valid mod file expandability-12.0.0.jar with {expandability} mods - versions {12.0.0}
[13Nov2025 07:43:42.903] [main/DEBUG] [net.neoforged.fml.loading.moddiscovery.ModFile/LOADING]: Loading mod file /workspaces/server2holaa/servidor_minecraft/mods/expandability-12.0.0.jar with languages [LanguageSpec[languageName=javafml, acceptedVersions=[2,)]]
[13Nov2025 07:43:42.903] [main/DEBUG] [net.neoforged.fml.loading.moddiscovery.ModFile/LOADING]: Found mixin config MixinConfig[config=expandability-common.mixins.json, requiredMods=[]]
[13Nov2025 07:43:42.903] [main/DEBUG] [net.neoforged.fml.loading.moddiscovery.ModFile/LOADING]: Found mixin config MixinConfig[config=expandability.mixins.json, requiredMods=[]]
[13Nov2025 07:43:42.903] [main/DEBUG] [net.neoforged.fml.loading.moddiscovery.ModFileParser/LOADING]: Considering mod file candidate 
[13Nov2025 07:43:42.903] [main/DEBUG] [net.neoforged.fml.loading.moddiscovery.ModFileInfo/LOADING]: Found valid mod file journeymap-api-neoforge-2.0.0-1.21.1-SNAPSHOT.jar with {journeymap_api} mods - versions {2.0.0}
[13Nov2025 07:43:42.903] [main/DEBUG] [net.neoforged.fml.loading.moddiscovery.ModFile/LOADING]: Loading mod file  with languages [LanguageSpec[languageName=javafml, acceptedVersions=[1,)]]
[13Nov2025 07:43:42.903] [main/DEBUG] [net.neoforged.fml.loading.moddiscovery.ModFileParser/LOADING]: Considering mod file candidate 
[13Nov2025 07:43:42.904] [main/DEBUG] [net.neoforged.fml.loading.moddiscovery.ModFileInfo/LOADING]: Found valid mod file c2me-opts-allocs-mc1.21.1-0.3.0+alpha.0.82.jar with {c2me_opts_allocs} mods - versions {0.3.0+alpha.0.82+1.21.1}
[13Nov2025 07:43:42.904] [main/DEBUG] [net.neoforged.fml.loading.moddiscovery.ModFile/LOADING]: Loading mod file  with languages [LanguageSpec[languageName=lowcodefml, acceptedVersions=*]]
[13Nov2025 07:43:42.904] [main/DEBUG] [net.neoforged.fml.loading.moddiscovery.ModFile/LOADING]: Found mixin config MixinConfig[config=c2me-opts-allocs.mixins.json, requiredMods=[]]
[13Nov2025 07:43:42.904] [main/DEBUG] [net.neoforged.fml.loading.moddiscovery.ModFileParser/LOADING]: Considering mod file candidate /workspaces/server2holaa/servidor_minecraft/mods/PlayerRevive_NEOFORGE_v2.0.36_mc1.21.1.jar
[13Nov2025 07:43:42.904] [main/DEBUG] [net.neoforged.fml.loading.moddiscovery.ModFileInfo/LOADING]: Found valid mod file PlayerRevive_NEOFORGE_v2.0.36_mc1.21.1.jar with {playerrevive} mods - versions {2.0.36}
[13Nov2025 07:43:42.904] [main/DEBUG] [net.neoforged.fml.loading.moddiscovery.ModFile/LOADING]: Loading mod file /workspaces/server2holaa/servidor_minecraft/mods/PlayerRevive_NEOFORGE_v2.0.36_mc1.21.1.jar with languages [LanguageSpec[languageName=javafml, acceptedVersions=[1,)]]
[13Nov2025 07:43:42.904] [main/DEBUG] [net.neoforged.fml.loading.moddiscovery.ModFile/LOADING]: Found mixin config MixinConfig[config=playerrevive.mixins.json, requiredMods=[]]
[13Nov2025 07:43:42.904] [main/DEBUG] [net.neoforged.fml.loading.moddiscovery.ModFileParser/LOADING]: Considering mod file candidate /workspaces/server2holaa/servidor_minecraft/mods/ExtraGems-1.21-(v.3.0.5-NEO).jar
[13Nov2025 07:43:42.905] [main/DEBUG] [net.neoforged.fml.loading.moddiscovery.ModFileInfo/LOADING]: Found valid mod file ExtraGems-1.21-(v.3.0.5-NEO).jar with {extragems} mods - versions {3.0.5}
[13Nov2025 07:43:42.905] [main/DEBUG] [net.neoforged.fml.loading.moddiscovery.ModFile/LOADING]: Loading mod file /workspaces/server2holaa/servidor_minecraft/mods/ExtraGems-1.21-(v.3.0.5-NEO).jar with languages [LanguageSpec[languageName=javafml, acceptedVersions=[1,)]]
[13Nov2025 07:43:42.905] [main/DEBUG] [net.neoforged.fml.loading.moddiscovery.ModFile/LOADING]: Loading mod file  with languages []
[13Nov2025 07:43:42.905] [main/DEBUG] [net.neoforged.fml.loading.moddiscovery.ModFile/LOADING]: Loading mod file  with languages []
[13Nov2025 07:43:42.907] [main/DEBUG] [net.neoforged.fml.loading.moddiscovery.ModValidator/SCAN]: Found 68 mod files with 66 mods
[13Nov2025 07:43:42.908] [main/DEBUG] [cpw.mods.modlauncher.TransformationServiceDecorator/MODLAUNCHER]: End scan trigger - transformation service fml
[13Nov2025 07:43:42.931] [main/DEBUG] [net.neoforged.fml.util.ServiceLoaderUtil/CORE]: Found 3 implementations of IModLanguageLoader:
[13Nov2025 07:43:42.931] [main/DEBUG] [net.neoforged.fml.util.ServiceLoaderUtil/CORE]: 	net.neoforged.fml.javafmlmod.FMLJavaModLanguageProvider from loader-4.0.41.jar
[13Nov2025 07:43:42.931] [main/DEBUG] [net.neoforged.fml.util.ServiceLoaderUtil/CORE]: 	net.neoforged.fml.lowcodemod.LowCodeModLanguageProvider from loader-4.0.41.jar
[13Nov2025 07:43:42.931] [main/DEBUG] [net.neoforged.fml.util.ServiceLoaderUtil/CORE]: 	net.neoforged.fml.mclanguageprovider.MinecraftModLanguageProvider from loader-4.0.41.jar
[13Nov2025 07:43:42.931] [main/DEBUG] [net.neoforged.fml.loading.LanguageProviderLoader/CORE]: Found language provider javafml, version 4.0.41
[13Nov2025 07:43:42.932] [main/DEBUG] [net.neoforged.fml.loading.LanguageProviderLoader/CORE]: Found language provider lowcodefml, version 4.0.41
[13Nov2025 07:43:42.932] [main/DEBUG] [net.neoforged.fml.loading.LanguageProviderLoader/CORE]: Found language provider minecraft, version 4.0.41
[13Nov2025 07:43:42.936] [main/DEBUG] [net.neoforged.fml.loading.ModSorter/]: Configured system mods: [minecraft, neoforge]
[13Nov2025 07:43:42.936] [main/DEBUG] [net.neoforged.fml.loading.ModSorter/]: Found system mod: minecraft
[13Nov2025 07:43:42.937] [main/DEBUG] [net.neoforged.fml.loading.ModSorter/]: Found system mod: neoforge
[13Nov2025 07:43:42.939] [main/DEBUG] [net.neoforged.fml.loading.ModSorter/LOADING]: Found 129 mod requirements (122 mandatory, 7 optional)
[13Nov2025 07:43:42.940] [main/DEBUG] [net.neoforged.fml.loading.ModSorter/LOADING]: Found 0 mod requirements missing (0 mandatory, 0 optional)
[13Nov2025 07:43:42.972] [main/DEBUG] [net.neoforged.fml.loading.FMLLoader/SCAN]: Adding Access Transformer in /workspaces/server2holaa/servidor_minecraft/mods/MutantMonsters-v21.1.0-1.21.1-NeoForge.jar
[13Nov2025 07:43:42.976] [main/DEBUG] [AXFORM/AXFORM]: Loading access transformer accesstransformer.cfg
[13Nov2025 07:43:43.052] [main/DEBUG] [AXFORM/AXFORM]: Loaded access transformer accesstransformer.cfg
[13Nov2025 07:43:43.052] [main/DEBUG] [net.neoforged.fml.loading.FMLLoader/SCAN]: Adding Access Transformer in /workspaces/server2holaa/servidor_minecraft/mods/geckolib-neoforge-1.21.1-4.8.2.jar
[13Nov2025 07:43:43.053] [main/DEBUG] [AXFORM/AXFORM]: Loading access transformer accesstransformer-nf.cfg
[13Nov2025 07:43:43.061] [main/DEBUG] [AXFORM/AXFORM]: Loaded access transformer accesstransformer-nf.cfg
[13Nov2025 07:43:43.061] [main/DEBUG] [net.neoforged.fml.loading.FMLLoader/SCAN]: Adding Access Transformer in /workspaces/server2holaa/servidor_minecraft/mods/mss-1.3.5-1.21.jar
[13Nov2025 07:43:43.061] [main/DEBUG] [AXFORM/AXFORM]: Loading access transformer accesstransformer.cfg
[13Nov2025 07:43:43.062] [main/DEBUG] [AXFORM/AXFORM]: Loaded access transformer accesstransformer.cfg
[13Nov2025 07:43:43.062] [main/DEBUG] [net.neoforged.fml.loading.FMLLoader/SCAN]: Adding Access Transformer in /workspaces/server2holaa/servidor_minecraft/mods/jei-1.21.1-neoforge-19.25.0.321.jar
[13Nov2025 07:43:43.062] [main/DEBUG] [AXFORM/AXFORM]: Loading access transformer accesstransformer.cfg
[13Nov2025 07:43:43.065] [main/DEBUG] [AXFORM/AXFORM]: Loaded access transformer accesstransformer.cfg
[13Nov2025 07:43:43.065] [main/DEBUG] [net.neoforged.fml.loading.FMLLoader/SCAN]: Adding Access Transformer in /workspaces/server2holaa/servidor_minecraft/mods/journeymap-neoforge-1.21.1-6.0.0-beta.52.jar
[13Nov2025 07:43:43.065] [main/DEBUG] [AXFORM/AXFORM]: Loading access transformer accesstransformer.cfg
[13Nov2025 07:43:43.071] [main/DEBUG] [AXFORM/AXFORM]: Loaded access transformer accesstransformer.cfg
[13Nov2025 07:43:43.071] [main/DEBUG] [net.neoforged.fml.loading.FMLLoader/SCAN]: Adding Access Transformer in /workspaces/server2holaa/servidor_minecraft/libraries/net/neoforged/neoforge/21.1.206/neoforge-21.1.206-universal.jar
[13Nov2025 07:43:43.073] [main/DEBUG] [AXFORM/AXFORM]: Loading access transformer accesstransformer.cfg
[13Nov2025 07:43:43.110] [main/DEBUG] [AXFORM/AXFORM]: Loaded access transformer accesstransformer.cfg
[13Nov2025 07:43:43.110] [main/DEBUG] [net.neoforged.fml.loading.FMLLoader/SCAN]: Adding Access Transformer in /workspaces/server2holaa/servidor_minecraft/mods/GlitchCore-neoforge-1.21.1-2.1.0.0.jar
[13Nov2025 07:43:43.110] [main/DEBUG] [AXFORM/AXFORM]: Loading access transformer accesstransformer.cfg
[13Nov2025 07:43:43.112] [main/DEBUG] [AXFORM/AXFORM]: Loaded access transformer accesstransformer.cfg
[13Nov2025 07:43:43.112] [main/DEBUG] [net.neoforged.fml.loading.FMLLoader/SCAN]: Adding Access Transformer in /workspaces/server2holaa/servidor_minecraft/mods/SereneSeasons-neoforge-1.21.1-10.1.0.3.jar
[13Nov2025 07:43:43.113] [main/DEBUG] [AXFORM/AXFORM]: Loading access transformer accesstransformer.cfg
[13Nov2025 07:43:43.114] [main/DEBUG] [AXFORM/AXFORM]: Loaded access transformer accesstransformer.cfg
[13Nov2025 07:43:43.114] [main/DEBUG] [net.neoforged.fml.loading.FMLLoader/SCAN]: Adding Access Transformer in /workspaces/server2holaa/servidor_minecraft/mods/u_team_core-neoforge-1.21.1-5.6.2.384.jar
[13Nov2025 07:43:43.114] [main/DEBUG] [AXFORM/AXFORM]: Loading access transformer accesstransformer.cfg
[13Nov2025 07:43:43.118] [main/DEBUG] [AXFORM/AXFORM]: Loaded access transformer accesstransformer.cfg
[13Nov2025 07:43:43.118] [main/DEBUG] [net.neoforged.fml.loading.FMLLoader/SCAN]: Adding Access Transformer in /workspaces/server2holaa/servidor_minecraft/mods/IceAndFireCE-2.0-beta.7-1.21.1-neoforge.jar
[13Nov2025 07:43:43.118] [main/DEBUG] [AXFORM/AXFORM]: Loading access transformer accesstransformer.cfg
[13Nov2025 07:43:43.121] [main/DEBUG] [AXFORM/AXFORM]: Loaded access transformer accesstransformer.cfg
[13Nov2025 07:43:43.121] [main/DEBUG] [net.neoforged.fml.loading.FMLLoader/SCAN]: Adding Access Transformer in 
[13Nov2025 07:43:43.121] [main/DEBUG] [AXFORM/AXFORM]: Loading access transformer accesstransformer.cfg
[13Nov2025 07:43:43.127] [main/DEBUG] [AXFORM/AXFORM]: Loaded access transformer accesstransformer.cfg
[13Nov2025 07:43:43.127] [main/DEBUG] [net.neoforged.fml.loading.FMLLoader/SCAN]: Adding Access Transformer in /workspaces/server2holaa/servidor_minecraft/mods/cloth-config-15.0.140-neoforge.jar
[13Nov2025 07:43:43.127] [main/DEBUG] [AXFORM/AXFORM]: Loading access transformer accesstransformer.cfg
[13Nov2025 07:43:43.129] [main/DEBUG] [AXFORM/AXFORM]: Loaded access transformer accesstransformer.cfg
[13Nov2025 07:43:43.129] [main/DEBUG] [net.neoforged.fml.loading.FMLLoader/SCAN]: Adding Access Transformer in /workspaces/server2holaa/servidor_minecraft/mods/twilightforest-1.21.1-4.6.3003-universal.jar
[13Nov2025 07:43:43.130] [main/DEBUG] [AXFORM/AXFORM]: Loading access transformer accesstransformer.cfg
[13Nov2025 07:43:43.134] [main/DEBUG] [AXFORM/AXFORM]: Loaded access transformer accesstransformer.cfg
[13Nov2025 07:43:43.134] [main/DEBUG] [net.neoforged.fml.loading.FMLLoader/SCAN]: Adding Access Transformer in /workspaces/server2holaa/servidor_minecraft/mods/ForgeConfigAPIPort-v21.1.4-1.21.1-NeoForge.jar
[13Nov2025 07:43:43.134] [main/DEBUG] [AXFORM/AXFORM]: Loading access transformer accesstransformer.cfg
[13Nov2025 07:43:43.136] [main/DEBUG] [AXFORM/AXFORM]: Loaded access transformer accesstransformer.cfg
[13Nov2025 07:43:43.136] [main/DEBUG] [net.neoforged.fml.loading.FMLLoader/SCAN]: Adding Access Transformer in /workspaces/server2holaa/servidor_minecraft/mods/curios-neoforge-9.5.1+1.21.1.jar
[13Nov2025 07:43:43.136] [main/DEBUG] [AXFORM/AXFORM]: Loading access transformer accesstransformer.cfg
[13Nov2025 07:43:43.142] [main/DEBUG] [AXFORM/AXFORM]: Loaded access transformer accesstransformer.cfg
[13Nov2025 07:43:43.142] [main/DEBUG] [net.neoforged.fml.loading.FMLLoader/SCAN]: Adding Access Transformer in /workspaces/server2holaa/servidor_minecraft/mods/choccos_mobs-0.1.3-neoforge-1.21.1.jar
[13Nov2025 07:43:43.142] [main/DEBUG] [AXFORM/AXFORM]: Loading access transformer accesstransformer.cfg
[13Nov2025 07:43:43.144] [main/DEBUG] [AXFORM/AXFORM]: Loaded access transformer accesstransformer.cfg
[13Nov2025 07:43:43.144] [main/DEBUG] [net.neoforged.fml.loading.FMLLoader/SCAN]: Adding Access Transformer in /workspaces/server2holaa/servidor_minecraft/mods/collective-1.21.1-8.11.jar
[13Nov2025 07:43:43.144] [main/DEBUG] [AXFORM/AXFORM]: Loading access transformer accesstransformer.cfg
[13Nov2025 07:43:43.147] [main/DEBUG] [AXFORM/AXFORM]: Loaded access transformer accesstransformer.cfg
[13Nov2025 07:43:43.147] [main/DEBUG] [net.neoforged.fml.loading.FMLLoader/SCAN]: Adding Access Transformer in /workspaces/server2holaa/servidor_minecraft/mods/[1.21.1] SecurityCraft v1.10.jar
[13Nov2025 07:43:43.163] [main/DEBUG] [AXFORM/AXFORM]: Loading access transformer accesstransformer.cfg
[13Nov2025 07:43:43.169] [main/DEBUG] [AXFORM/AXFORM]: Loaded access transformer accesstransformer.cfg
[13Nov2025 07:43:43.169] [main/DEBUG] [net.neoforged.fml.loading.FMLLoader/SCAN]: Adding Access Transformer in /workspaces/server2holaa/servidor_minecraft/mods/elevatorid-neoforge-1.21.1-1.11.4.jar
[13Nov2025 07:43:43.169] [main/DEBUG] [AXFORM/AXFORM]: Loading access transformer accesstransformer.cfg
[13Nov2025 07:43:43.171] [main/DEBUG] [AXFORM/AXFORM]: Loaded access transformer accesstransformer.cfg
[13Nov2025 07:43:43.171] [main/DEBUG] [net.neoforged.fml.loading.FMLLoader/SCAN]: Adding Access Transformer in /workspaces/server2holaa/servidor_minecraft/mods/tombstone-neoforge-1.21.1-9.4.8.jar
[13Nov2025 07:43:43.171] [main/DEBUG] [AXFORM/AXFORM]: Loading access transformer accesstransformer.cfg
[13Nov2025 07:43:43.173] [main/DEBUG] [AXFORM/AXFORM]: Loaded access transformer accesstransformer.cfg
[13Nov2025 07:43:43.173] [main/DEBUG] [net.neoforged.fml.loading.FMLLoader/SCAN]: Adding Access Transformer in /workspaces/server2holaa/servidor_minecraft/mods/mvs-4.3.0-1.21.jar
[13Nov2025 07:43:43.173] [main/DEBUG] [AXFORM/AXFORM]: Loading access transformer accesstransformer.cfg
[13Nov2025 07:43:43.175] [main/DEBUG] [AXFORM/AXFORM]: Loaded access transformer accesstransformer.cfg
[13Nov2025 07:43:43.175] [main/DEBUG] [net.neoforged.fml.loading.FMLLoader/SCAN]: Adding Access Transformer in /workspaces/server2holaa/servidor_minecraft/mods/architectury-13.0.8-neoforge.jar
[13Nov2025 07:43:43.175] [main/DEBUG] [AXFORM/AXFORM]: Loading access transformer accesstransformer.cfg
[13Nov2025 07:43:43.182] [main/DEBUG] [AXFORM/AXFORM]: Loaded access transformer accesstransformer.cfg
[13Nov2025 07:43:43.182] [main/DEBUG] [net.neoforged.fml.loading.FMLLoader/SCAN]: Adding Access Transformer in /workspaces/server2holaa/servidor_minecraft/mods/uranus-2.4-1.21.1-neoforge.jar
[13Nov2025 07:43:43.182] [main/DEBUG] [AXFORM/AXFORM]: Loading access transformer accesstransformer.cfg
[13Nov2025 07:43:43.183] [main/DEBUG] [AXFORM/AXFORM]: Loaded access transformer accesstransformer.cfg
[13Nov2025 07:43:43.183] [main/DEBUG] [net.neoforged.fml.loading.FMLLoader/SCAN]: Adding Access Transformer in /workspaces/server2holaa/servidor_minecraft/mods/refurbished_furniture-neoforge-1.21.1-1.0.20.jar
[13Nov2025 07:43:43.183] [main/DEBUG] [AXFORM/AXFORM]: Loading access transformer accesstransformer.cfg
[13Nov2025 07:43:43.185] [main/DEBUG] [AXFORM/AXFORM]: Loaded access transformer accesstransformer.cfg
[13Nov2025 07:43:43.185] [main/DEBUG] [net.neoforged.fml.loading.FMLLoader/SCAN]: Adding Access Transformer in /workspaces/server2holaa/servidor_minecraft/mods/PuzzlesLib-v21.1.38-1.21.1-NeoForge.jar
[13Nov2025 07:43:43.185] [main/DEBUG] [AXFORM/AXFORM]: Loading access transformer accesstransformer.cfg
[13Nov2025 07:43:43.195] [main/DEBUG] [AXFORM/AXFORM]: Loaded access transformer accesstransformer.cfg
[13Nov2025 07:43:43.197] [main/DEBUG] [mixin/]: Adding mixin platform agents for container net.neoforged.fml.loading.mixin.FMLMixinContainerHandle@138caeca
[13Nov2025 07:43:43.197] [main/DEBUG] [mixin/]: Instancing new MixinPlatformAgentMinecraftForge for net.neoforged.fml.loading.mixin.FMLMixinContainerHandle@138caeca
[13Nov2025 07:43:43.197] [main/DEBUG] [mixin/]: MixinPlatformAgentMinecraftForge rejected container net.neoforged.fml.loading.mixin.FMLMixinContainerHandle@138caeca
[13Nov2025 07:43:43.197] [main/DEBUG] [mixin/]: Instancing new MixinPlatformAgentDefault for net.neoforged.fml.loading.mixin.FMLMixinContainerHandle@138caeca
[13Nov2025 07:43:43.197] [main/DEBUG] [mixin/]: MixinPlatformAgentDefault accepted container net.neoforged.fml.loading.mixin.FMLMixinContainerHandle@138caeca
[13Nov2025 07:43:43.197] [main/DEBUG] [mixin/]: Instancing new FMLMixinPlatformAgent for net.neoforged.fml.loading.mixin.FMLMixinContainerHandle@138caeca
[13Nov2025 07:43:43.197] [main/DEBUG] [mixin/]: FMLMixinPlatformAgent accepted container net.neoforged.fml.loading.mixin.FMLMixinContainerHandle@138caeca
[13Nov2025 07:43:43.211] [main/DEBUG] [cpw.mods.modlauncher.TransformationServicesHandler/MODLAUNCHER]: Transformation services loading transformers
[13Nov2025 07:43:43.211] [main/DEBUG] [cpw.mods.modlauncher.TransformationServiceDecorator/MODLAUNCHER]: Initializing transformers for transformation service mixin
[13Nov2025 07:43:43.212] [main/DEBUG] [cpw.mods.modlauncher.TransformationServiceDecorator/MODLAUNCHER]: Initialized transformers for transformation service mixin
[13Nov2025 07:43:43.212] [main/DEBUG] [cpw.mods.modlauncher.TransformationServiceDecorator/MODLAUNCHER]: Initializing transformers for transformation service fml
[13Nov2025 07:43:43.212] [main/DEBUG] [net.neoforged.fml.loading.FMLServiceProvider/LOADING]: Loading coremod transformers
[13Nov2025 07:43:43.212] [main/DEBUG] [net.neoforged.fml.loading.FMLServiceProvider/CORE]: Not loading coremod script-engine since no mod requested it
[13Nov2025 07:43:43.214] [main/DEBUG] [info.u_team.u_team_core.intern.coremod.UCoreNeoForgeCoreMod/]: Loading uteamcore coremod
[13Nov2025 07:43:43.214] [main/DEBUG] [net.neoforged.fml.util.ServiceLoaderUtil/CORE]: Found 3 implementations of ICoreMod:
[13Nov2025 07:43:43.215] [main/DEBUG] [net.neoforged.fml.util.ServiceLoaderUtil/CORE]: 	info.u_team.u_team_core.intern.coremod.UCoreNeoForgeCoreMod from u_team_core-neoforge-1.21.1-5.6.2.384.jar > u_team_core-neoforge-coremod-1.21.1-5.6.2.384.jar
[13Nov2025 07:43:43.215] [main/DEBUG] [net.neoforged.fml.util.ServiceLoaderUtil/CORE]: 	twilightforest.asm.TFCoreMod from twilightforest-1.21.1-4.6.3003-universal.jar > s.tf-asm-4.6.3003.jar
[13Nov2025 07:43:43.215] [main/DEBUG] [net.neoforged.fml.util.ServiceLoaderUtil/CORE]: 	net.neoforged.neoforge.coremods.NeoForgeCoreMod from neoforge-21.1.206-universal.jar > net.neoforged.neoforge-coremods-21.1.206.jar
[13Nov2025 07:43:43.217] [main/DEBUG] [net.neoforged.fml.loading.FMLServiceProvider/CORE]: Adding [Target[className=net.minecraft.data.DataProvider, elementName=, elementDescriptor=, targetType=cpw.mods.modlauncher.api.TargetType@64bce832]] transformer from core-mod info.u_team.u_team_core.intern.coremod.UCoreNeoForgeCoreMod@30669dac in u_team_core-neoforge-1.21.1-5.6.2.384.jar > u_team_core-neoforge-coremod-1.21.1-5.6.2.384.jar
[13Nov2025 07:43:43.223] [main/DEBUG] [net.neoforged.fml.loading.FMLServiceProvider/CORE]: Adding [Target[className=net.minecraft.world.entity.LivingEntity, elementName=getVisibilityPercent, elementDescriptor=(Lnet/minecraft/world/entity/Entity;)D, targetType=cpw.mods.modlauncher.api.TargetType@764faa6]] transformer from core-mod twilightforest.asm.TFCoreMod@70331432 in twilightforest-1.21.1-4.6.3003-universal.jar > s.tf-asm-4.6.3003.jar
[13Nov2025 07:43:43.224] [main/DEBUG] [net.neoforged.fml.loading.FMLServiceProvider/CORE]: Adding [Target[className=net.minecraft.client.renderer.entity.layers.HumanoidArmorLayer, elementName=renderArmorPiece, elementDescriptor=(Lcom/mojang/blaze3d/vertex/PoseStack;Lnet/minecraft/client/renderer/MultiBufferSource;Lnet/minecraft/world/entity/LivingEntity;Lnet/minecraft/world/entity/EquipmentSlot;ILnet/minecraft/client/model/HumanoidModel;FFFFFF)V, targetType=cpw.mods.modlauncher.api.TargetType@764faa6]] transformer from core-mod twilightforest.asm.TFCoreMod@70331432 in twilightforest-1.21.1-4.6.3003-universal.jar > s.tf-asm-4.6.3003.jar
[13Nov2025 07:43:43.224] [main/DEBUG] [net.neoforged.fml.loading.FMLServiceProvider/CORE]: Adding [Target[className=net.minecraft.world.level.levelgen.Beardifier, elementName=, elementDescriptor=, targetType=cpw.mods.modlauncher.api.TargetType@64bce832]] transformer from core-mod twilightforest.asm.TFCoreMod@70331432 in twilightforest-1.21.1-4.6.3003-universal.jar > s.tf-asm-4.6.3003.jar
[13Nov2025 07:43:43.224] [main/DEBUG] [net.neoforged.fml.loading.FMLServiceProvider/CORE]: Adding [Target[className=net.minecraft.world.level.levelgen.Beardifier, elementName=compute, elementDescriptor=(Lnet/minecraft/world/level/levelgen/DensityFunction$FunctionContext;)D, targetType=cpw.mods.modlauncher.api.TargetType@764faa6]] transformer from core-mod twilightforest.asm.TFCoreMod@70331432 in twilightforest-1.21.1-4.6.3003-universal.jar > s.tf-asm-4.6.3003.jar
[13Nov2025 07:43:43.224] [main/DEBUG] [net.neoforged.fml.loading.FMLServiceProvider/CORE]: Adding [Target[className=net.minecraft.world.level.levelgen.NoiseBasedChunkGenerator, elementName=createNoiseChunk, elementDescriptor=(Lnet/minecraft/world/level/chunk/ChunkAccess;Lnet/minecraft/world/level/StructureManager;Lnet/minecraft/world/level/levelgen/blending/Blender;Lnet/minecraft/world/level/levelgen/RandomState;)Lnet/minecraft/world/level/levelgen/NoiseChunk;, targetType=cpw.mods.modlauncher.api.TargetType@764faa6]] transformer from core-mod twilightforest.asm.TFCoreMod@70331432 in twilightforest-1.21.1-4.6.3003-universal.jar > s.tf-asm-4.6.3003.jar
[13Nov2025 07:43:43.224] [main/DEBUG] [net.neoforged.fml.loading.FMLServiceProvider/CORE]: Adding [Target[className=net.minecraft.world.item.WrittenBookItem, elementName=getName, elementDescriptor=(Lnet/minecraft/world/item/ItemStack;)Lnet/minecraft/network/chat/Component;, targetType=cpw.mods.modlauncher.api.TargetType@764faa6]] transformer from core-mod twilightforest.asm.TFCoreMod@70331432 in twilightforest-1.21.1-4.6.3003-universal.jar > s.tf-asm-4.6.3003.jar
[13Nov2025 07:43:43.224] [main/DEBUG] [net.neoforged.fml.loading.FMLServiceProvider/CORE]: Adding [Target[className=net.minecraft.world.level.chunk.status.ChunkStatusTasks, elementName=generateSurface, elementDescriptor=(Lnet/minecraft/world/level/chunk/status/WorldGenContext;Lnet/minecraft/world/level/chunk/status/ChunkStep;Lnet/minecraft/util/StaticCache2D;Lnet/minecraft/world/level/chunk/ChunkAccess;)Ljava/util/concurrent/CompletableFuture;, targetType=cpw.mods.modlauncher.api.TargetType@764faa6]] transformer from core-mod twilightforest.asm.TFCoreMod@70331432 in twilightforest-1.21.1-4.6.3003-universal.jar > s.tf-asm-4.6.3003.jar
[13Nov2025 07:43:43.224] [main/DEBUG] [net.neoforged.fml.loading.FMLServiceProvider/CORE]: Adding [Target[className=net.minecraft.world.level.Level, elementName=isRainingAt, elementDescriptor=(Lnet/minecraft/core/BlockPos;)Z, targetType=cpw.mods.modlauncher.api.TargetType@764faa6]] transformer from core-mod twilightforest.asm.TFCoreMod@70331432 in twilightforest-1.21.1-4.6.3003-universal.jar > s.tf-asm-4.6.3003.jar
[13Nov2025 07:43:43.224] [main/DEBUG] [net.neoforged.fml.loading.FMLServiceProvider/CORE]: Adding [Target[className=net.minecraft.world.level.levelgen.structure.StructureStart, elementName=loadStaticStart, elementDescriptor=(Lnet/minecraft/world/level/levelgen/structure/pieces/StructurePieceSerializationContext;Lnet/minecraft/nbt/CompoundTag;J)Lnet/minecraft/world/level/levelgen/structure/StructureStart;, targetType=cpw.mods.modlauncher.api.TargetType@764faa6]] transformer from core-mod twilightforest.asm.TFCoreMod@70331432 in twilightforest-1.21.1-4.6.3003-universal.jar > s.tf-asm-4.6.3003.jar
[13Nov2025 07:43:43.224] [main/DEBUG] [net.neoforged.fml.loading.FMLServiceProvider/CORE]: Adding [Target[className=net.minecraft.client.renderer.BiomeColors, elementName=lambda$static$0, elementDescriptor=(Lnet/minecraft/world/level/biome/Biome;DD)I, targetType=cpw.mods.modlauncher.api.TargetType@764faa6]] transformer from core-mod twilightforest.asm.TFCoreMod@70331432 in twilightforest-1.21.1-4.6.3003-universal.jar > s.tf-asm-4.6.3003.jar
[13Nov2025 07:43:43.224] [main/DEBUG] [net.neoforged.fml.loading.FMLServiceProvider/CORE]: Adding [Target[className=net.minecraft.world.entity.decoration.LeashFenceKnotEntity, elementName=survives, elementDescriptor=()Z, targetType=cpw.mods.modlauncher.api.TargetType@764faa6]] transformer from core-mod twilightforest.asm.TFCoreMod@70331432 in twilightforest-1.21.1-4.6.3003-universal.jar > s.tf-asm-4.6.3003.jar
[13Nov2025 07:43:43.224] [main/DEBUG] [net.neoforged.fml.loading.FMLServiceProvider/CORE]: Adding [Target[className=net.minecraft.world.level.chunk.ChunkGenerator, elementName=findNearestMapStructure, elementDescriptor=(Lnet/minecraft/server/level/ServerLevel;Lnet/minecraft/core/HolderSet;Lnet/minecraft/core/BlockPos;IZ)Lcom/mojang/datafixers/util/Pair;, targetType=cpw.mods.modlauncher.api.TargetType@764faa6]] transformer from core-mod twilightforest.asm.TFCoreMod@70331432 in twilightforest-1.21.1-4.6.3003-universal.jar > s.tf-asm-4.6.3003.jar
[13Nov2025 07:43:43.224] [main/DEBUG] [net.neoforged.fml.loading.FMLServiceProvider/CORE]: Adding [Target[className=net.minecraft.client.renderer.LevelRenderer, elementName=renderLevel, elementDescriptor=(Lnet/minecraft/client/DeltaTracker;ZLnet/minecraft/client/Camera;Lnet/minecraft/client/renderer/GameRenderer;Lnet/minecraft/client/renderer/LightTexture;Lorg/joml/Matrix4f;Lorg/joml/Matrix4f;)V, targetType=cpw.mods.modlauncher.api.TargetType@764faa6]] transformer from core-mod twilightforest.asm.TFCoreMod@70331432 in twilightforest-1.21.1-4.6.3003-universal.jar > s.tf-asm-4.6.3003.jar
[13Nov2025 07:43:43.224] [main/DEBUG] [net.neoforged.fml.loading.FMLServiceProvider/CORE]: Adding [Target[className=net.minecraft.client.renderer.entity.EntityRenderDispatcher, elementName=getRenderer, elementDescriptor=(Lnet/minecraft/world/entity/Entity;)Lnet/minecraft/client/renderer/entity/EntityRenderer;, targetType=cpw.mods.modlauncher.api.TargetType@764faa6]] transformer from core-mod twilightforest.asm.TFCoreMod@70331432 in twilightforest-1.21.1-4.6.3003-universal.jar > s.tf-asm-4.6.3003.jar
[13Nov2025 07:43:43.224] [main/DEBUG] [net.neoforged.fml.loading.FMLServiceProvider/CORE]: Adding [Target[className=net.minecraft.server.level.ServerEntity, elementName=sendDirtyEntityData, elementDescriptor=()V, targetType=cpw.mods.modlauncher.api.TargetType@764faa6]] transformer from core-mod twilightforest.asm.TFCoreMod@70331432 in twilightforest-1.21.1-4.6.3003-universal.jar > s.tf-asm-4.6.3003.jar
[13Nov2025 07:43:43.224] [main/DEBUG] [net.neoforged.fml.loading.FMLServiceProvider/CORE]: Adding [Target[className=net.minecraft.world.level.block.MushroomBlock, elementName=canSurvive, elementDescriptor=(Lnet/minecraft/world/level/block/state/BlockState;Lnet/minecraft/world/level/LevelReader;Lnet/minecraft/core/BlockPos;)Z, targetType=cpw.mods.modlauncher.api.TargetType@764faa6]] transformer from core-mod twilightforest.asm.TFCoreMod@70331432 in twilightforest-1.21.1-4.6.3003-universal.jar > s.tf-asm-4.6.3003.jar
[13Nov2025 07:43:43.230] [main/DEBUG] [net.neoforged.fml.loading.FMLServiceProvider/CORE]: Adding [Target[className=net.minecraft.world.level.biome.Biome, elementName=, elementDescriptor=, targetType=cpw.mods.modlauncher.api.TargetType@64bce832]] transformer from core-mod net.neoforged.neoforge.coremods.NeoForgeCoreMod@6ff415ad in neoforge-21.1.206-universal.jar > net.neoforged.neoforge-coremods-21.1.206.jar
[13Nov2025 07:43:43.230] [main/DEBUG] [net.neoforged.fml.loading.FMLServiceProvider/CORE]: Adding [Target[className=net.minecraft.world.level.levelgen.structure.Structure, elementName=, elementDescriptor=, targetType=cpw.mods.modlauncher.api.TargetType@64bce832]] transformer from core-mod net.neoforged.neoforge.coremods.NeoForgeCoreMod@6ff415ad in neoforge-21.1.206-universal.jar > net.neoforged.neoforge-coremods-21.1.206.jar
[13Nov2025 07:43:43.230] [main/DEBUG] [net.neoforged.fml.loading.FMLServiceProvider/CORE]: Adding [Target[className=net.minecraft.world.level.block.FlowerPotBlock, elementName=, elementDescriptor=, targetType=cpw.mods.modlauncher.api.TargetType@64bce832]] transformer from core-mod net.neoforged.neoforge.coremods.NeoForgeCoreMod@6ff415ad in neoforge-21.1.206-universal.jar > net.neoforged.neoforge-coremods-21.1.206.jar
[13Nov2025 07:43:43.231] [main/DEBUG] [net.neoforged.fml.loading.FMLServiceProvider/CORE]: Adding [Target[className=net/minecraft/world/level/levelgen/PhantomSpawner, elementName=, elementDescriptor=, targetType=cpw.mods.modlauncher.api.TargetType@64bce832], Target[className=net/minecraft/world/entity/npc/Villager, elementName=, elementDescriptor=, targetType=cpw.mods.modlauncher.api.TargetType@64bce832], Target[className=net/minecraft/world/entity/monster/Zombie, elementName=, elementDescriptor=, targetType=cpw.mods.modlauncher.api.TargetType@64bce832], Target[className=net/minecraft/world/entity/monster/Spider, elementName=, elementDescriptor=, targetType=cpw.mods.modlauncher.api.TargetType@64bce832], Target[className=net/minecraft/world/level/levelgen/structure/structures/OceanRuinPieces$OceanRuinPiece, elementName=, elementDescriptor=, targetType=cpw.mods.modlauncher.api.TargetType@64bce832], Target[className=net/minecraft/world/entity/ai/village/VillageSiege, elementName=, elementDescriptor=, targetType=cpw.mods.modlauncher.api.TargetType@64bce832], Target[className=net/minecraft/world/level/NaturalSpawner, elementName=, elementDescriptor=, targetType=cpw.mods.modlauncher.api.TargetType@64bce832], Target[className=net/minecraft/world/entity/raid/Raid, elementName=, elementDescriptor=, targetType=cpw.mods.modlauncher.api.TargetType@64bce832], Target[className=net/minecraft/world/level/levelgen/structure/templatesystem/StructureTemplate, elementName=, elementDescriptor=, targetType=cpw.mods.modlauncher.api.TargetType@64bce832], Target[className=net/minecraft/world/entity/monster/Evoker$EvokerSummonSpellGoal, elementName=, elementDescriptor=, targetType=cpw.mods.modlauncher.api.TargetType@64bce832], Target[className=net/minecraft/server/commands/SummonCommand, elementName=, elementDescriptor=, targetType=cpw.mods.modlauncher.api.TargetType@64bce832], Target[className=net/minecraft/world/entity/monster/Strider, elementName=, elementDescriptor=, targetType=cpw.mods.modlauncher.api.TargetType@64bce832], Target[className=net/minecraft/world/level/levelgen/structure/structures/WoodlandMansionPieces$WoodlandMansionPiece, elementName=, elementDescriptor=, targetType=cpw.mods.modlauncher.api.TargetType@64bce832], Target[className=net/minecraft/server/commands/RaidCommand, elementName=, elementDescriptor=, targetType=cpw.mods.modlauncher.api.TargetType@64bce832], Target[className=net/minecraft/world/entity/EntityType, elementName=, elementDescriptor=, targetType=cpw.mods.modlauncher.api.TargetType@64bce832], Target[className=net/minecraft/world/entity/animal/horse/SkeletonTrapGoal, elementName=, elementDescriptor=, targetType=cpw.mods.modlauncher.api.TargetType@64bce832], Target[className=net/minecraft/world/entity/npc/CatSpawner, elementName=, elementDescriptor=, targetType=cpw.mods.modlauncher.api.TargetType@64bce832], Target[className=net/minecraft/world/entity/monster/ZombieVillager, elementName=, elementDescriptor=, targetType=cpw.mods.modlauncher.api.TargetType@64bce832], Target[className=net/minecraft/world/level/levelgen/structure/structures/OceanMonumentPieces$OceanMonumentPiece, elementName=, elementDescriptor=, targetType=cpw.mods.modlauncher.api.TargetType@64bce832], Target[className=net/minecraft/world/level/levelgen/PatrolSpawner, elementName=, elementDescriptor=, targetType=cpw.mods.modlauncher.api.TargetType@64bce832], Target[className=net/minecraft/world/level/levelgen/structure/structures/SwampHutPiece, elementName=, elementDescriptor=, targetType=cpw.mods.modlauncher.api.TargetType@64bce832], Target[className=net/minecraft/world/entity/animal/frog/Tadpole, elementName=, elementDescriptor=, targetType=cpw.mods.modlauncher.api.TargetType@64bce832]] transformer from core-mod net.neoforged.neoforge.coremods.NeoForgeCoreMod@6ff415ad in neoforge-21.1.206-universal.jar > net.neoforged.neoforge-coremods-21.1.206.jar
[13Nov2025 07:43:43.232] [main/DEBUG] [cpw.mods.modlauncher.TransformStore/MODLAUNCHER]: Adding transformer info.u_team.u_team_core.intern.coremod.transformer.DataProviderClassTransformer@1a891add to Target : cpw.mods.modlauncher.api.TargetType@64bce832 {Lnet/minecraft/data/DataProvider;} {} {V}
[13Nov2025 07:43:43.233] [main/DEBUG] [cpw.mods.modlauncher.TransformStore/MODLAUNCHER]: Adding transformer twilightforest.asm.transformers.armor.ArmorVisibilityRenderingTransformer@74aa9c72 to Target : cpw.mods.modlauncher.api.TargetType@764faa6 {Lnet/minecraft/world/entity/LivingEntity;} {getVisibilityPercent} {(Lnet/minecraft/world/entity/Entity;)D}
[13Nov2025 07:43:43.233] [main/DEBUG] [cpw.mods.modlauncher.TransformStore/MODLAUNCHER]: Adding transformer twilightforest.asm.transformers.armor.CancelArmorRenderingTransformer@5c20aab9 to Target : cpw.mods.modlauncher.api.TargetType@764faa6 {Lnet/minecraft/client/renderer/entity/layers/HumanoidArmorLayer;} {renderArmorPiece} {(Lcom/mojang/blaze3d/vertex/PoseStack;Lnet/minecraft/client/renderer/MultiBufferSource;Lnet/minecraft/world/entity/LivingEntity;Lnet/minecraft/world/entity/EquipmentSlot;ILnet/minecraft/client/model/HumanoidModel;FFFFFF)V}
[13Nov2025 07:43:43.234] [main/DEBUG] [cpw.mods.modlauncher.TransformStore/MODLAUNCHER]: Adding transformer twilightforest.asm.transformers.beardifier.BeardifierClassTransformer@4b7c4456 to Target : cpw.mods.modlauncher.api.TargetType@64bce832 {Lnet/minecraft/world/level/levelgen/Beardifier;} {} {V}
[13Nov2025 07:43:43.234] [main/DEBUG] [cpw.mods.modlauncher.TransformStore/MODLAUNCHER]: Adding transformer twilightforest.asm.transformers.beardifier.BeardifierComputeTransformer@2c768ada to Target : cpw.mods.modlauncher.api.TargetType@764faa6 {Lnet/minecraft/world/level/levelgen/Beardifier;} {compute} {(Lnet/minecraft/world/level/levelgen/DensityFunction$FunctionContext;)D}
[13Nov2025 07:43:43.234] [main/DEBUG] [cpw.mods.modlauncher.TransformStore/MODLAUNCHER]: Adding transformer twilightforest.asm.transformers.beardifier.InitializeCustomBeardifierFieldsDuringCreateNoiseChunkTransformer@c1fca2a to Target : cpw.mods.modlauncher.api.TargetType@764faa6 {Lnet/minecraft/world/level/levelgen/NoiseBasedChunkGenerator;} {createNoiseChunk} {(Lnet/minecraft/world/level/chunk/ChunkAccess;Lnet/minecraft/world/level/StructureManager;Lnet/minecraft/world/level/levelgen/blending/Blender;Lnet/minecraft/world/level/levelgen/RandomState;)Lnet/minecraft/world/level/levelgen/NoiseChunk;}
[13Nov2025 07:43:43.234] [main/DEBUG] [cpw.mods.modlauncher.TransformStore/MODLAUNCHER]: Adding transformer twilightforest.asm.transformers.book.ModifyWrittenBookNameTransformer@5533dc72 to Target : cpw.mods.modlauncher.api.TargetType@764faa6 {Lnet/minecraft/world/item/WrittenBookItem;} {getName} {(Lnet/minecraft/world/item/ItemStack;)Lnet/minecraft/network/chat/Component;}
[13Nov2025 07:43:43.234] [main/DEBUG] [cpw.mods.modlauncher.TransformStore/MODLAUNCHER]: Adding transformer twilightforest.asm.transformers.chunk.ChunkStatusTaskTransformer@7c447c76 to Target : cpw.mods.modlauncher.api.TargetType@764faa6 {Lnet/minecraft/world/level/chunk/status/ChunkStatusTasks;} {generateSurface} {(Lnet/minecraft/world/level/chunk/status/WorldGenContext;Lnet/minecraft/world/level/chunk/status/ChunkStep;Lnet/minecraft/util/StaticCache2D;Lnet/minecraft/world/level/chunk/ChunkAccess;)Ljava/util/concurrent/CompletableFuture;}
[13Nov2025 07:43:43.234] [main/DEBUG] [cpw.mods.modlauncher.TransformStore/MODLAUNCHER]: Adding transformer twilightforest.asm.transformers.cloud.IsRainingAtTransformer@64fc097e to Target : cpw.mods.modlauncher.api.TargetType@764faa6 {Lnet/minecraft/world/level/Level;} {isRainingAt} {(Lnet/minecraft/core/BlockPos;)Z}
[13Nov2025 07:43:43.234] [main/DEBUG] [cpw.mods.modlauncher.TransformStore/MODLAUNCHER]: Adding transformer twilightforest.asm.transformers.conquered.StructureStartLoadStaticTransformer@1640c151 to Target : cpw.mods.modlauncher.api.TargetType@764faa6 {Lnet/minecraft/world/level/levelgen/structure/StructureStart;} {loadStaticStart} {(Lnet/minecraft/world/level/levelgen/structure/pieces/StructurePieceSerializationContext;Lnet/minecraft/nbt/CompoundTag;J)Lnet/minecraft/world/level/levelgen/structure/StructureStart;}
[13Nov2025 07:43:43.234] [main/DEBUG] [cpw.mods.modlauncher.TransformStore/MODLAUNCHER]: Adding transformer twilightforest.asm.transformers.foliage.FoliageColorResolverTransformer@5d5b5fa7 to Target : cpw.mods.modlauncher.api.TargetType@764faa6 {Lnet/minecraft/client/renderer/BiomeColors;} {lambda$static$0} {(Lnet/minecraft/world/level/biome/Biome;DD)I}
[13Nov2025 07:43:43.235] [main/DEBUG] [cpw.mods.modlauncher.TransformStore/MODLAUNCHER]: Adding transformer twilightforest.asm.transformers.lead.LeashFenceKnotSurvivesTransformer@2a32fb6 to Target : cpw.mods.modlauncher.api.TargetType@764faa6 {Lnet/minecraft/world/entity/decoration/LeashFenceKnotEntity;} {survives} {()Z}
[13Nov2025 07:43:43.235] [main/DEBUG] [cpw.mods.modlauncher.TransformStore/MODLAUNCHER]: Adding transformer twilightforest.asm.transformers.map.ResolveNearestNonRandomSpreadMapStructureTransformer@6107165 to Target : cpw.mods.modlauncher.api.TargetType@764faa6 {Lnet/minecraft/world/level/chunk/ChunkGenerator;} {findNearestMapStructure} {(Lnet/minecraft/server/level/ServerLevel;Lnet/minecraft/core/HolderSet;Lnet/minecraft/core/BlockPos;IZ)Lcom/mojang/datafixers/util/Pair;}
[13Nov2025 07:43:43.235] [main/DEBUG] [cpw.mods.modlauncher.TransformStore/MODLAUNCHER]: Adding transformer twilightforest.asm.transformers.multipart.ResolveEntitiesForRendereringTransformer@164a62bf to Target : cpw.mods.modlauncher.api.TargetType@764faa6 {Lnet/minecraft/client/renderer/LevelRenderer;} {renderLevel} {(Lnet/minecraft/client/DeltaTracker;ZLnet/minecraft/client/Camera;Lnet/minecraft/client/renderer/GameRenderer;Lnet/minecraft/client/renderer/LightTexture;Lorg/joml/Matrix4f;Lorg/joml/Matrix4f;)V}
[13Nov2025 07:43:43.235] [main/DEBUG] [cpw.mods.modlauncher.TransformStore/MODLAUNCHER]: Adding transformer twilightforest.asm.transformers.multipart.ResolveEntityRendererTransformer@11ebb1b6 to Target : cpw.mods.modlauncher.api.TargetType@764faa6 {Lnet/minecraft/client/renderer/entity/EntityRenderDispatcher;} {getRenderer} {(Lnet/minecraft/world/entity/Entity;)Lnet/minecraft/client/renderer/entity/EntityRenderer;}
[13Nov2025 07:43:43.235] [main/DEBUG] [cpw.mods.modlauncher.TransformStore/MODLAUNCHER]: Adding transformer twilightforest.asm.transformers.multipart.SendDirtytEntityDataTransformer@aaee2a2 to Target : cpw.mods.modlauncher.api.TargetType@764faa6 {Lnet/minecraft/server/level/ServerEntity;} {sendDirtyEntityData} {()V}
[13Nov2025 07:43:43.235] [main/DEBUG] [cpw.mods.modlauncher.TransformStore/MODLAUNCHER]: Adding transformer twilightforest.asm.transformers.shroom.ModifySoilDecisionForMushroomBlockSurvivabilityTransformer@f3021cb to Target : cpw.mods.modlauncher.api.TargetType@764faa6 {Lnet/minecraft/world/level/block/MushroomBlock;} {canSurvive} {(Lnet/minecraft/world/level/block/state/BlockState;Lnet/minecraft/world/level/LevelReader;Lnet/minecraft/core/BlockPos;)Z}
[13Nov2025 07:43:43.235] [main/DEBUG] [cpw.mods.modlauncher.TransformStore/MODLAUNCHER]: Adding transformer net.neoforged.neoforge.coremods.ReplaceFieldWithGetterAccess@4aaae508 to Target : cpw.mods.modlauncher.api.TargetType@64bce832 {Lnet/minecraft/world/level/biome/Biome;} {} {V}
[13Nov2025 07:43:43.235] [main/DEBUG] [cpw.mods.modlauncher.TransformStore/MODLAUNCHER]: Adding transformer net.neoforged.neoforge.coremods.ReplaceFieldWithGetterAccess@6009bea to Target : cpw.mods.modlauncher.api.TargetType@64bce832 {Lnet/minecraft/world/level/levelgen/structure/Structure;} {} {V}
[13Nov2025 07:43:43.235] [main/DEBUG] [cpw.mods.modlauncher.TransformStore/MODLAUNCHER]: Adding transformer net.neoforged.neoforge.coremods.ReplaceFieldWithGetterAccess@7bc6d27a to Target : cpw.mods.modlauncher.api.TargetType@64bce832 {Lnet/minecraft/world/level/block/FlowerPotBlock;} {} {V}
[13Nov2025 07:43:43.235] [main/DEBUG] [cpw.mods.modlauncher.TransformStore/MODLAUNCHER]: Adding transformer net.neoforged.neoforge.coremods.MethodRedirector@75769ab0 to Target : cpw.mods.modlauncher.api.TargetType@64bce832 {Lnet/minecraft/world/level/levelgen/PhantomSpawner;} {} {V}
[13Nov2025 07:43:43.235] [main/DEBUG] [cpw.mods.modlauncher.TransformStore/MODLAUNCHER]: Adding transformer net.neoforged.neoforge.coremods.MethodRedirector@75769ab0 to Target : cpw.mods.modlauncher.api.TargetType@64bce832 {Lnet/minecraft/world/entity/npc/Villager;} {} {V}
[13Nov2025 07:43:43.235] [main/DEBUG] [cpw.mods.modlauncher.TransformStore/MODLAUNCHER]: Adding transformer net.neoforged.neoforge.coremods.MethodRedirector@75769ab0 to Target : cpw.mods.modlauncher.api.TargetType@64bce832 {Lnet/minecraft/world/entity/monster/Zombie;} {} {V}
[13Nov2025 07:43:43.235] [main/DEBUG] [cpw.mods.modlauncher.TransformStore/MODLAUNCHER]: Adding transformer net.neoforged.neoforge.coremods.MethodRedirector@75769ab0 to Target : cpw.mods.modlauncher.api.TargetType@64bce832 {Lnet/minecraft/world/entity/monster/Spider;} {} {V}
[13Nov2025 07:43:43.235] [main/DEBUG] [cpw.mods.modlauncher.TransformStore/MODLAUNCHER]: Adding transformer net.neoforged.neoforge.coremods.MethodRedirector@75769ab0 to Target : cpw.mods.modlauncher.api.TargetType@64bce832 {Lnet/minecraft/world/level/levelgen/structure/structures/OceanRuinPieces$OceanRuinPiece;} {} {V}
[13Nov2025 07:43:43.235] [main/DEBUG] [cpw.mods.modlauncher.TransformStore/MODLAUNCHER]: Adding transformer net.neoforged.neoforge.coremods.MethodRedirector@75769ab0 to Target : cpw.mods.modlauncher.api.TargetType@64bce832 {Lnet/minecraft/world/entity/ai/village/VillageSiege;} {} {V}
[13Nov2025 07:43:43.235] [main/DEBUG] [cpw.mods.modlauncher.TransformStore/MODLAUNCHER]: Adding transformer net.neoforged.neoforge.coremods.MethodRedirector@75769ab0 to Target : cpw.mods.modlauncher.api.TargetType@64bce832 {Lnet/minecraft/world/level/NaturalSpawner;} {} {V}
[13Nov2025 07:43:43.236] [main/DEBUG] [cpw.mods.modlauncher.TransformStore/MODLAUNCHER]: Adding transformer net.neoforged.neoforge.coremods.MethodRedirector@75769ab0 to Target : cpw.mods.modlauncher.api.TargetType@64bce832 {Lnet/minecraft/world/entity/raid/Raid;} {} {V}
[13Nov2025 07:43:43.236] [main/DEBUG] [cpw.mods.modlauncher.TransformStore/MODLAUNCHER]: Adding transformer net.neoforged.neoforge.coremods.MethodRedirector@75769ab0 to Target : cpw.mods.modlauncher.api.TargetType@64bce832 {Lnet/minecraft/world/level/levelgen/structure/templatesystem/StructureTemplate;} {} {V}
[13Nov2025 07:43:43.236] [main/DEBUG] [cpw.mods.modlauncher.TransformStore/MODLAUNCHER]: Adding transformer net.neoforged.neoforge.coremods.MethodRedirector@75769ab0 to Target : cpw.mods.modlauncher.api.TargetType@64bce832 {Lnet/minecraft/world/entity/monster/Evoker$EvokerSummonSpellGoal;} {} {V}
[13Nov2025 07:43:43.236] [main/DEBUG] [cpw.mods.modlauncher.TransformStore/MODLAUNCHER]: Adding transformer net.neoforged.neoforge.coremods.MethodRedirector@75769ab0 to Target : cpw.mods.modlauncher.api.TargetType@64bce832 {Lnet/minecraft/server/commands/SummonCommand;} {} {V}
[13Nov2025 07:43:43.236] [main/DEBUG] [cpw.mods.modlauncher.TransformStore/MODLAUNCHER]: Adding transformer net.neoforged.neoforge.coremods.MethodRedirector@75769ab0 to Target : cpw.mods.modlauncher.api.TargetType@64bce832 {Lnet/minecraft/world/entity/monster/Strider;} {} {V}
[13Nov2025 07:43:43.236] [main/DEBUG] [cpw.mods.modlauncher.TransformStore/MODLAUNCHER]: Adding transformer net.neoforged.neoforge.coremods.MethodRedirector@75769ab0 to Target : cpw.mods.modlauncher.api.TargetType@64bce832 {Lnet/minecraft/world/level/levelgen/structure/structures/WoodlandMansionPieces$WoodlandMansionPiece;} {} {V}
[13Nov2025 07:43:43.236] [main/DEBUG] [cpw.mods.modlauncher.TransformStore/MODLAUNCHER]: Adding transformer net.neoforged.neoforge.coremods.MethodRedirector@75769ab0 to Target : cpw.mods.modlauncher.api.TargetType@64bce832 {Lnet/minecraft/server/commands/RaidCommand;} {} {V}
[13Nov2025 07:43:43.236] [main/DEBUG] [cpw.mods.modlauncher.TransformStore/MODLAUNCHER]: Adding transformer net.neoforged.neoforge.coremods.MethodRedirector@75769ab0 to Target : cpw.mods.modlauncher.api.TargetType@64bce832 {Lnet/minecraft/world/entity/EntityType;} {} {V}
[13Nov2025 07:43:43.236] [main/DEBUG] [cpw.mods.modlauncher.TransformStore/MODLAUNCHER]: Adding transformer net.neoforged.neoforge.coremods.MethodRedirector@75769ab0 to Target : cpw.mods.modlauncher.api.TargetType@64bce832 {Lnet/minecraft/world/entity/animal/horse/SkeletonTrapGoal;} {} {V}
[13Nov2025 07:43:43.236] [main/DEBUG] [cpw.mods.modlauncher.TransformStore/MODLAUNCHER]: Adding transformer net.neoforged.neoforge.coremods.MethodRedirector@75769ab0 to Target : cpw.mods.modlauncher.api.TargetType@64bce832 {Lnet/minecraft/world/entity/npc/CatSpawner;} {} {V}
[13Nov2025 07:43:43.236] [main/DEBUG] [cpw.mods.modlauncher.TransformStore/MODLAUNCHER]: Adding transformer net.neoforged.neoforge.coremods.MethodRedirector@75769ab0 to Target : cpw.mods.modlauncher.api.TargetType@64bce832 {Lnet/minecraft/world/entity/monster/ZombieVillager;} {} {V}
[13Nov2025 07:43:43.236] [main/DEBUG] [cpw.mods.modlauncher.TransformStore/MODLAUNCHER]: Adding transformer net.neoforged.neoforge.coremods.MethodRedirector@75769ab0 to Target : cpw.mods.modlauncher.api.TargetType@64bce832 {Lnet/minecraft/world/level/levelgen/structure/structures/OceanMonumentPieces$OceanMonumentPiece;} {} {V}
[13Nov2025 07:43:43.236] [main/DEBUG] [cpw.mods.modlauncher.TransformStore/MODLAUNCHER]: Adding transformer net.neoforged.neoforge.coremods.MethodRedirector@75769ab0 to Target : cpw.mods.modlauncher.api.TargetType@64bce832 {Lnet/minecraft/world/level/levelgen/PatrolSpawner;} {} {V}
[13Nov2025 07:43:43.236] [main/DEBUG] [cpw.mods.modlauncher.TransformStore/MODLAUNCHER]: Adding transformer net.neoforged.neoforge.coremods.MethodRedirector@75769ab0 to Target : cpw.mods.modlauncher.api.TargetType@64bce832 {Lnet/minecraft/world/level/levelgen/structure/structures/SwampHutPiece;} {} {V}
[13Nov2025 07:43:43.237] [main/DEBUG] [cpw.mods.modlauncher.TransformStore/MODLAUNCHER]: Adding transformer net.neoforged.neoforge.coremods.MethodRedirector@75769ab0 to Target : cpw.mods.modlauncher.api.TargetType@64bce832 {Lnet/minecraft/world/entity/animal/frog/Tadpole;} {} {V}
[13Nov2025 07:43:43.237] [main/DEBUG] [cpw.mods.modlauncher.TransformationServiceDecorator/MODLAUNCHER]: Initialized transformers for transformation service fml
[13Nov2025 07:43:44.018] [main/DEBUG] [mixin/]: Processing prepare() for PlatformAgent[MixinPlatformAgentDefault:ModLauncher Root Container(ModLauncher:4f56a0a2)]
[13Nov2025 07:43:44.018] [main/DEBUG] [mixin/]: Processing prepare() for PlatformAgent[MixinPlatformAgentDefault:net.neoforged.fml.loading.mixin.FMLMixinContainerHandle@138caeca]
[13Nov2025 07:43:44.018] [main/DEBUG] [mixin/]: Processing prepare() for PlatformAgent[FMLMixinPlatformAgent:null]
[13Nov2025 07:43:44.075] [main/DEBUG] [mixin/]: Compatibility level JAVA_21 specified by c2me.mixins.json is higher than the maximum level supported by this version of mixin (JAVA_13).
[13Nov2025 07:43:44.079] [main/INFO] [mixin/]: Compatibility level set to JAVA_21
[13Nov2025 07:43:44.081] [main/DEBUG] [mixin/]: Compatibility level JAVA_17 specified by mutantmonsters.common.mixins.json is higher than the maximum level supported by this version of mixin (JAVA_13).
[13Nov2025 07:43:44.082] [main/DEBUG] [mixin/]: Compatibility level JAVA_17 specified by mutantmonsters.neoforge.mixins.json is higher than the maximum level supported by this version of mixin (JAVA_13).
[13Nov2025 07:43:44.083] [main/DEBUG] [mixin/]: Compatibility level JAVA_17 specified by geckolib.mixins.json is higher than the maximum level supported by this version of mixin (JAVA_13).
[13Nov2025 07:43:44.089] [main/DEBUG] [mixin/]: Compatibility level JAVA_17 specified by rainbows.mixins.json is higher than the maximum level supported by this version of mixin (JAVA_13).
[13Nov2025 07:43:44.091] [main/DEBUG] [mixin/]: Compatibility level JAVA_17 specified by journeymap.mixins.json is higher than the maximum level supported by this version of mixin (JAVA_13).
[13Nov2025 07:43:44.092] [main/DEBUG] [mixin/]: Compatibility level JAVA_17 specified by journeymap.neoforge.mixins.json is higher than the maximum level supported by this version of mixin (JAVA_13).
[13Nov2025 07:43:44.099] [main/DEBUG] [mixin/]: Compatibility level JAVA_17 specified by glitchcore.mixins.json is higher than the maximum level supported by this version of mixin (JAVA_13).
[13Nov2025 07:43:44.101] [main/DEBUG] [mixin/]: Compatibility level JAVA_17 specified by glitchcore.neoforge.mixins.json is higher than the maximum level supported by this version of mixin (JAVA_13).
[13Nov2025 07:43:44.102] [main/DEBUG] [mixin/]: Compatibility level JAVA_17 specified by sereneseasons.mixins.json is higher than the maximum level supported by this version of mixin (JAVA_13).
[13Nov2025 07:43:44.104] [main/DEBUG] [mixin/]: Compatibility level JAVA_17 specified by sereneseasons.neoforge.mixins.json is higher than the maximum level supported by this version of mixin (JAVA_13).
[13Nov2025 07:43:44.107] [main/DEBUG] [mixin/]: Compatibility level JAVA_17 specified by uteamcore.mixins.json is higher than the maximum level supported by this version of mixin (JAVA_13).
[13Nov2025 07:43:44.156] [main/DEBUG] [mixin/]: Compatibility level JAVA_17 specified by usefulbackpacks.mixins.json is higher than the maximum level supported by this version of mixin (JAVA_13).
[13Nov2025 07:43:44.163] [main/DEBUG] [mixin/]: Compatibility level JAVA_17 specified by forgeconfigapiport.common.mixins.json is higher than the maximum level supported by this version of mixin (JAVA_13).
[13Nov2025 07:43:44.164] [main/DEBUG] [mixin/]: Compatibility level JAVA_17 specified by forgeconfigapiport.neoforge.mixins.json is higher than the maximum level supported by this version of mixin (JAVA_13).
[13Nov2025 07:43:44.228] [main/DEBUG] [mixin/]: Compatibility level JAVA_16 specified by architectury.mixins.json is higher than the maximum level supported by this version of mixin (JAVA_13).
[13Nov2025 07:43:44.230] [main/DEBUG] [mixin/]: Compatibility level JAVA_16 specified by architectury-common.mixins.json is higher than the maximum level supported by this version of mixin (JAVA_13).
[13Nov2025 07:43:44.231] [main/DEBUG] [mixin/]: Compatibility level JAVA_17 specified by uranus.mixins.json is higher than the maximum level supported by this version of mixin (JAVA_13).
[13Nov2025 07:43:44.231] [main/DEBUG] [mixin/]: Compatibility level JAVA_17 specified by uranus-neoforge.mixins.json is higher than the maximum level supported by this version of mixin (JAVA_13).
[13Nov2025 07:43:44.236] [main/DEBUG] [mixin/]: Compatibility level JAVA_17 specified by puzzleslib.common.mixins.json is higher than the maximum level supported by this version of mixin (JAVA_13).
[13Nov2025 07:43:44.237] [main/DEBUG] [mixin/]: Compatibility level JAVA_17 specified by puzzleslib.neoforge.mixins.json is higher than the maximum level supported by this version of mixin (JAVA_13).
[13Nov2025 07:43:44.239] [main/DEBUG] [mixin/]: Compatibility level JAVA_17 specified by expandability-common.mixins.json is higher than the maximum level supported by this version of mixin (JAVA_13).
[13Nov2025 07:43:44.240] [main/DEBUG] [mixin/]: Compatibility level JAVA_17 specified by expandability.mixins.json is higher than the maximum level supported by this version of mixin (JAVA_13).
[13Nov2025 07:43:44.240] [main/DEBUG] [mixin/]: Compatibility level JAVA_17 specified by playerrevive.mixins.json is higher than the maximum level supported by this version of mixin (JAVA_13).
[13Nov2025 07:43:44.242] [main/DEBUG] [mixin/]: Processing launch tasks for PlatformAgent[MixinPlatformAgentDefault:ModLauncher Root Container(ModLauncher:4f56a0a2)]
[13Nov2025 07:43:44.242] [main/DEBUG] [mixin/]: Adding mixin platform agents for container SecureJarResource(mixin_synthetic)
[13Nov2025 07:43:44.242] [main/DEBUG] [mixin/]: Instancing new MixinPlatformAgentMinecraftForge for SecureJarResource(mixin_synthetic)
[13Nov2025 07:43:44.242] [main/DEBUG] [mixin/]: MixinPlatformAgentMinecraftForge rejected container SecureJarResource(mixin_synthetic)
[13Nov2025 07:43:44.242] [main/DEBUG] [mixin/]: Instancing new MixinPlatformAgentDefault for SecureJarResource(mixin_synthetic)
[13Nov2025 07:43:44.242] [main/DEBUG] [mixin/]: MixinPlatformAgentDefault accepted container SecureJarResource(mixin_synthetic)
[13Nov2025 07:43:44.243] [main/DEBUG] [mixin/]: Instancing new FMLMixinPlatformAgent for SecureJarResource(mixin_synthetic)
[13Nov2025 07:43:44.243] [main/DEBUG] [mixin/]: FMLMixinPlatformAgent rejected container SecureJarResource(mixin_synthetic)
[13Nov2025 07:43:44.243] [main/DEBUG] [mixin/]: Processing prepare() for PlatformAgent[MixinPlatformAgentDefault:SecureJarResource(mixin_synthetic)]
[13Nov2025 07:43:44.243] [main/DEBUG] [mixin/]: Adding mixin platform agents for container SecureJarResource(c2me_fixes_worldgen_threading_issues)
[13Nov2025 07:43:44.243] [main/DEBUG] [mixin/]: Instancing new MixinPlatformAgentMinecraftForge for SecureJarResource(c2me_fixes_worldgen_threading_issues)
[13Nov2025 07:43:44.243] [main/DEBUG] [mixin/]: MixinPlatformAgentMinecraftForge rejected container SecureJarResource(c2me_fixes_worldgen_threading_issues)
[13Nov2025 07:43:44.243] [main/DEBUG] [mixin/]: Instancing new MixinPlatformAgentDefault for SecureJarResource(c2me_fixes_worldgen_threading_issues)
[13Nov2025 07:43:44.243] [main/DEBUG] [mixin/]: MixinPlatformAgentDefault accepted container SecureJarResource(c2me_fixes_worldgen_threading_issues)
[13Nov2025 07:43:44.243] [main/DEBUG] [mixin/]: Instancing new FMLMixinPlatformAgent for SecureJarResource(c2me_fixes_worldgen_threading_issues)
[13Nov2025 07:43:44.243] [main/DEBUG] [mixin/]: FMLMixinPlatformAgent rejected container SecureJarResource(c2me_fixes_worldgen_threading_issues)
[13Nov2025 07:43:44.243] [main/DEBUG] [mixin/]: Processing prepare() for PlatformAgent[MixinPlatformAgentDefault:SecureJarResource(c2me_fixes_worldgen_threading_issues)]
[13Nov2025 07:43:44.243] [main/DEBUG] [mixin/]: Registering mixin config: c2me-fixes-worldgen-threading-issues.mixins.json source=SecureJarResource(c2me_fixes_worldgen_threading_issues)
[13Nov2025 07:43:44.243] [main/DEBUG] [mixin/]: Adding mixin platform agents for container SecureJarResource(c2me_threading_lighting)
[13Nov2025 07:43:44.243] [main/DEBUG] [mixin/]: Instancing new MixinPlatformAgentMinecraftForge for SecureJarResource(c2me_threading_lighting)
[13Nov2025 07:43:44.243] [main/DEBUG] [mixin/]: MixinPlatformAgentMinecraftForge rejected container SecureJarResource(c2me_threading_lighting)
[13Nov2025 07:43:44.243] [main/DEBUG] [mixin/]: Instancing new MixinPlatformAgentDefault for SecureJarResource(c2me_threading_lighting)
[13Nov2025 07:43:44.243] [main/DEBUG] [mixin/]: MixinPlatformAgentDefault accepted container SecureJarResource(c2me_threading_lighting)
[13Nov2025 07:43:44.243] [main/DEBUG] [mixin/]: Instancing new FMLMixinPlatformAgent for SecureJarResource(c2me_threading_lighting)
[13Nov2025 07:43:44.243] [main/DEBUG] [mixin/]: FMLMixinPlatformAgent rejected container SecureJarResource(c2me_threading_lighting)
[13Nov2025 07:43:44.243] [main/DEBUG] [mixin/]: Processing prepare() for PlatformAgent[MixinPlatformAgentDefault:SecureJarResource(c2me_threading_lighting)]
[13Nov2025 07:43:44.243] [main/DEBUG] [mixin/]: Registering mixin config: c2me-threading-lighting.mixins.json source=SecureJarResource(c2me_threading_lighting)
[13Nov2025 07:43:44.243] [main/DEBUG] [mixin/]: Adding mixin platform agents for container SecureJarResource(mutantmonsters)
[13Nov2025 07:43:44.243] [main/DEBUG] [mixin/]: Instancing new MixinPlatformAgentMinecraftForge for SecureJarResource(mutantmonsters)
[13Nov2025 07:43:44.243] [main/DEBUG] [mixin/]: MixinPlatformAgentMinecraftForge rejected container SecureJarResource(mutantmonsters)
[13Nov2025 07:43:44.243] [main/DEBUG] [mixin/]: Instancing new MixinPlatformAgentDefault for SecureJarResource(mutantmonsters)
[13Nov2025 07:43:44.244] [main/DEBUG] [mixin/]: MixinPlatformAgentDefault accepted container SecureJarResource(mutantmonsters)
[13Nov2025 07:43:44.244] [main/DEBUG] [mixin/]: Instancing new FMLMixinPlatformAgent for SecureJarResource(mutantmonsters)
[13Nov2025 07:43:44.244] [main/DEBUG] [mixin/]: FMLMixinPlatformAgent rejected container SecureJarResource(mutantmonsters)
[13Nov2025 07:43:44.244] [main/DEBUG] [mixin/]: Processing prepare() for PlatformAgent[MixinPlatformAgentDefault:SecureJarResource(mutantmonsters)]
[13Nov2025 07:43:44.244] [main/DEBUG] [mixin/]: Adding mixin platform agents for container SecureJarResource(geckolib)
[13Nov2025 07:43:44.244] [main/DEBUG] [mixin/]: Instancing new MixinPlatformAgentMinecraftForge for SecureJarResource(geckolib)
[13Nov2025 07:43:44.244] [main/DEBUG] [mixin/]: MixinPlatformAgentMinecraftForge rejected container SecureJarResource(geckolib)
[13Nov2025 07:43:44.244] [main/DEBUG] [mixin/]: Instancing new MixinPlatformAgentDefault for SecureJarResource(geckolib)
[13Nov2025 07:43:44.244] [main/DEBUG] [mixin/]: MixinPlatformAgentDefault accepted container SecureJarResource(geckolib)
[13Nov2025 07:43:44.244] [main/DEBUG] [mixin/]: Instancing new FMLMixinPlatformAgent for SecureJarResource(geckolib)
[13Nov2025 07:43:44.244] [main/DEBUG] [mixin/]: FMLMixinPlatformAgent rejected container SecureJarResource(geckolib)
[13Nov2025 07:43:44.244] [main/DEBUG] [mixin/]: Processing prepare() for PlatformAgent[MixinPlatformAgentDefault:SecureJarResource(geckolib)]
[13Nov2025 07:43:44.244] [main/DEBUG] [mixin/]: Registering mixin config: geckolib.mixins.json source=SecureJarResource(geckolib)
[13Nov2025 07:43:44.244] [main/DEBUG] [mixin/]: Adding mixin platform agents for container SecureJarResource(mss)
[13Nov2025 07:43:44.244] [main/DEBUG] [mixin/]: Instancing new MixinPlatformAgentMinecraftForge for SecureJarResource(mss)
[13Nov2025 07:43:44.244] [main/DEBUG] [mixin/]: MixinPlatformAgentMinecraftForge rejected container SecureJarResource(mss)
[13Nov2025 07:43:44.244] [main/DEBUG] [mixin/]: Instancing new MixinPlatformAgentDefault for SecureJarResource(mss)
[13Nov2025 07:43:44.244] [main/DEBUG] [mixin/]: MixinPlatformAgentDefault accepted container SecureJarResource(mss)
[13Nov2025 07:43:44.244] [main/DEBUG] [mixin/]: Instancing new FMLMixinPlatformAgent for SecureJarResource(mss)
[13Nov2025 07:43:44.244] [main/DEBUG] [mixin/]: FMLMixinPlatformAgent rejected container SecureJarResource(mss)
[13Nov2025 07:43:44.244] [main/DEBUG] [mixin/]: Processing prepare() for PlatformAgent[MixinPlatformAgentDefault:SecureJarResource(mss)]
[13Nov2025 07:43:44.244] [main/DEBUG] [mixin/]: Adding mixin platform agents for container SecureJarResource(treeharvester)
[13Nov2025 07:43:44.244] [main/DEBUG] [mixin/]: Instancing new MixinPlatformAgentMinecraftForge for SecureJarResource(treeharvester)
[13Nov2025 07:43:44.244] [main/DEBUG] [mixin/]: MixinPlatformAgentMinecraftForge rejected container SecureJarResource(treeharvester)
[13Nov2025 07:43:44.244] [main/DEBUG] [mixin/]: Instancing new MixinPlatformAgentDefault for SecureJarResource(treeharvester)
[13Nov2025 07:43:44.244] [main/DEBUG] [mixin/]: MixinPlatformAgentDefault accepted container SecureJarResource(treeharvester)
[13Nov2025 07:43:44.244] [main/DEBUG] [mixin/]: Instancing new FMLMixinPlatformAgent for SecureJarResource(treeharvester)
[13Nov2025 07:43:44.244] [main/DEBUG] [mixin/]: FMLMixinPlatformAgent rejected container SecureJarResource(treeharvester)
[13Nov2025 07:43:44.244] [main/DEBUG] [mixin/]: Processing prepare() for PlatformAgent[MixinPlatformAgentDefault:SecureJarResource(treeharvester)]
[13Nov2025 07:43:44.245] [main/DEBUG] [mixin/]: Registering mixin config: treeharvester_forge.mixins.json source=SecureJarResource(treeharvester)
[13Nov2025 07:43:44.245] [main/DEBUG] [mixin/]: Compatibility level JAVA_17 specified by treeharvester_forge.mixins.json is higher than the maximum level supported by this version of mixin (JAVA_13).
[13Nov2025 07:43:44.245] [main/DEBUG] [mixin/]: Adding mixin platform agents for container SecureJarResource(c2me_rewrites_chunk_serializer)
[13Nov2025 07:43:44.245] [main/DEBUG] [mixin/]: Instancing new MixinPlatformAgentMinecraftForge for SecureJarResource(c2me_rewrites_chunk_serializer)
[13Nov2025 07:43:44.245] [main/DEBUG] [mixin/]: MixinPlatformAgentMinecraftForge rejected container SecureJarResource(c2me_rewrites_chunk_serializer)
[13Nov2025 07:43:44.246] [main/DEBUG] [mixin/]: Instancing new MixinPlatformAgentDefault for SecureJarResource(c2me_rewrites_chunk_serializer)
[13Nov2025 07:43:44.246] [main/DEBUG] [mixin/]: MixinPlatformAgentDefault accepted container SecureJarResource(c2me_rewrites_chunk_serializer)
[13Nov2025 07:43:44.246] [main/DEBUG] [mixin/]: Instancing new FMLMixinPlatformAgent for SecureJarResource(c2me_rewrites_chunk_serializer)
[13Nov2025 07:43:44.246] [main/DEBUG] [mixin/]: FMLMixinPlatformAgent rejected container SecureJarResource(c2me_rewrites_chunk_serializer)
[13Nov2025 07:43:44.246] [main/DEBUG] [mixin/]: Processing prepare() for PlatformAgent[MixinPlatformAgentDefault:SecureJarResource(c2me_rewrites_chunk_serializer)]
[13Nov2025 07:43:44.246] [main/DEBUG] [mixin/]: Registering mixin config: c2me-rewrites-chunk-serializer.mixins.json source=SecureJarResource(c2me_rewrites_chunk_serializer)
[13Nov2025 07:43:44.246] [main/DEBUG] [mixin/]: Adding mixin platform agents for container SecureJarResource(jei)
[13Nov2025 07:43:44.246] [main/DEBUG] [mixin/]: Instancing new MixinPlatformAgentMinecraftForge for SecureJarResource(jei)
[13Nov2025 07:43:44.246] [main/DEBUG] [mixin/]: MixinPlatformAgentMinecraftForge rejected container SecureJarResource(jei)
[13Nov2025 07:43:44.246] [main/DEBUG] [mixin/]: Instancing new MixinPlatformAgentDefault for SecureJarResource(jei)
[13Nov2025 07:43:44.246] [main/DEBUG] [mixin/]: MixinPlatformAgentDefault accepted container SecureJarResource(jei)
[13Nov2025 07:43:44.246] [main/DEBUG] [mixin/]: Instancing new FMLMixinPlatformAgent for SecureJarResource(jei)
[13Nov2025 07:43:44.246] [main/DEBUG] [mixin/]: FMLMixinPlatformAgent rejected container SecureJarResource(jei)
[13Nov2025 07:43:44.246] [main/DEBUG] [mixin/]: Processing prepare() for PlatformAgent[MixinPlatformAgentDefault:SecureJarResource(jei)]
[13Nov2025 07:43:44.246] [main/DEBUG] [mixin/]: Adding mixin platform agents for container SecureJarResource(commonnetworking)
[13Nov2025 07:43:44.246] [main/DEBUG] [mixin/]: Instancing new MixinPlatformAgentMinecraftForge for SecureJarResource(commonnetworking)
[13Nov2025 07:43:44.246] [main/DEBUG] [mixin/]: MixinPlatformAgentMinecraftForge rejected container SecureJarResource(commonnetworking)
[13Nov2025 07:43:44.246] [main/DEBUG] [mixin/]: Instancing new MixinPlatformAgentDefault for SecureJarResource(commonnetworking)
[13Nov2025 07:43:44.246] [main/DEBUG] [mixin/]: MixinPlatformAgentDefault accepted container SecureJarResource(commonnetworking)
[13Nov2025 07:43:44.246] [main/DEBUG] [mixin/]: Instancing new FMLMixinPlatformAgent for SecureJarResource(commonnetworking)
[13Nov2025 07:43:44.246] [main/DEBUG] [mixin/]: FMLMixinPlatformAgent rejected container SecureJarResource(commonnetworking)
[13Nov2025 07:43:44.246] [main/DEBUG] [mixin/]: Processing prepare() for PlatformAgent[MixinPlatformAgentDefault:SecureJarResource(commonnetworking)]
[13Nov2025 07:43:44.246] [main/DEBUG] [mixin/]: Adding mixin platform agents for container SecureJarResource(c2me_opts_natives_math)
[13Nov2025 07:43:44.246] [main/DEBUG] [mixin/]: Instancing new MixinPlatformAgentMinecraftForge for SecureJarResource(c2me_opts_natives_math)
[13Nov2025 07:43:44.246] [main/DEBUG] [mixin/]: MixinPlatformAgentMinecraftForge rejected container SecureJarResource(c2me_opts_natives_math)
[13Nov2025 07:43:44.246] [main/DEBUG] [mixin/]: Instancing new MixinPlatformAgentDefault for SecureJarResource(c2me_opts_natives_math)
[13Nov2025 07:43:44.246] [main/DEBUG] [mixin/]: MixinPlatformAgentDefault accepted container SecureJarResource(c2me_opts_natives_math)
[13Nov2025 07:43:44.246] [main/DEBUG] [mixin/]: Instancing new FMLMixinPlatformAgent for SecureJarResource(c2me_opts_natives_math)
[13Nov2025 07:43:44.246] [main/DEBUG] [mixin/]: FMLMixinPlatformAgent rejected container SecureJarResource(c2me_opts_natives_math)
[13Nov2025 07:43:44.246] [main/DEBUG] [mixin/]: Processing prepare() for PlatformAgent[MixinPlatformAgentDefault:SecureJarResource(c2me_opts_natives_math)]
[13Nov2025 07:43:44.246] [main/DEBUG] [mixin/]: Registering mixin config: c2me-opts-natives-math.mixins.json source=SecureJarResource(c2me_opts_natives_math)
[13Nov2025 07:43:44.246] [main/DEBUG] [mixin/]: Adding mixin platform agents for container SecureJarResource(dynamiclights)
[13Nov2025 07:43:44.246] [main/DEBUG] [mixin/]: Instancing new MixinPlatformAgentMinecraftForge for SecureJarResource(dynamiclights)
[13Nov2025 07:43:44.246] [main/DEBUG] [mixin/]: MixinPlatformAgentMinecraftForge rejected container SecureJarResource(dynamiclights)
[13Nov2025 07:43:44.246] [main/DEBUG] [mixin/]: Instancing new MixinPlatformAgentDefault for SecureJarResource(dynamiclights)
[13Nov2025 07:43:44.247] [main/DEBUG] [mixin/]: MixinPlatformAgentDefault accepted container SecureJarResource(dynamiclights)
[13Nov2025 07:43:44.247] [main/DEBUG] [mixin/]: Instancing new FMLMixinPlatformAgent for SecureJarResource(dynamiclights)
[13Nov2025 07:43:44.247] [main/DEBUG] [mixin/]: FMLMixinPlatformAgent rejected container SecureJarResource(dynamiclights)
[13Nov2025 07:43:44.247] [main/DEBUG] [mixin/]: Processing prepare() for PlatformAgent[MixinPlatformAgentDefault:SecureJarResource(dynamiclights)]
[13Nov2025 07:43:44.247] [main/DEBUG] [mixin/]: Adding mixin platform agents for container SecureJarResource(rainbows)
[13Nov2025 07:43:44.247] [main/DEBUG] [mixin/]: Instancing new MixinPlatformAgentMinecraftForge for SecureJarResource(rainbows)
[13Nov2025 07:43:44.247] [main/DEBUG] [mixin/]: MixinPlatformAgentMinecraftForge rejected container SecureJarResource(rainbows)
[13Nov2025 07:43:44.247] [main/DEBUG] [mixin/]: Instancing new MixinPlatformAgentDefault for SecureJarResource(rainbows)
[13Nov2025 07:43:44.247] [main/DEBUG] [mixin/]: MixinPlatformAgentDefault accepted container SecureJarResource(rainbows)
[13Nov2025 07:43:44.247] [main/DEBUG] [mixin/]: Instancing new FMLMixinPlatformAgent for SecureJarResource(rainbows)
[13Nov2025 07:43:44.247] [main/DEBUG] [mixin/]: FMLMixinPlatformAgent rejected container SecureJarResource(rainbows)
[13Nov2025 07:43:44.247] [main/DEBUG] [mixin/]: Processing prepare() for PlatformAgent[MixinPlatformAgentDefault:SecureJarResource(rainbows)]
[13Nov2025 07:43:44.247] [main/DEBUG] [mixin/]: Adding mixin platform agents for container SecureJarResource(c2me_fixes_general_threading_issues)
[13Nov2025 07:43:44.247] [main/DEBUG] [mixin/]: Instancing new MixinPlatformAgentMinecraftForge for SecureJarResource(c2me_fixes_general_threading_issues)
[13Nov2025 07:43:44.247] [main/DEBUG] [mixin/]: MixinPlatformAgentMinecraftForge rejected container SecureJarResource(c2me_fixes_general_threading_issues)
[13Nov2025 07:43:44.247] [main/DEBUG] [mixin/]: Instancing new MixinPlatformAgentDefault for SecureJarResource(c2me_fixes_general_threading_issues)
[13Nov2025 07:43:44.247] [main/DEBUG] [mixin/]: MixinPlatformAgentDefault accepted container SecureJarResource(c2me_fixes_general_threading_issues)
[13Nov2025 07:43:44.247] [main/DEBUG] [mixin/]: Instancing new FMLMixinPlatformAgent for SecureJarResource(c2me_fixes_general_threading_issues)
[13Nov2025 07:43:44.247] [main/DEBUG] [mixin/]: FMLMixinPlatformAgent rejected container SecureJarResource(c2me_fixes_general_threading_issues)
[13Nov2025 07:43:44.247] [main/DEBUG] [mixin/]: Processing prepare() for PlatformAgent[MixinPlatformAgentDefault:SecureJarResource(c2me_fixes_general_threading_issues)]
[13Nov2025 07:43:44.247] [main/DEBUG] [mixin/]: Registering mixin config: c2me-fixes-general-threading-issues.mixins.json source=SecureJarResource(c2me_fixes_general_threading_issues)
[13Nov2025 07:43:44.247] [main/DEBUG] [mixin/]: Adding mixin platform agents for container SecureJarResource(journeymap)
[13Nov2025 07:43:44.247] [main/DEBUG] [mixin/]: Instancing new MixinPlatformAgentMinecraftForge for SecureJarResource(journeymap)
[13Nov2025 07:43:44.247] [main/DEBUG] [mixin/]: MixinPlatformAgentMinecraftForge rejected container SecureJarResource(journeymap)
[13Nov2025 07:43:44.247] [main/DEBUG] [mixin/]: Instancing new MixinPlatformAgentDefault for SecureJarResource(journeymap)
[13Nov2025 07:43:44.247] [main/DEBUG] [mixin/]: MixinPlatformAgentDefault accepted container SecureJarResource(journeymap)
[13Nov2025 07:43:44.247] [main/DEBUG] [mixin/]: Instancing new FMLMixinPlatformAgent for SecureJarResource(journeymap)
[13Nov2025 07:43:44.247] [main/DEBUG] [mixin/]: FMLMixinPlatformAgent rejected container SecureJarResource(journeymap)
[13Nov2025 07:43:44.247] [main/DEBUG] [mixin/]: Processing prepare() for PlatformAgent[MixinPlatformAgentDefault:SecureJarResource(journeymap)]
[13Nov2025 07:43:44.247] [main/DEBUG] [mixin/]: Registering mixin config: journeymap.mixins.json source=SecureJarResource(journeymap)
[13Nov2025 07:43:44.247] [main/DEBUG] [mixin/]: Adding mixin platform agents for container SecureJarResource(neoforge)
[13Nov2025 07:43:44.247] [main/DEBUG] [mixin/]: Instancing new MixinPlatformAgentMinecraftForge for SecureJarResource(neoforge)
[13Nov2025 07:43:44.247] [main/DEBUG] [mixin/]: MixinPlatformAgentMinecraftForge rejected container SecureJarResource(neoforge)
[13Nov2025 07:43:44.247] [main/DEBUG] [mixin/]: Instancing new MixinPlatformAgentDefault for SecureJarResource(neoforge)
[13Nov2025 07:43:44.247] [main/DEBUG] [mixin/]: MixinPlatformAgentDefault accepted container SecureJarResource(neoforge)
[13Nov2025 07:43:44.247] [main/DEBUG] [mixin/]: Instancing new FMLMixinPlatformAgent for SecureJarResource(neoforge)
[13Nov2025 07:43:44.247] [main/DEBUG] [mixin/]: FMLMixinPlatformAgent rejected container SecureJarResource(neoforge)
[13Nov2025 07:43:44.247] [main/DEBUG] [mixin/]: Processing prepare() for PlatformAgent[MixinPlatformAgentDefault:SecureJarResource(neoforge)]
[13Nov2025 07:43:44.247] [main/DEBUG] [mixin/]: Adding mixin platform agents for container SecureJarResource(artifacts)
[13Nov2025 07:43:44.247] [main/DEBUG] [mixin/]: Instancing new MixinPlatformAgentMinecraftForge for SecureJarResource(artifacts)
[13Nov2025 07:43:44.248] [main/DEBUG] [mixin/]: MixinPlatformAgentMinecraftForge rejected container SecureJarResource(artifacts)
[13Nov2025 07:43:44.248] [main/DEBUG] [mixin/]: Instancing new MixinPlatformAgentDefault for SecureJarResource(artifacts)
[13Nov2025 07:43:44.248] [main/DEBUG] [mixin/]: MixinPlatformAgentDefault accepted container SecureJarResource(artifacts)
[13Nov2025 07:43:44.248] [main/DEBUG] [mixin/]: Instancing new FMLMixinPlatformAgent for SecureJarResource(artifacts)
[13Nov2025 07:43:44.248] [main/DEBUG] [mixin/]: FMLMixinPlatformAgent rejected container SecureJarResource(artifacts)
[13Nov2025 07:43:44.248] [main/DEBUG] [mixin/]: Processing prepare() for PlatformAgent[MixinPlatformAgentDefault:SecureJarResource(artifacts)]
[13Nov2025 07:43:44.248] [main/DEBUG] [mixin/]: Adding mixin platform agents for container SecureJarResource(glitchcore)
[13Nov2025 07:43:44.248] [main/DEBUG] [mixin/]: Instancing new MixinPlatformAgentMinecraftForge for SecureJarResource(glitchcore)
[13Nov2025 07:43:44.248] [main/DEBUG] [mixin/]: MixinPlatformAgentMinecraftForge rejected container SecureJarResource(glitchcore)
[13Nov2025 07:43:44.248] [main/DEBUG] [mixin/]: Instancing new MixinPlatformAgentDefault for SecureJarResource(glitchcore)
[13Nov2025 07:43:44.248] [main/DEBUG] [mixin/]: MixinPlatformAgentDefault accepted container SecureJarResource(glitchcore)
[13Nov2025 07:43:44.248] [main/DEBUG] [mixin/]: Instancing new FMLMixinPlatformAgent for SecureJarResource(glitchcore)
[13Nov2025 07:43:44.248] [main/DEBUG] [mixin/]: FMLMixinPlatformAgent rejected container SecureJarResource(glitchcore)
[13Nov2025 07:43:44.248] [main/DEBUG] [mixin/]: Processing prepare() for PlatformAgent[MixinPlatformAgentDefault:SecureJarResource(glitchcore)]
[13Nov2025 07:43:44.248] [main/DEBUG] [mixin/]: Adding mixin platform agents for container SecureJarResource(sereneseasons)
[13Nov2025 07:43:44.248] [main/DEBUG] [mixin/]: Instancing new MixinPlatformAgentMinecraftForge for SecureJarResource(sereneseasons)
[13Nov2025 07:43:44.248] [main/DEBUG] [mixin/]: MixinPlatformAgentMinecraftForge rejected container SecureJarResource(sereneseasons)
[13Nov2025 07:43:44.248] [main/DEBUG] [mixin/]: Instancing new MixinPlatformAgentDefault for SecureJarResource(sereneseasons)
[13Nov2025 07:43:44.248] [main/DEBUG] [mixin/]: MixinPlatformAgentDefault accepted container SecureJarResource(sereneseasons)
[13Nov2025 07:43:44.248] [main/DEBUG] [mixin/]: Instancing new FMLMixinPlatformAgent for SecureJarResource(sereneseasons)
[13Nov2025 07:43:44.248] [main/DEBUG] [mixin/]: FMLMixinPlatformAgent rejected container SecureJarResource(sereneseasons)
[13Nov2025 07:43:44.248] [main/DEBUG] [mixin/]: Processing prepare() for PlatformAgent[MixinPlatformAgentDefault:SecureJarResource(sereneseasons)]
[13Nov2025 07:43:44.248] [main/DEBUG] [mixin/]: Adding mixin platform agents for container SecureJarResource(c2me_opts_math)
[13Nov2025 07:43:44.248] [main/DEBUG] [mixin/]: Instancing new MixinPlatformAgentMinecraftForge for SecureJarResource(c2me_opts_math)
[13Nov2025 07:43:44.248] [main/DEBUG] [mixin/]: MixinPlatformAgentMinecraftForge rejected container SecureJarResource(c2me_opts_math)
[13Nov2025 07:43:44.248] [main/DEBUG] [mixin/]: Instancing new MixinPlatformAgentDefault for SecureJarResource(c2me_opts_math)
[13Nov2025 07:43:44.248] [main/DEBUG] [mixin/]: MixinPlatformAgentDefault accepted container SecureJarResource(c2me_opts_math)
[13Nov2025 07:43:44.248] [main/DEBUG] [mixin/]: Instancing new FMLMixinPlatformAgent for SecureJarResource(c2me_opts_math)
[13Nov2025 07:43:44.248] [main/DEBUG] [mixin/]: FMLMixinPlatformAgent rejected container SecureJarResource(c2me_opts_math)
[13Nov2025 07:43:44.248] [main/DEBUG] [mixin/]: Processing prepare() for PlatformAgent[MixinPlatformAgentDefault:SecureJarResource(c2me_opts_math)]
[13Nov2025 07:43:44.248] [main/DEBUG] [mixin/]: Registering mixin config: c2me-opts-math.mixins.json source=SecureJarResource(c2me_opts_math)
[13Nov2025 07:43:44.249] [main/DEBUG] [mixin/]: Adding mixin platform agents for container SecureJarResource(uteamcore)
[13Nov2025 07:43:44.249] [main/DEBUG] [mixin/]: Instancing new MixinPlatformAgentMinecraftForge for SecureJarResource(uteamcore)
[13Nov2025 07:43:44.249] [main/DEBUG] [mixin/]: MixinPlatformAgentMinecraftForge rejected container SecureJarResource(uteamcore)
[13Nov2025 07:43:44.249] [main/DEBUG] [mixin/]: Instancing new MixinPlatformAgentDefault for SecureJarResource(uteamcore)
[13Nov2025 07:43:44.249] [main/DEBUG] [mixin/]: MixinPlatformAgentDefault accepted container SecureJarResource(uteamcore)
[13Nov2025 07:43:44.249] [main/DEBUG] [mixin/]: Instancing new FMLMixinPlatformAgent for SecureJarResource(uteamcore)
[13Nov2025 07:43:44.249] [main/DEBUG] [mixin/]: FMLMixinPlatformAgent rejected container SecureJarResource(uteamcore)
[13Nov2025 07:43:44.249] [main/DEBUG] [mixin/]: Processing prepare() for PlatformAgent[MixinPlatformAgentDefault:SecureJarResource(uteamcore)]
[13Nov2025 07:43:44.249] [main/DEBUG] [mixin/]: Adding mixin platform agents for container SecureJarResource(c2me)
[13Nov2025 07:43:44.249] [main/DEBUG] [mixin/]: Instancing new MixinPlatformAgentMinecraftForge for SecureJarResource(c2me)
[13Nov2025 07:43:44.249] [main/DEBUG] [mixin/]: MixinPlatformAgentMinecraftForge rejected container SecureJarResource(c2me)
[13Nov2025 07:43:44.249] [main/DEBUG] [mixin/]: Instancing new MixinPlatformAgentDefault for SecureJarResource(c2me)
[13Nov2025 07:43:44.249] [main/DEBUG] [mixin/]: MixinPlatformAgentDefault accepted container SecureJarResource(c2me)
[13Nov2025 07:43:44.249] [main/DEBUG] [mixin/]: Instancing new FMLMixinPlatformAgent for SecureJarResource(c2me)
[13Nov2025 07:43:44.249] [main/DEBUG] [mixin/]: FMLMixinPlatformAgent rejected container SecureJarResource(c2me)
[13Nov2025 07:43:44.249] [main/DEBUG] [mixin/]: Processing prepare() for PlatformAgent[MixinPlatformAgentDefault:SecureJarResource(c2me)]
[13Nov2025 07:43:44.249] [main/DEBUG] [mixin/]: Adding mixin platform agents for container SecureJarResource(c2me_rewrites_chunk_system)
[13Nov2025 07:43:44.249] [main/DEBUG] [mixin/]: Instancing new MixinPlatformAgentMinecraftForge for SecureJarResource(c2me_rewrites_chunk_system)
[13Nov2025 07:43:44.249] [main/DEBUG] [mixin/]: MixinPlatformAgentMinecraftForge rejected container SecureJarResource(c2me_rewrites_chunk_system)
[13Nov2025 07:43:44.249] [main/DEBUG] [mixin/]: Instancing new MixinPlatformAgentDefault for SecureJarResource(c2me_rewrites_chunk_system)
[13Nov2025 07:43:44.249] [main/DEBUG] [mixin/]: MixinPlatformAgentDefault accepted container SecureJarResource(c2me_rewrites_chunk_system)
[13Nov2025 07:43:44.249] [main/DEBUG] [mixin/]: Instancing new FMLMixinPlatformAgent for SecureJarResource(c2me_rewrites_chunk_system)
[13Nov2025 07:43:44.249] [main/DEBUG] [mixin/]: FMLMixinPlatformAgent rejected container SecureJarResource(c2me_rewrites_chunk_system)
[13Nov2025 07:43:44.249] [main/DEBUG] [mixin/]: Processing prepare() for PlatformAgent[MixinPlatformAgentDefault:SecureJarResource(c2me_rewrites_chunk_system)]
[13Nov2025 07:43:44.249] [main/DEBUG] [mixin/]: Registering mixin config: c2me-rewrites-chunk-system.mixins.json source=SecureJarResource(c2me_rewrites_chunk_system)
[13Nov2025 07:43:44.249] [main/DEBUG] [mixin/]: Adding mixin platform agents for container SecureJarResource(iceandfire)
[13Nov2025 07:43:44.249] [main/DEBUG] [mixin/]: Instancing new MixinPlatformAgentMinecraftForge for SecureJarResource(iceandfire)
[13Nov2025 07:43:44.249] [main/DEBUG] [mixin/]: MixinPlatformAgentMinecraftForge rejected container SecureJarResource(iceandfire)
[13Nov2025 07:43:44.249] [main/DEBUG] [mixin/]: Instancing new MixinPlatformAgentDefault for SecureJarResource(iceandfire)
[13Nov2025 07:43:44.249] [main/DEBUG] [mixin/]: MixinPlatformAgentDefault accepted container SecureJarResource(iceandfire)
[13Nov2025 07:43:44.249] [main/DEBUG] [mixin/]: Instancing new FMLMixinPlatformAgent for SecureJarResource(iceandfire)
[13Nov2025 07:43:44.249] [main/DEBUG] [mixin/]: FMLMixinPlatformAgent rejected container SecureJarResource(iceandfire)
[13Nov2025 07:43:44.249] [main/DEBUG] [mixin/]: Processing prepare() for PlatformAgent[MixinPlatformAgentDefault:SecureJarResource(iceandfire)]
[13Nov2025 07:43:44.249] [main/DEBUG] [mixin/]: Adding mixin platform agents for container SecureJarResource(c2me_base)
[13Nov2025 07:43:44.249] [main/DEBUG] [mixin/]: Instancing new MixinPlatformAgentMinecraftForge for SecureJarResource(c2me_base)
[13Nov2025 07:43:44.249] [main/DEBUG] [mixin/]: MixinPlatformAgentMinecraftForge rejected container SecureJarResource(c2me_base)
[13Nov2025 07:43:44.249] [main/DEBUG] [mixin/]: Instancing new MixinPlatformAgentDefault for SecureJarResource(c2me_base)
[13Nov2025 07:43:44.249] [main/DEBUG] [mixin/]: MixinPlatformAgentDefault accepted container SecureJarResource(c2me_base)
[13Nov2025 07:43:44.249] [main/DEBUG] [mixin/]: Instancing new FMLMixinPlatformAgent for SecureJarResource(c2me_base)
[13Nov2025 07:43:44.250] [main/DEBUG] [mixin/]: FMLMixinPlatformAgent rejected container SecureJarResource(c2me_base)
[13Nov2025 07:43:44.250] [main/DEBUG] [mixin/]: Processing prepare() for PlatformAgent[MixinPlatformAgentDefault:SecureJarResource(c2me_base)]
[13Nov2025 07:43:44.250] [main/DEBUG] [mixin/]: Registering mixin config: c2me-base.mixins.json source=SecureJarResource(c2me_base)
[13Nov2025 07:43:44.250] [main/DEBUG] [mixin/]: Adding mixin platform agents for container SecureJarResource(cloth_config)
[13Nov2025 07:43:44.250] [main/DEBUG] [mixin/]: Instancing new MixinPlatformAgentMinecraftForge for SecureJarResource(cloth_config)
[13Nov2025 07:43:44.250] [main/DEBUG] [mixin/]: MixinPlatformAgentMinecraftForge rejected container SecureJarResource(cloth_config)
[13Nov2025 07:43:44.250] [main/DEBUG] [mixin/]: Instancing new MixinPlatformAgentDefault for SecureJarResource(cloth_config)
[13Nov2025 07:43:44.250] [main/DEBUG] [mixin/]: MixinPlatformAgentDefault accepted container SecureJarResource(cloth_config)
[13Nov2025 07:43:44.250] [main/DEBUG] [mixin/]: Instancing new FMLMixinPlatformAgent for SecureJarResource(cloth_config)
[13Nov2025 07:43:44.250] [main/DEBUG] [mixin/]: FMLMixinPlatformAgent rejected container SecureJarResource(cloth_config)
[13Nov2025 07:43:44.250] [main/DEBUG] [mixin/]: Processing prepare() for PlatformAgent[MixinPlatformAgentDefault:SecureJarResource(cloth_config)]
[13Nov2025 07:43:44.250] [main/DEBUG] [mixin/]: Adding mixin platform agents for container SecureJarResource(mr_sleep)
[13Nov2025 07:43:44.250] [main/DEBUG] [mixin/]: Instancing new MixinPlatformAgentMinecraftForge for SecureJarResource(mr_sleep)
[13Nov2025 07:43:44.250] [main/DEBUG] [mixin/]: MixinPlatformAgentMinecraftForge rejected container SecureJarResource(mr_sleep)
[13Nov2025 07:43:44.250] [main/DEBUG] [mixin/]: Instancing new MixinPlatformAgentDefault for SecureJarResource(mr_sleep)
[13Nov2025 07:43:44.250] [main/DEBUG] [mixin/]: MixinPlatformAgentDefault accepted container SecureJarResource(mr_sleep)
[13Nov2025 07:43:44.250] [main/DEBUG] [mixin/]: Instancing new FMLMixinPlatformAgent for SecureJarResource(mr_sleep)
[13Nov2025 07:43:44.250] [main/DEBUG] [mixin/]: FMLMixinPlatformAgent rejected container SecureJarResource(mr_sleep)
[13Nov2025 07:43:44.250] [main/DEBUG] [mixin/]: Processing prepare() for PlatformAgent[MixinPlatformAgentDefault:SecureJarResource(mr_sleep)]
[13Nov2025 07:43:44.250] [main/DEBUG] [mixin/]: Adding mixin platform agents for container SecureJarResource(c2me_fixes_worldgen_vanilla_bugs)
[13Nov2025 07:43:44.250] [main/DEBUG] [mixin/]: Instancing new MixinPlatformAgentMinecraftForge for SecureJarResource(c2me_fixes_worldgen_vanilla_bugs)
[13Nov2025 07:43:44.250] [main/DEBUG] [mixin/]: MixinPlatformAgentMinecraftForge rejected container SecureJarResource(c2me_fixes_worldgen_vanilla_bugs)
[13Nov2025 07:43:44.250] [main/DEBUG] [mixin/]: Instancing new MixinPlatformAgentDefault for SecureJarResource(c2me_fixes_worldgen_vanilla_bugs)
[13Nov2025 07:43:44.250] [main/DEBUG] [mixin/]: MixinPlatformAgentDefault accepted container SecureJarResource(c2me_fixes_worldgen_vanilla_bugs)
[13Nov2025 07:43:44.250] [main/DEBUG] [mixin/]: Instancing new FMLMixinPlatformAgent for SecureJarResource(c2me_fixes_worldgen_vanilla_bugs)
[13Nov2025 07:43:44.250] [main/DEBUG] [mixin/]: FMLMixinPlatformAgent rejected container SecureJarResource(c2me_fixes_worldgen_vanilla_bugs)
[13Nov2025 07:43:44.250] [main/DEBUG] [mixin/]: Processing prepare() for PlatformAgent[MixinPlatformAgentDefault:SecureJarResource(c2me_fixes_worldgen_vanilla_bugs)]
[13Nov2025 07:43:44.250] [main/DEBUG] [mixin/]: Registering mixin config: c2me-fixes-worldgen-vanilla-bugs.mixins.json source=SecureJarResource(c2me_fixes_worldgen_vanilla_bugs)
[13Nov2025 07:43:44.250] [main/DEBUG] [mixin/]: Adding mixin platform agents for container SecureJarResource(c2me_opts_worldgen_vanilla)
[13Nov2025 07:43:44.250] [main/DEBUG] [mixin/]: Instancing new MixinPlatformAgentMinecraftForge for SecureJarResource(c2me_opts_worldgen_vanilla)
[13Nov2025 07:43:44.250] [main/DEBUG] [mixin/]: MixinPlatformAgentMinecraftForge rejected container SecureJarResource(c2me_opts_worldgen_vanilla)
[13Nov2025 07:43:44.250] [main/DEBUG] [mixin/]: Instancing new MixinPlatformAgentDefault for SecureJarResource(c2me_opts_worldgen_vanilla)
[13Nov2025 07:43:44.250] [main/DEBUG] [mixin/]: MixinPlatformAgentDefault accepted container SecureJarResource(c2me_opts_worldgen_vanilla)
[13Nov2025 07:43:44.250] [main/DEBUG] [mixin/]: Instancing new FMLMixinPlatformAgent for SecureJarResource(c2me_opts_worldgen_vanilla)
[13Nov2025 07:43:44.250] [main/DEBUG] [mixin/]: FMLMixinPlatformAgent rejected container SecureJarResource(c2me_opts_worldgen_vanilla)
[13Nov2025 07:43:44.250] [main/DEBUG] [mixin/]: Processing prepare() for PlatformAgent[MixinPlatformAgentDefault:SecureJarResource(c2me_opts_worldgen_vanilla)]
[13Nov2025 07:43:44.250] [main/DEBUG] [mixin/]: Registering mixin config: c2me-opts-worldgen-vanilla.mixins.json source=SecureJarResource(c2me_opts_worldgen_vanilla)
[13Nov2025 07:43:44.250] [main/DEBUG] [mixin/]: Adding mixin platform agents for container SecureJarResource(integration)
[13Nov2025 07:43:44.250] [main/DEBUG] [mixin/]: Instancing new MixinPlatformAgentMinecraftForge for SecureJarResource(integration)
[13Nov2025 07:43:44.250] [main/DEBUG] [mixin/]: MixinPlatformAgentMinecraftForge rejected container SecureJarResource(integration)
[13Nov2025 07:43:44.250] [main/DEBUG] [mixin/]: Instancing new MixinPlatformAgentDefault for SecureJarResource(integration)
[13Nov2025 07:43:44.250] [main/DEBUG] [mixin/]: MixinPlatformAgentDefault accepted container SecureJarResource(integration)
[13Nov2025 07:43:44.250] [main/DEBUG] [mixin/]: Instancing new FMLMixinPlatformAgent for SecureJarResource(integration)
[13Nov2025 07:43:44.250] [main/DEBUG] [mixin/]: FMLMixinPlatformAgent rejected container SecureJarResource(integration)
[13Nov2025 07:43:44.250] [main/DEBUG] [mixin/]: Processing prepare() for PlatformAgent[MixinPlatformAgentDefault:SecureJarResource(integration)]
[13Nov2025 07:43:44.251] [main/DEBUG] [mixin/]: Adding mixin platform agents for container SecureJarResource(twilightforest)
[13Nov2025 07:43:44.251] [main/DEBUG] [mixin/]: Instancing new MixinPlatformAgentMinecraftForge for SecureJarResource(twilightforest)
[13Nov2025 07:43:44.251] [main/DEBUG] [mixin/]: MixinPlatformAgentMinecraftForge rejected container SecureJarResource(twilightforest)
[13Nov2025 07:43:44.251] [main/DEBUG] [mixin/]: Instancing new MixinPlatformAgentDefault for SecureJarResource(twilightforest)
[13Nov2025 07:43:44.251] [main/DEBUG] [mixin/]: MixinPlatformAgentDefault accepted container SecureJarResource(twilightforest)
[13Nov2025 07:43:44.251] [main/DEBUG] [mixin/]: Instancing new FMLMixinPlatformAgent for SecureJarResource(twilightforest)
[13Nov2025 07:43:44.251] [main/DEBUG] [mixin/]: FMLMixinPlatformAgent rejected container SecureJarResource(twilightforest)
[13Nov2025 07:43:44.251] [main/DEBUG] [mixin/]: Processing prepare() for PlatformAgent[MixinPlatformAgentDefault:SecureJarResource(twilightforest)]
[13Nov2025 07:43:44.251] [main/DEBUG] [mixin/]: Adding mixin platform agents for container SecureJarResource(c2me_opts_scheduling)
[13Nov2025 07:43:44.251] [main/DEBUG] [mixin/]: Instancing new MixinPlatformAgentMinecraftForge for SecureJarResource(c2me_opts_scheduling)
[13Nov2025 07:43:44.251] [main/DEBUG] [mixin/]: MixinPlatformAgentMinecraftForge rejected container SecureJarResource(c2me_opts_scheduling)
[13Nov2025 07:43:44.251] [main/DEBUG] [mixin/]: Instancing new MixinPlatformAgentDefault for SecureJarResource(c2me_opts_scheduling)
[13Nov2025 07:43:44.251] [main/DEBUG] [mixin/]: MixinPlatformAgentDefault accepted container SecureJarResource(c2me_opts_scheduling)
[13Nov2025 07:43:44.251] [main/DEBUG] [mixin/]: Instancing new FMLMixinPlatformAgent for SecureJarResource(c2me_opts_scheduling)
[13Nov2025 07:43:44.251] [main/DEBUG] [mixin/]: FMLMixinPlatformAgent rejected container SecureJarResource(c2me_opts_scheduling)
[13Nov2025 07:43:44.251] [main/DEBUG] [mixin/]: Processing prepare() for PlatformAgent[MixinPlatformAgentDefault:SecureJarResource(c2me_opts_scheduling)]
[13Nov2025 07:43:44.251] [main/DEBUG] [mixin/]: Registering mixin config: c2me-opts-scheduling.mixins.json source=SecureJarResource(c2me_opts_scheduling)
[13Nov2025 07:43:44.251] [main/DEBUG] [mixin/]: Adding mixin platform agents for container SecureJarResource(dungeons_arise)
[13Nov2025 07:43:44.251] [main/DEBUG] [mixin/]: Instancing new MixinPlatformAgentMinecraftForge for SecureJarResource(dungeons_arise)
[13Nov2025 07:43:44.251] [main/DEBUG] [mixin/]: MixinPlatformAgentMinecraftForge rejected container SecureJarResource(dungeons_arise)
[13Nov2025 07:43:44.251] [main/DEBUG] [mixin/]: Instancing new MixinPlatformAgentDefault for SecureJarResource(dungeons_arise)
[13Nov2025 07:43:44.251] [main/DEBUG] [mixin/]: MixinPlatformAgentDefault accepted container SecureJarResource(dungeons_arise)
[13Nov2025 07:43:44.251] [main/DEBUG] [mixin/]: Instancing new FMLMixinPlatformAgent for SecureJarResource(dungeons_arise)
[13Nov2025 07:43:44.251] [main/DEBUG] [mixin/]: FMLMixinPlatformAgent rejected container SecureJarResource(dungeons_arise)
[13Nov2025 07:43:44.251] [main/DEBUG] [mixin/]: Processing prepare() for PlatformAgent[MixinPlatformAgentDefault:SecureJarResource(dungeons_arise)]
[13Nov2025 07:43:44.251] [main/DEBUG] [mixin/]: Adding mixin platform agents for container SecureJarResource(minecraft)
[13Nov2025 07:43:44.251] [main/DEBUG] [mixin/]: Instancing new MixinPlatformAgentMinecraftForge for SecureJarResource(minecraft)
[13Nov2025 07:43:44.251] [main/DEBUG] [mixin/]: MixinPlatformAgentMinecraftForge rejected container SecureJarResource(minecraft)
[13Nov2025 07:43:44.251] [main/DEBUG] [mixin/]: Instancing new MixinPlatformAgentDefault for SecureJarResource(minecraft)
[13Nov2025 07:43:44.252] [main/DEBUG] [mixin/]: MixinPlatformAgentDefault accepted container SecureJarResource(minecraft)
[13Nov2025 07:43:44.252] [main/DEBUG] [mixin/]: Instancing new FMLMixinPlatformAgent for SecureJarResource(minecraft)
[13Nov2025 07:43:44.252] [main/DEBUG] [mixin/]: FMLMixinPlatformAgent rejected container SecureJarResource(minecraft)
[13Nov2025 07:43:44.252] [main/DEBUG] [mixin/]: Processing prepare() for PlatformAgent[MixinPlatformAgentDefault:SecureJarResource(minecraft)]
[13Nov2025 07:43:44.252] [main/DEBUG] [mixin/]: Adding mixin platform agents for container SecureJarResource(him)
[13Nov2025 07:43:44.252] [main/DEBUG] [mixin/]: Instancing new MixinPlatformAgentMinecraftForge for SecureJarResource(him)
[13Nov2025 07:43:44.252] [main/DEBUG] [mixin/]: MixinPlatformAgentMinecraftForge rejected container SecureJarResource(him)
[13Nov2025 07:43:44.252] [main/DEBUG] [mixin/]: Instancing new MixinPlatformAgentDefault for SecureJarResource(him)
[13Nov2025 07:43:44.252] [main/DEBUG] [mixin/]: MixinPlatformAgentDefault accepted container SecureJarResource(him)
[13Nov2025 07:43:44.252] [main/DEBUG] [mixin/]: Instancing new FMLMixinPlatformAgent for SecureJarResource(him)
[13Nov2025 07:43:44.252] [main/DEBUG] [mixin/]: FMLMixinPlatformAgent rejected container SecureJarResource(him)
[13Nov2025 07:43:44.252] [main/DEBUG] [mixin/]: Processing prepare() for PlatformAgent[MixinPlatformAgentDefault:SecureJarResource(him)]
[13Nov2025 07:43:44.252] [main/DEBUG] [mixin/]: Adding mixin platform agents for container SecureJarResource(usefulbackpacks)
[13Nov2025 07:43:44.252] [main/DEBUG] [mixin/]: Instancing new MixinPlatformAgentMinecraftForge for SecureJarResource(usefulbackpacks)
[13Nov2025 07:43:44.252] [main/DEBUG] [mixin/]: MixinPlatformAgentMinecraftForge rejected container SecureJarResource(usefulbackpacks)
[13Nov2025 07:43:44.252] [main/DEBUG] [mixin/]: Instancing new MixinPlatformAgentDefault for SecureJarResource(usefulbackpacks)
[13Nov2025 07:43:44.252] [main/DEBUG] [mixin/]: MixinPlatformAgentDefault accepted container SecureJarResource(usefulbackpacks)
[13Nov2025 07:43:44.252] [main/DEBUG] [mixin/]: Instancing new FMLMixinPlatformAgent for SecureJarResource(usefulbackpacks)
[13Nov2025 07:43:44.252] [main/DEBUG] [mixin/]: FMLMixinPlatformAgent rejected container SecureJarResource(usefulbackpacks)
[13Nov2025 07:43:44.252] [main/DEBUG] [mixin/]: Processing prepare() for PlatformAgent[MixinPlatformAgentDefault:SecureJarResource(usefulbackpacks)]
[13Nov2025 07:43:44.252] [main/DEBUG] [mixin/]: Adding mixin platform agents for container SecureJarResource(block_factorys_bosses)
[13Nov2025 07:43:44.252] [main/DEBUG] [mixin/]: Instancing new MixinPlatformAgentMinecraftForge for SecureJarResource(block_factorys_bosses)
[13Nov2025 07:43:44.252] [main/DEBUG] [mixin/]: MixinPlatformAgentMinecraftForge rejected container SecureJarResource(block_factorys_bosses)
[13Nov2025 07:43:44.252] [main/DEBUG] [mixin/]: Instancing new MixinPlatformAgentDefault for SecureJarResource(block_factorys_bosses)
[13Nov2025 07:43:44.252] [main/DEBUG] [mixin/]: MixinPlatformAgentDefault accepted container SecureJarResource(block_factorys_bosses)
[13Nov2025 07:43:44.252] [main/DEBUG] [mixin/]: Instancing new FMLMixinPlatformAgent for SecureJarResource(block_factorys_bosses)
[13Nov2025 07:43:44.252] [main/DEBUG] [mixin/]: FMLMixinPlatformAgent rejected container SecureJarResource(block_factorys_bosses)
[13Nov2025 07:43:44.252] [main/DEBUG] [mixin/]: Processing prepare() for PlatformAgent[MixinPlatformAgentDefault:SecureJarResource(block_factorys_bosses)]
[13Nov2025 07:43:44.252] [main/DEBUG] [mixin/]: Adding mixin platform agents for container SecureJarResource(c2me_fixes_chunkio_threading_issues)
[13Nov2025 07:43:44.252] [main/DEBUG] [mixin/]: Instancing new MixinPlatformAgentMinecraftForge for SecureJarResource(c2me_fixes_chunkio_threading_issues)
[13Nov2025 07:43:44.252] [main/DEBUG] [mixin/]: MixinPlatformAgentMinecraftForge rejected container SecureJarResource(c2me_fixes_chunkio_threading_issues)
[13Nov2025 07:43:44.252] [main/DEBUG] [mixin/]: Instancing new MixinPlatformAgentDefault for SecureJarResource(c2me_fixes_chunkio_threading_issues)
[13Nov2025 07:43:44.252] [main/DEBUG] [mixin/]: MixinPlatformAgentDefault accepted container SecureJarResource(c2me_fixes_chunkio_threading_issues)
[13Nov2025 07:43:44.252] [main/DEBUG] [mixin/]: Instancing new FMLMixinPlatformAgent for SecureJarResource(c2me_fixes_chunkio_threading_issues)
[13Nov2025 07:43:44.252] [main/DEBUG] [mixin/]: FMLMixinPlatformAgent rejected container SecureJarResource(c2me_fixes_chunkio_threading_issues)
[13Nov2025 07:43:44.252] [main/DEBUG] [mixin/]: Processing prepare() for PlatformAgent[MixinPlatformAgentDefault:SecureJarResource(c2me_fixes_chunkio_threading_issues)]
[13Nov2025 07:43:44.252] [main/DEBUG] [mixin/]: Registering mixin config: c2me-fixes-chunkio-threading-issues.mixins.json source=SecureJarResource(c2me_fixes_chunkio_threading_issues)
[13Nov2025 07:43:44.253] [main/DEBUG] [mixin/]: Adding mixin platform agents for container SecureJarResource(jupiter)
[13Nov2025 07:43:44.253] [main/DEBUG] [mixin/]: Instancing new MixinPlatformAgentMinecraftForge for SecureJarResource(jupiter)
[13Nov2025 07:43:44.253] [main/DEBUG] [mixin/]: MixinPlatformAgentMinecraftForge rejected container SecureJarResource(jupiter)
[13Nov2025 07:43:44.253] [main/DEBUG] [mixin/]: Instancing new MixinPlatformAgentDefault for SecureJarResource(jupiter)
[13Nov2025 07:43:44.253] [main/DEBUG] [mixin/]: MixinPlatformAgentDefault accepted container SecureJarResource(jupiter)
[13Nov2025 07:43:44.253] [main/DEBUG] [mixin/]: Instancing new FMLMixinPlatformAgent for SecureJarResource(jupiter)
[13Nov2025 07:43:44.253] [main/DEBUG] [mixin/]: FMLMixinPlatformAgent rejected container SecureJarResource(jupiter)
[13Nov2025 07:43:44.253] [main/DEBUG] [mixin/]: Processing prepare() for PlatformAgent[MixinPlatformAgentDefault:SecureJarResource(jupiter)]
[13Nov2025 07:43:44.253] [main/DEBUG] [mixin/]: Adding mixin platform agents for container SecureJarResource(c2me_client_uncapvd)
[13Nov2025 07:43:44.253] [main/DEBUG] [mixin/]: Instancing new MixinPlatformAgentMinecraftForge for SecureJarResource(c2me_client_uncapvd)
[13Nov2025 07:43:44.253] [main/DEBUG] [mixin/]: MixinPlatformAgentMinecraftForge rejected container SecureJarResource(c2me_client_uncapvd)
[13Nov2025 07:43:44.253] [main/DEBUG] [mixin/]: Instancing new MixinPlatformAgentDefault for SecureJarResource(c2me_client_uncapvd)
[13Nov2025 07:43:44.253] [main/DEBUG] [mixin/]: MixinPlatformAgentDefault accepted container SecureJarResource(c2me_client_uncapvd)
[13Nov2025 07:43:44.253] [main/DEBUG] [mixin/]: Instancing new FMLMixinPlatformAgent for SecureJarResource(c2me_client_uncapvd)
[13Nov2025 07:43:44.253] [main/DEBUG] [mixin/]: FMLMixinPlatformAgent rejected container SecureJarResource(c2me_client_uncapvd)
[13Nov2025 07:43:44.253] [main/DEBUG] [mixin/]: Processing prepare() for PlatformAgent[MixinPlatformAgentDefault:SecureJarResource(c2me_client_uncapvd)]
[13Nov2025 07:43:44.253] [main/DEBUG] [mixin/]: Registering mixin config: c2me-client-uncapvd.mixins.json source=SecureJarResource(c2me_client_uncapvd)
[13Nov2025 07:43:44.253] [main/DEBUG] [mixin/]: Adding mixin platform agents for container SecureJarResource(creativecore)
[13Nov2025 07:43:44.253] [main/DEBUG] [mixin/]: Instancing new MixinPlatformAgentMinecraftForge for SecureJarResource(creativecore)
[13Nov2025 07:43:44.253] [main/DEBUG] [mixin/]: MixinPlatformAgentMinecraftForge rejected container SecureJarResource(creativecore)
[13Nov2025 07:43:44.253] [main/DEBUG] [mixin/]: Instancing new MixinPlatformAgentDefault for SecureJarResource(creativecore)
[13Nov2025 07:43:44.253] [main/DEBUG] [mixin/]: MixinPlatformAgentDefault accepted container SecureJarResource(creativecore)
[13Nov2025 07:43:44.253] [main/DEBUG] [mixin/]: Instancing new FMLMixinPlatformAgent for SecureJarResource(creativecore)
[13Nov2025 07:43:44.253] [main/DEBUG] [mixin/]: FMLMixinPlatformAgent rejected container SecureJarResource(creativecore)
[13Nov2025 07:43:44.253] [main/DEBUG] [mixin/]: Processing prepare() for PlatformAgent[MixinPlatformAgentDefault:SecureJarResource(creativecore)]
[13Nov2025 07:43:44.253] [main/DEBUG] [mixin/]: Adding mixin platform agents for container SecureJarResource(c2me_server_utils)
[13Nov2025 07:43:44.253] [main/DEBUG] [mixin/]: Instancing new MixinPlatformAgentMinecraftForge for SecureJarResource(c2me_server_utils)
[13Nov2025 07:43:44.253] [main/DEBUG] [mixin/]: MixinPlatformAgentMinecraftForge rejected container SecureJarResource(c2me_server_utils)
[13Nov2025 07:43:44.253] [main/DEBUG] [mixin/]: Instancing new MixinPlatformAgentDefault for SecureJarResource(c2me_server_utils)
[13Nov2025 07:43:44.253] [main/DEBUG] [mixin/]: MixinPlatformAgentDefault accepted container SecureJarResource(c2me_server_utils)
[13Nov2025 07:43:44.253] [main/DEBUG] [mixin/]: Instancing new FMLMixinPlatformAgent for SecureJarResource(c2me_server_utils)
[13Nov2025 07:43:44.253] [main/DEBUG] [mixin/]: FMLMixinPlatformAgent rejected container SecureJarResource(c2me_server_utils)
[13Nov2025 07:43:44.254] [main/DEBUG] [mixin/]: Processing prepare() for PlatformAgent[MixinPlatformAgentDefault:SecureJarResource(c2me_server_utils)]
[13Nov2025 07:43:44.254] [main/DEBUG] [mixin/]: Registering mixin config: c2me-server-utils.mixins.json source=SecureJarResource(c2me_server_utils)
[13Nov2025 07:43:44.254] [main/DEBUG] [mixin/]: Adding mixin platform agents for container SecureJarResource(forgeconfigapiport)
[13Nov2025 07:43:44.254] [main/DEBUG] [mixin/]: Instancing new MixinPlatformAgentMinecraftForge for SecureJarResource(forgeconfigapiport)
[13Nov2025 07:43:44.254] [main/DEBUG] [mixin/]: MixinPlatformAgentMinecraftForge rejected container SecureJarResource(forgeconfigapiport)
[13Nov2025 07:43:44.254] [main/DEBUG] [mixin/]: Instancing new MixinPlatformAgentDefault for SecureJarResource(forgeconfigapiport)
[13Nov2025 07:43:44.254] [main/DEBUG] [mixin/]: MixinPlatformAgentDefault accepted container SecureJarResource(forgeconfigapiport)
[13Nov2025 07:43:44.254] [main/DEBUG] [mixin/]: Instancing new FMLMixinPlatformAgent for SecureJarResource(forgeconfigapiport)
[13Nov2025 07:43:44.254] [main/DEBUG] [mixin/]: FMLMixinPlatformAgent rejected container SecureJarResource(forgeconfigapiport)
[13Nov2025 07:43:44.254] [main/DEBUG] [mixin/]: Processing prepare() for PlatformAgent[MixinPlatformAgentDefault:SecureJarResource(forgeconfigapiport)]
[13Nov2025 07:43:44.254] [main/DEBUG] [mixin/]: Adding mixin platform agents for container SecureJarResource(c2me_opts_dfc)
[13Nov2025 07:43:44.254] [main/DEBUG] [mixin/]: Instancing new MixinPlatformAgentMinecraftForge for SecureJarResource(c2me_opts_dfc)
[13Nov2025 07:43:44.254] [main/DEBUG] [mixin/]: MixinPlatformAgentMinecraftForge rejected container SecureJarResource(c2me_opts_dfc)
[13Nov2025 07:43:44.254] [main/DEBUG] [mixin/]: Instancing new MixinPlatformAgentDefault for SecureJarResource(c2me_opts_dfc)
[13Nov2025 07:43:44.254] [main/DEBUG] [mixin/]: MixinPlatformAgentDefault accepted container SecureJarResource(c2me_opts_dfc)
[13Nov2025 07:43:44.254] [main/DEBUG] [mixin/]: Instancing new FMLMixinPlatformAgent for SecureJarResource(c2me_opts_dfc)
[13Nov2025 07:43:44.254] [main/DEBUG] [mixin/]: FMLMixinPlatformAgent rejected container SecureJarResource(c2me_opts_dfc)
[13Nov2025 07:43:44.254] [main/DEBUG] [mixin/]: Processing prepare() for PlatformAgent[MixinPlatformAgentDefault:SecureJarResource(c2me_opts_dfc)]
[13Nov2025 07:43:44.254] [main/DEBUG] [mixin/]: Registering mixin config: c2me-opts-dfc.mixins.json source=SecureJarResource(c2me_opts_dfc)
[13Nov2025 07:43:44.254] [main/DEBUG] [mixin/]: Adding mixin platform agents for container SecureJarResource(curios)
[13Nov2025 07:43:44.254] [main/DEBUG] [mixin/]: Instancing new MixinPlatformAgentMinecraftForge for SecureJarResource(curios)
[13Nov2025 07:43:44.254] [main/DEBUG] [mixin/]: MixinPlatformAgentMinecraftForge rejected container SecureJarResource(curios)
[13Nov2025 07:43:44.254] [main/DEBUG] [mixin/]: Instancing new MixinPlatformAgentDefault for SecureJarResource(curios)
[13Nov2025 07:43:44.254] [main/DEBUG] [mixin/]: MixinPlatformAgentDefault accepted container SecureJarResource(curios)
[13Nov2025 07:43:44.254] [main/DEBUG] [mixin/]: Instancing new FMLMixinPlatformAgent for SecureJarResource(curios)
[13Nov2025 07:43:44.254] [main/DEBUG] [mixin/]: FMLMixinPlatformAgent rejected container SecureJarResource(curios)
[13Nov2025 07:43:44.254] [main/DEBUG] [mixin/]: Processing prepare() for PlatformAgent[MixinPlatformAgentDefault:SecureJarResource(curios)]
[13Nov2025 07:43:44.254] [main/DEBUG] [mixin/]: Adding mixin platform agents for container SecureJarResource(choccos_mobs)
[13Nov2025 07:43:44.254] [main/DEBUG] [mixin/]: Instancing new MixinPlatformAgentMinecraftForge for SecureJarResource(choccos_mobs)
[13Nov2025 07:43:44.254] [main/DEBUG] [mixin/]: MixinPlatformAgentMinecraftForge rejected container SecureJarResource(choccos_mobs)
[13Nov2025 07:43:44.254] [main/DEBUG] [mixin/]: Instancing new MixinPlatformAgentDefault for SecureJarResource(choccos_mobs)
[13Nov2025 07:43:44.254] [main/DEBUG] [mixin/]: MixinPlatformAgentDefault accepted container SecureJarResource(choccos_mobs)
[13Nov2025 07:43:44.254] [main/DEBUG] [mixin/]: Instancing new FMLMixinPlatformAgent for SecureJarResource(choccos_mobs)
[13Nov2025 07:43:44.254] [main/DEBUG] [mixin/]: FMLMixinPlatformAgent rejected container SecureJarResource(choccos_mobs)
[13Nov2025 07:43:44.254] [main/DEBUG] [mixin/]: Processing prepare() for PlatformAgent[MixinPlatformAgentDefault:SecureJarResource(choccos_mobs)]
[13Nov2025 07:43:44.254] [main/DEBUG] [mixin/]: Adding mixin platform agents for container SecureJarResource(naturallychargedcreepers)
[13Nov2025 07:43:44.254] [main/DEBUG] [mixin/]: Instancing new MixinPlatformAgentMinecraftForge for SecureJarResource(naturallychargedcreepers)
[13Nov2025 07:43:44.254] [main/DEBUG] [mixin/]: MixinPlatformAgentMinecraftForge rejected container SecureJarResource(naturallychargedcreepers)
[13Nov2025 07:43:44.254] [main/DEBUG] [mixin/]: Instancing new MixinPlatformAgentDefault for SecureJarResource(naturallychargedcreepers)
[13Nov2025 07:43:44.254] [main/DEBUG] [mixin/]: MixinPlatformAgentDefault accepted container SecureJarResource(naturallychargedcreepers)
[13Nov2025 07:43:44.254] [main/DEBUG] [mixin/]: Instancing new FMLMixinPlatformAgent for SecureJarResource(naturallychargedcreepers)
[13Nov2025 07:43:44.254] [main/DEBUG] [mixin/]: FMLMixinPlatformAgent rejected container SecureJarResource(naturallychargedcreepers)
[13Nov2025 07:43:44.255] [main/DEBUG] [mixin/]: Processing prepare() for PlatformAgent[MixinPlatformAgentDefault:SecureJarResource(naturallychargedcreepers)]
[13Nov2025 07:43:44.255] [main/DEBUG] [mixin/]: Registering mixin config: naturallychargedcreepers_forge.mixins.json source=SecureJarResource(naturallychargedcreepers)
[13Nov2025 07:43:44.255] [main/DEBUG] [mixin/]: Compatibility level JAVA_17 specified by naturallychargedcreepers_forge.mixins.json is higher than the maximum level supported by this version of mixin (JAVA_13).
[13Nov2025 07:43:44.256] [main/DEBUG] [mixin/]: Adding mixin platform agents for container SecureJarResource(collective)
[13Nov2025 07:43:44.256] [main/DEBUG] [mixin/]: Instancing new MixinPlatformAgentMinecraftForge for SecureJarResource(collective)
[13Nov2025 07:43:44.256] [main/DEBUG] [mixin/]: MixinPlatformAgentMinecraftForge rejected container SecureJarResource(collective)
[13Nov2025 07:43:44.256] [main/DEBUG] [mixin/]: Instancing new MixinPlatformAgentDefault for SecureJarResource(collective)
[13Nov2025 07:43:44.256] [main/DEBUG] [mixin/]: MixinPlatformAgentDefault accepted container SecureJarResource(collective)
[13Nov2025 07:43:44.256] [main/DEBUG] [mixin/]: Instancing new FMLMixinPlatformAgent for SecureJarResource(collective)
[13Nov2025 07:43:44.256] [main/DEBUG] [mixin/]: FMLMixinPlatformAgent rejected container SecureJarResource(collective)
[13Nov2025 07:43:44.256] [main/DEBUG] [mixin/]: Processing prepare() for PlatformAgent[MixinPlatformAgentDefault:SecureJarResource(collective)]
[13Nov2025 07:43:44.256] [main/DEBUG] [mixin/]: Registering mixin config: collective_forge.mixins.json source=SecureJarResource(collective)
[13Nov2025 07:43:44.257] [main/DEBUG] [mixin/]: Compatibility level JAVA_17 specified by collective_forge.mixins.json is higher than the maximum level supported by this version of mixin (JAVA_13).
[13Nov2025 07:43:44.257] [main/DEBUG] [mixin/]: Adding mixin platform agents for container SecureJarResource(securitycraft)
[13Nov2025 07:43:44.257] [main/DEBUG] [mixin/]: Instancing new MixinPlatformAgentMinecraftForge for SecureJarResource(securitycraft)
[13Nov2025 07:43:44.258] [main/DEBUG] [mixin/]: MixinPlatformAgentMinecraftForge rejected container SecureJarResource(securitycraft)
[13Nov2025 07:43:44.258] [main/DEBUG] [mixin/]: Instancing new MixinPlatformAgentDefault for SecureJarResource(securitycraft)
[13Nov2025 07:43:44.258] [main/DEBUG] [mixin/]: MixinPlatformAgentDefault accepted container SecureJarResource(securitycraft)
[13Nov2025 07:43:44.258] [main/DEBUG] [mixin/]: Instancing new FMLMixinPlatformAgent for SecureJarResource(securitycraft)
[13Nov2025 07:43:44.258] [main/DEBUG] [mixin/]: FMLMixinPlatformAgent rejected container SecureJarResource(securitycraft)
[13Nov2025 07:43:44.258] [main/DEBUG] [mixin/]: Processing prepare() for PlatformAgent[MixinPlatformAgentDefault:SecureJarResource(securitycraft)]
[13Nov2025 07:43:44.258] [main/DEBUG] [mixin/]: Adding mixin platform agents for container SecureJarResource(c2me_notickvd)
[13Nov2025 07:43:44.258] [main/DEBUG] [mixin/]: Instancing new MixinPlatformAgentMinecraftForge for SecureJarResource(c2me_notickvd)
[13Nov2025 07:43:44.258] [main/DEBUG] [mixin/]: MixinPlatformAgentMinecraftForge rejected container SecureJarResource(c2me_notickvd)
[13Nov2025 07:43:44.258] [main/DEBUG] [mixin/]: Instancing new MixinPlatformAgentDefault for SecureJarResource(c2me_notickvd)
[13Nov2025 07:43:44.258] [main/DEBUG] [mixin/]: MixinPlatformAgentDefault accepted container SecureJarResource(c2me_notickvd)
[13Nov2025 07:43:44.258] [main/DEBUG] [mixin/]: Instancing new FMLMixinPlatformAgent for SecureJarResource(c2me_notickvd)
[13Nov2025 07:43:44.258] [main/DEBUG] [mixin/]: FMLMixinPlatformAgent rejected container SecureJarResource(c2me_notickvd)
[13Nov2025 07:43:44.258] [main/DEBUG] [mixin/]: Processing prepare() for PlatformAgent[MixinPlatformAgentDefault:SecureJarResource(c2me_notickvd)]
[13Nov2025 07:43:44.258] [main/DEBUG] [mixin/]: Registering mixin config: c2me-notickvd.mixins.json source=SecureJarResource(c2me_notickvd)
[13Nov2025 07:43:44.258] [main/DEBUG] [mixin/]: Adding mixin platform agents for container SecureJarResource(elevatorid)
[13Nov2025 07:43:44.258] [main/DEBUG] [mixin/]: Instancing new MixinPlatformAgentMinecraftForge for SecureJarResource(elevatorid)
[13Nov2025 07:43:44.258] [main/DEBUG] [mixin/]: MixinPlatformAgentMinecraftForge rejected container SecureJarResource(elevatorid)
[13Nov2025 07:43:44.258] [main/DEBUG] [mixin/]: Instancing new MixinPlatformAgentDefault for SecureJarResource(elevatorid)
[13Nov2025 07:43:44.258] [main/DEBUG] [mixin/]: MixinPlatformAgentDefault accepted container SecureJarResource(elevatorid)
[13Nov2025 07:43:44.258] [main/DEBUG] [mixin/]: Instancing new FMLMixinPlatformAgent for SecureJarResource(elevatorid)
[13Nov2025 07:43:44.258] [main/DEBUG] [mixin/]: FMLMixinPlatformAgent rejected container SecureJarResource(elevatorid)
[13Nov2025 07:43:44.258] [main/DEBUG] [mixin/]: Processing prepare() for PlatformAgent[MixinPlatformAgentDefault:SecureJarResource(elevatorid)]
[13Nov2025 07:43:44.258] [main/DEBUG] [mixin/]: Adding mixin platform agents for container SecureJarResource(tombstone)
[13Nov2025 07:43:44.258] [main/DEBUG] [mixin/]: Instancing new MixinPlatformAgentMinecraftForge for SecureJarResource(tombstone)
[13Nov2025 07:43:44.258] [main/DEBUG] [mixin/]: MixinPlatformAgentMinecraftForge rejected container SecureJarResource(tombstone)
[13Nov2025 07:43:44.258] [main/DEBUG] [mixin/]: Instancing new MixinPlatformAgentDefault for SecureJarResource(tombstone)
[13Nov2025 07:43:44.258] [main/DEBUG] [mixin/]: MixinPlatformAgentDefault accepted container SecureJarResource(tombstone)
[13Nov2025 07:43:44.258] [main/DEBUG] [mixin/]: Instancing new FMLMixinPlatformAgent for SecureJarResource(tombstone)
[13Nov2025 07:43:44.258] [main/DEBUG] [mixin/]: FMLMixinPlatformAgent rejected container SecureJarResource(tombstone)
[13Nov2025 07:43:44.258] [main/DEBUG] [mixin/]: Processing prepare() for PlatformAgent[MixinPlatformAgentDefault:SecureJarResource(tombstone)]
[13Nov2025 07:43:44.259] [main/DEBUG] [mixin/]: Adding mixin platform agents for container SecureJarResource(c2me_opts_worldgen_general)
[13Nov2025 07:43:44.259] [main/DEBUG] [mixin/]: Instancing new MixinPlatformAgentMinecraftForge for SecureJarResource(c2me_opts_worldgen_general)
[13Nov2025 07:43:44.259] [main/DEBUG] [mixin/]: MixinPlatformAgentMinecraftForge rejected container SecureJarResource(c2me_opts_worldgen_general)
[13Nov2025 07:43:44.259] [main/DEBUG] [mixin/]: Instancing new MixinPlatformAgentDefault for SecureJarResource(c2me_opts_worldgen_general)
[13Nov2025 07:43:44.259] [main/DEBUG] [mixin/]: MixinPlatformAgentDefault accepted container SecureJarResource(c2me_opts_worldgen_general)
[13Nov2025 07:43:44.259] [main/DEBUG] [mixin/]: Instancing new FMLMixinPlatformAgent for SecureJarResource(c2me_opts_worldgen_general)
[13Nov2025 07:43:44.259] [main/DEBUG] [mixin/]: FMLMixinPlatformAgent rejected container SecureJarResource(c2me_opts_worldgen_general)
[13Nov2025 07:43:44.259] [main/DEBUG] [mixin/]: Processing prepare() for PlatformAgent[MixinPlatformAgentDefault:SecureJarResource(c2me_opts_worldgen_general)]
[13Nov2025 07:43:44.259] [main/DEBUG] [mixin/]: Registering mixin config: c2me-opts-worldgen-general.mixins.json source=SecureJarResource(c2me_opts_worldgen_general)
[13Nov2025 07:43:44.259] [main/DEBUG] [mixin/]: Adding mixin platform agents for container SecureJarResource(c2me_opts_chunkio)
[13Nov2025 07:43:44.259] [main/DEBUG] [mixin/]: Instancing new MixinPlatformAgentMinecraftForge for SecureJarResource(c2me_opts_chunkio)
[13Nov2025 07:43:44.259] [main/DEBUG] [mixin/]: MixinPlatformAgentMinecraftForge rejected container SecureJarResource(c2me_opts_chunkio)
[13Nov2025 07:43:44.259] [main/DEBUG] [mixin/]: Instancing new MixinPlatformAgentDefault for SecureJarResource(c2me_opts_chunkio)
[13Nov2025 07:43:44.259] [main/DEBUG] [mixin/]: MixinPlatformAgentDefault accepted container SecureJarResource(c2me_opts_chunkio)
[13Nov2025 07:43:44.259] [main/DEBUG] [mixin/]: Instancing new FMLMixinPlatformAgent for SecureJarResource(c2me_opts_chunkio)
[13Nov2025 07:43:44.259] [main/DEBUG] [mixin/]: FMLMixinPlatformAgent rejected container SecureJarResource(c2me_opts_chunkio)
[13Nov2025 07:43:44.259] [main/DEBUG] [mixin/]: Processing prepare() for PlatformAgent[MixinPlatformAgentDefault:SecureJarResource(c2me_opts_chunkio)]
[13Nov2025 07:43:44.259] [main/DEBUG] [mixin/]: Registering mixin config: c2me-opts-chunkio.mixins.json source=SecureJarResource(c2me_opts_chunkio)
[13Nov2025 07:43:44.259] [main/DEBUG] [mixin/]: Adding mixin platform agents for container SecureJarResource(mvs)
[13Nov2025 07:43:44.259] [main/DEBUG] [mixin/]: Instancing new MixinPlatformAgentMinecraftForge for SecureJarResource(mvs)
[13Nov2025 07:43:44.259] [main/DEBUG] [mixin/]: MixinPlatformAgentMinecraftForge rejected container SecureJarResource(mvs)
[13Nov2025 07:43:44.259] [main/DEBUG] [mixin/]: Instancing new MixinPlatformAgentDefault for SecureJarResource(mvs)
[13Nov2025 07:43:44.259] [main/DEBUG] [mixin/]: MixinPlatformAgentDefault accepted container SecureJarResource(mvs)
[13Nov2025 07:43:44.259] [main/DEBUG] [mixin/]: Instancing new FMLMixinPlatformAgent for SecureJarResource(mvs)
[13Nov2025 07:43:44.259] [main/DEBUG] [mixin/]: FMLMixinPlatformAgent rejected container SecureJarResource(mvs)
[13Nov2025 07:43:44.259] [main/DEBUG] [mixin/]: Processing prepare() for PlatformAgent[MixinPlatformAgentDefault:SecureJarResource(mvs)]
[13Nov2025 07:43:44.259] [main/DEBUG] [mixin/]: Adding mixin platform agents for container SecureJarResource(architectury)
[13Nov2025 07:43:44.259] [main/DEBUG] [mixin/]: Instancing new MixinPlatformAgentMinecraftForge for SecureJarResource(architectury)
[13Nov2025 07:43:44.259] [main/DEBUG] [mixin/]: MixinPlatformAgentMinecraftForge rejected container SecureJarResource(architectury)
[13Nov2025 07:43:44.259] [main/DEBUG] [mixin/]: Instancing new MixinPlatformAgentDefault for SecureJarResource(architectury)
[13Nov2025 07:43:44.260] [main/DEBUG] [mixin/]: MixinPlatformAgentDefault accepted container SecureJarResource(architectury)
[13Nov2025 07:43:44.260] [main/DEBUG] [mixin/]: Instancing new FMLMixinPlatformAgent for SecureJarResource(architectury)
[13Nov2025 07:43:44.260] [main/DEBUG] [mixin/]: FMLMixinPlatformAgent rejected container SecureJarResource(architectury)
[13Nov2025 07:43:44.260] [main/DEBUG] [mixin/]: Processing prepare() for PlatformAgent[MixinPlatformAgentDefault:SecureJarResource(architectury)]
[13Nov2025 07:43:44.260] [main/DEBUG] [mixin/]: Adding mixin platform agents for container SecureJarResource(uranus)
[13Nov2025 07:43:44.260] [main/DEBUG] [mixin/]: Instancing new MixinPlatformAgentMinecraftForge for SecureJarResource(uranus)
[13Nov2025 07:43:44.260] [main/DEBUG] [mixin/]: MixinPlatformAgentMinecraftForge rejected container SecureJarResource(uranus)
[13Nov2025 07:43:44.260] [main/DEBUG] [mixin/]: Instancing new MixinPlatformAgentDefault for SecureJarResource(uranus)
[13Nov2025 07:43:44.260] [main/DEBUG] [mixin/]: MixinPlatformAgentDefault accepted container SecureJarResource(uranus)
[13Nov2025 07:43:44.260] [main/DEBUG] [mixin/]: Instancing new FMLMixinPlatformAgent for SecureJarResource(uranus)
[13Nov2025 07:43:44.260] [main/DEBUG] [mixin/]: FMLMixinPlatformAgent rejected container SecureJarResource(uranus)
[13Nov2025 07:43:44.260] [main/DEBUG] [mixin/]: Processing prepare() for PlatformAgent[MixinPlatformAgentDefault:SecureJarResource(uranus)]
[13Nov2025 07:43:44.260] [main/DEBUG] [mixin/]: Adding mixin platform agents for container SecureJarResource(appleskin)
[13Nov2025 07:43:44.260] [main/DEBUG] [mixin/]: Instancing new MixinPlatformAgentMinecraftForge for SecureJarResource(appleskin)
[13Nov2025 07:43:44.260] [main/DEBUG] [mixin/]: MixinPlatformAgentMinecraftForge rejected container SecureJarResource(appleskin)
[13Nov2025 07:43:44.260] [main/DEBUG] [mixin/]: Instancing new MixinPlatformAgentDefault for SecureJarResource(appleskin)
[13Nov2025 07:43:44.260] [main/DEBUG] [mixin/]: MixinPlatformAgentDefault accepted container SecureJarResource(appleskin)
[13Nov2025 07:43:44.260] [main/DEBUG] [mixin/]: Instancing new FMLMixinPlatformAgent for SecureJarResource(appleskin)
[13Nov2025 07:43:44.260] [main/DEBUG] [mixin/]: FMLMixinPlatformAgent rejected container SecureJarResource(appleskin)
[13Nov2025 07:43:44.260] [main/DEBUG] [mixin/]: Processing prepare() for PlatformAgent[MixinPlatformAgentDefault:SecureJarResource(appleskin)]
[13Nov2025 07:43:44.260] [main/DEBUG] [mixin/]: Adding mixin platform agents for container SecureJarResource(refurbished_furniture)
[13Nov2025 07:43:44.260] [main/DEBUG] [mixin/]: Instancing new MixinPlatformAgentMinecraftForge for SecureJarResource(refurbished_furniture)
[13Nov2025 07:43:44.260] [main/DEBUG] [mixin/]: MixinPlatformAgentMinecraftForge rejected container SecureJarResource(refurbished_furniture)
[13Nov2025 07:43:44.260] [main/DEBUG] [mixin/]: Instancing new MixinPlatformAgentDefault for SecureJarResource(refurbished_furniture)
[13Nov2025 07:43:44.260] [main/DEBUG] [mixin/]: MixinPlatformAgentDefault accepted container SecureJarResource(refurbished_furniture)
[13Nov2025 07:43:44.260] [main/DEBUG] [mixin/]: Instancing new FMLMixinPlatformAgent for SecureJarResource(refurbished_furniture)
[13Nov2025 07:43:44.260] [main/DEBUG] [mixin/]: FMLMixinPlatformAgent rejected container SecureJarResource(refurbished_furniture)
[13Nov2025 07:43:44.260] [main/DEBUG] [mixin/]: Processing prepare() for PlatformAgent[MixinPlatformAgentDefault:SecureJarResource(refurbished_furniture)]
[13Nov2025 07:43:44.260] [main/DEBUG] [mixin/]: Adding mixin platform agents for container SecureJarResource(puzzleslib)
[13Nov2025 07:43:44.260] [main/DEBUG] [mixin/]: Instancing new MixinPlatformAgentMinecraftForge for SecureJarResource(puzzleslib)
[13Nov2025 07:43:44.260] [main/DEBUG] [mixin/]: MixinPlatformAgentMinecraftForge rejected container SecureJarResource(puzzleslib)
[13Nov2025 07:43:44.260] [main/DEBUG] [mixin/]: Instancing new MixinPlatformAgentDefault for SecureJarResource(puzzleslib)
[13Nov2025 07:43:44.260] [main/DEBUG] [mixin/]: MixinPlatformAgentDefault accepted container SecureJarResource(puzzleslib)
[13Nov2025 07:43:44.260] [main/DEBUG] [mixin/]: Instancing new FMLMixinPlatformAgent for SecureJarResource(puzzleslib)
[13Nov2025 07:43:44.260] [main/DEBUG] [mixin/]: FMLMixinPlatformAgent rejected container SecureJarResource(puzzleslib)
[13Nov2025 07:43:44.261] [main/DEBUG] [mixin/]: Processing prepare() for PlatformAgent[MixinPlatformAgentDefault:SecureJarResource(puzzleslib)]
[13Nov2025 07:43:44.261] [main/DEBUG] [mixin/]: Adding mixin platform agents for container SecureJarResource(framework)
[13Nov2025 07:43:44.261] [main/DEBUG] [mixin/]: Instancing new MixinPlatformAgentMinecraftForge for SecureJarResource(framework)
[13Nov2025 07:43:44.261] [main/DEBUG] [mixin/]: MixinPlatformAgentMinecraftForge rejected container SecureJarResource(framework)
[13Nov2025 07:43:44.261] [main/DEBUG] [mixin/]: Instancing new MixinPlatformAgentDefault for SecureJarResource(framework)
[13Nov2025 07:43:44.261] [main/DEBUG] [mixin/]: MixinPlatformAgentDefault accepted container SecureJarResource(framework)
[13Nov2025 07:43:44.261] [main/DEBUG] [mixin/]: Instancing new FMLMixinPlatformAgent for SecureJarResource(framework)
[13Nov2025 07:43:44.261] [main/DEBUG] [mixin/]: FMLMixinPlatformAgent rejected container SecureJarResource(framework)
[13Nov2025 07:43:44.261] [main/DEBUG] [mixin/]: Processing prepare() for PlatformAgent[MixinPlatformAgentDefault:SecureJarResource(framework)]
[13Nov2025 07:43:44.261] [main/DEBUG] [mixin/]: Adding mixin platform agents for container SecureJarResource(c2me_rewrites_chunkio)
[13Nov2025 07:43:44.261] [main/DEBUG] [mixin/]: Instancing new MixinPlatformAgentMinecraftForge for SecureJarResource(c2me_rewrites_chunkio)
[13Nov2025 07:43:44.261] [main/DEBUG] [mixin/]: MixinPlatformAgentMinecraftForge rejected container SecureJarResource(c2me_rewrites_chunkio)
[13Nov2025 07:43:44.261] [main/DEBUG] [mixin/]: Instancing new MixinPlatformAgentDefault for SecureJarResource(c2me_rewrites_chunkio)
[13Nov2025 07:43:44.261] [main/DEBUG] [mixin/]: MixinPlatformAgentDefault accepted container SecureJarResource(c2me_rewrites_chunkio)
[13Nov2025 07:43:44.261] [main/DEBUG] [mixin/]: Instancing new FMLMixinPlatformAgent for SecureJarResource(c2me_rewrites_chunkio)
[13Nov2025 07:43:44.261] [main/DEBUG] [mixin/]: FMLMixinPlatformAgent rejected container SecureJarResource(c2me_rewrites_chunkio)
[13Nov2025 07:43:44.261] [main/DEBUG] [mixin/]: Processing prepare() for PlatformAgent[MixinPlatformAgentDefault:SecureJarResource(c2me_rewrites_chunkio)]
[13Nov2025 07:43:44.261] [main/DEBUG] [mixin/]: Registering mixin config: c2me-rewrites-chunkio.mixins.json source=SecureJarResource(c2me_rewrites_chunkio)
[13Nov2025 07:43:44.261] [main/DEBUG] [mixin/]: Adding mixin platform agents for container SecureJarResource(expandability)
[13Nov2025 07:43:44.261] [main/DEBUG] [mixin/]: Instancing new MixinPlatformAgentMinecraftForge for SecureJarResource(expandability)
[13Nov2025 07:43:44.261] [main/DEBUG] [mixin/]: MixinPlatformAgentMinecraftForge rejected container SecureJarResource(expandability)
[13Nov2025 07:43:44.261] [main/DEBUG] [mixin/]: Instancing new MixinPlatformAgentDefault for SecureJarResource(expandability)
[13Nov2025 07:43:44.261] [main/DEBUG] [mixin/]: MixinPlatformAgentDefault accepted container SecureJarResource(expandability)
[13Nov2025 07:43:44.261] [main/DEBUG] [mixin/]: Instancing new FMLMixinPlatformAgent for SecureJarResource(expandability)
[13Nov2025 07:43:44.261] [main/DEBUG] [mixin/]: FMLMixinPlatformAgent rejected container SecureJarResource(expandability)
[13Nov2025 07:43:44.261] [main/DEBUG] [mixin/]: Processing prepare() for PlatformAgent[MixinPlatformAgentDefault:SecureJarResource(expandability)]
[13Nov2025 07:43:44.261] [main/DEBUG] [mixin/]: Adding mixin platform agents for container SecureJarResource(journeymap_api)
[13Nov2025 07:43:44.261] [main/DEBUG] [mixin/]: Instancing new MixinPlatformAgentMinecraftForge for SecureJarResource(journeymap_api)
[13Nov2025 07:43:44.261] [main/DEBUG] [mixin/]: MixinPlatformAgentMinecraftForge rejected container SecureJarResource(journeymap_api)
[13Nov2025 07:43:44.261] [main/DEBUG] [mixin/]: Instancing new MixinPlatformAgentDefault for SecureJarResource(journeymap_api)
[13Nov2025 07:43:44.261] [main/DEBUG] [mixin/]: MixinPlatformAgentDefault accepted container SecureJarResource(journeymap_api)
[13Nov2025 07:43:44.261] [main/DEBUG] [mixin/]: Instancing new FMLMixinPlatformAgent for SecureJarResource(journeymap_api)
[13Nov2025 07:43:44.261] [main/DEBUG] [mixin/]: FMLMixinPlatformAgent rejected container SecureJarResource(journeymap_api)
[13Nov2025 07:43:44.261] [main/DEBUG] [mixin/]: Processing prepare() for PlatformAgent[MixinPlatformAgentDefault:SecureJarResource(journeymap_api)]
[13Nov2025 07:43:44.261] [main/DEBUG] [mixin/]: Adding mixin platform agents for container SecureJarResource(playerrevive)
[13Nov2025 07:43:44.261] [main/DEBUG] [mixin/]: Instancing new MixinPlatformAgentMinecraftForge for SecureJarResource(playerrevive)
[13Nov2025 07:43:44.261] [main/DEBUG] [mixin/]: MixinPlatformAgentMinecraftForge rejected container SecureJarResource(playerrevive)
[13Nov2025 07:43:44.261] [main/DEBUG] [mixin/]: Instancing new MixinPlatformAgentDefault for SecureJarResource(playerrevive)
[13Nov2025 07:43:44.261] [main/DEBUG] [mixin/]: MixinPlatformAgentDefault accepted container SecureJarResource(playerrevive)
[13Nov2025 07:43:44.261] [main/DEBUG] [mixin/]: Instancing new FMLMixinPlatformAgent for SecureJarResource(playerrevive)
[13Nov2025 07:43:44.262] [main/DEBUG] [mixin/]: FMLMixinPlatformAgent rejected container SecureJarResource(playerrevive)
[13Nov2025 07:43:44.262] [main/DEBUG] [mixin/]: Processing prepare() for PlatformAgent[MixinPlatformAgentDefault:SecureJarResource(playerrevive)]
[13Nov2025 07:43:44.262] [main/DEBUG] [mixin/]: Adding mixin platform agents for container SecureJarResource(c2me_opts_allocs)
[13Nov2025 07:43:44.262] [main/DEBUG] [mixin/]: Instancing new MixinPlatformAgentMinecraftForge for SecureJarResource(c2me_opts_allocs)
[13Nov2025 07:43:44.262] [main/DEBUG] [mixin/]: MixinPlatformAgentMinecraftForge rejected container SecureJarResource(c2me_opts_allocs)
[13Nov2025 07:43:44.262] [main/DEBUG] [mixin/]: Instancing new MixinPlatformAgentDefault for SecureJarResource(c2me_opts_allocs)
[13Nov2025 07:43:44.262] [main/DEBUG] [mixin/]: MixinPlatformAgentDefault accepted container SecureJarResource(c2me_opts_allocs)
[13Nov2025 07:43:44.262] [main/DEBUG] [mixin/]: Instancing new FMLMixinPlatformAgent for SecureJarResource(c2me_opts_allocs)
[13Nov2025 07:43:44.262] [main/DEBUG] [mixin/]: FMLMixinPlatformAgent rejected container SecureJarResource(c2me_opts_allocs)
[13Nov2025 07:43:44.262] [main/DEBUG] [mixin/]: Processing prepare() for PlatformAgent[MixinPlatformAgentDefault:SecureJarResource(c2me_opts_allocs)]
[13Nov2025 07:43:44.262] [main/DEBUG] [mixin/]: Registering mixin config: c2me-opts-allocs.mixins.json source=SecureJarResource(c2me_opts_allocs)
[13Nov2025 07:43:44.262] [main/DEBUG] [mixin/]: Adding mixin platform agents for container SecureJarResource(extragems)
[13Nov2025 07:43:44.262] [main/DEBUG] [mixin/]: Instancing new MixinPlatformAgentMinecraftForge for SecureJarResource(extragems)
[13Nov2025 07:43:44.262] [main/DEBUG] [mixin/]: MixinPlatformAgentMinecraftForge rejected container SecureJarResource(extragems)
[13Nov2025 07:43:44.262] [main/DEBUG] [mixin/]: Instancing new MixinPlatformAgentDefault for SecureJarResource(extragems)
[13Nov2025 07:43:44.262] [main/DEBUG] [mixin/]: MixinPlatformAgentDefault accepted container SecureJarResource(extragems)
[13Nov2025 07:43:44.262] [main/DEBUG] [mixin/]: Instancing new FMLMixinPlatformAgent for SecureJarResource(extragems)
[13Nov2025 07:43:44.262] [main/DEBUG] [mixin/]: FMLMixinPlatformAgent rejected container SecureJarResource(extragems)
[13Nov2025 07:43:44.262] [main/DEBUG] [mixin/]: Processing prepare() for PlatformAgent[MixinPlatformAgentDefault:SecureJarResource(extragems)]
[13Nov2025 07:43:44.262] [main/DEBUG] [mixin/]: Adding mixin platform agents for container SecureJarResource(mixinextras.neoforge)
[13Nov2025 07:43:44.262] [main/DEBUG] [mixin/]: Instancing new MixinPlatformAgentMinecraftForge for SecureJarResource(mixinextras.neoforge)
[13Nov2025 07:43:44.262] [main/DEBUG] [mixin/]: MixinPlatformAgentMinecraftForge rejected container SecureJarResource(mixinextras.neoforge)
[13Nov2025 07:43:44.262] [main/DEBUG] [mixin/]: Instancing new MixinPlatformAgentDefault for SecureJarResource(mixinextras.neoforge)
[13Nov2025 07:43:44.262] [main/DEBUG] [mixin/]: MixinPlatformAgentDefault accepted container SecureJarResource(mixinextras.neoforge)
[13Nov2025 07:43:44.262] [main/DEBUG] [mixin/]: Instancing new FMLMixinPlatformAgent for SecureJarResource(mixinextras.neoforge)
[13Nov2025 07:43:44.262] [main/DEBUG] [mixin/]: FMLMixinPlatformAgent rejected container SecureJarResource(mixinextras.neoforge)
[13Nov2025 07:43:44.262] [main/DEBUG] [mixin/]: Processing prepare() for PlatformAgent[MixinPlatformAgentDefault:SecureJarResource(mixinextras.neoforge)]
[13Nov2025 07:43:44.262] [main/DEBUG] [mixin/]: Registering mixin config: mixinextras.init.mixins.json source=SecureJarResource(mixinextras.neoforge)
[13Nov2025 07:43:44.263] [main/DEBUG] [mixin/]: Adding mixin platform agents for container SecureJarResource(mixinsquared.neoforge.beta._6)
[13Nov2025 07:43:44.263] [main/DEBUG] [mixin/]: Instancing new MixinPlatformAgentMinecraftForge for SecureJarResource(mixinsquared.neoforge.beta._6)
[13Nov2025 07:43:44.263] [main/DEBUG] [mixin/]: MixinPlatformAgentMinecraftForge rejected container SecureJarResource(mixinsquared.neoforge.beta._6)
[13Nov2025 07:43:44.263] [main/DEBUG] [mixin/]: Instancing new MixinPlatformAgentDefault for SecureJarResource(mixinsquared.neoforge.beta._6)
[13Nov2025 07:43:44.263] [main/DEBUG] [mixin/]: MixinPlatformAgentDefault accepted container SecureJarResource(mixinsquared.neoforge.beta._6)
[13Nov2025 07:43:44.263] [main/DEBUG] [mixin/]: Instancing new FMLMixinPlatformAgent for SecureJarResource(mixinsquared.neoforge.beta._6)
[13Nov2025 07:43:44.263] [main/DEBUG] [mixin/]: FMLMixinPlatformAgent rejected container SecureJarResource(mixinsquared.neoforge.beta._6)
[13Nov2025 07:43:44.263] [main/DEBUG] [mixin/]: Processing prepare() for PlatformAgent[MixinPlatformAgentDefault:SecureJarResource(mixinsquared.neoforge.beta._6)]
[13Nov2025 07:43:44.263] [main/DEBUG] [mixin/]: Registering mixin config: mixinsquared.init.mixins.json source=SecureJarResource(mixinsquared.neoforge.beta._6)
[13Nov2025 07:43:44.264] [main/DEBUG] [mixin/]: inject() running with 71 agents
[13Nov2025 07:43:44.265] [main/DEBUG] [mixin/]: Processing inject() for PlatformAgent[MixinPlatformAgentDefault:ModLauncher Root Container(ModLauncher:4f56a0a2)]
[13Nov2025 07:43:44.265] [main/DEBUG] [mixin/]: Processing inject() for PlatformAgent[MixinPlatformAgentDefault:net.neoforged.fml.loading.mixin.FMLMixinContainerHandle@138caeca]
[13Nov2025 07:43:44.265] [main/DEBUG] [mixin/]: Processing inject() for PlatformAgent[FMLMixinPlatformAgent:null]
[13Nov2025 07:43:44.265] [main/DEBUG] [mixin/]: Processing inject() for PlatformAgent[MixinPlatformAgentDefault:SecureJarResource(mixin_synthetic)]
[13Nov2025 07:43:44.265] [main/DEBUG] [mixin/]: Processing inject() for PlatformAgent[MixinPlatformAgentDefault:SecureJarResource(c2me_fixes_worldgen_threading_issues)]
[13Nov2025 07:43:44.265] [main/DEBUG] [mixin/]: Processing inject() for PlatformAgent[MixinPlatformAgentDefault:SecureJarResource(c2me_threading_lighting)]
[13Nov2025 07:43:44.265] [main/DEBUG] [mixin/]: Processing inject() for PlatformAgent[MixinPlatformAgentDefault:SecureJarResource(mutantmonsters)]
[13Nov2025 07:43:44.265] [main/DEBUG] [mixin/]: Processing inject() for PlatformAgent[MixinPlatformAgentDefault:SecureJarResource(geckolib)]
[13Nov2025 07:43:44.265] [main/DEBUG] [mixin/]: Processing inject() for PlatformAgent[MixinPlatformAgentDefault:SecureJarResource(mss)]
[13Nov2025 07:43:44.265] [main/DEBUG] [mixin/]: Processing inject() for PlatformAgent[MixinPlatformAgentDefault:SecureJarResource(treeharvester)]
[13Nov2025 07:43:44.265] [main/DEBUG] [mixin/]: Processing inject() for PlatformAgent[MixinPlatformAgentDefault:SecureJarResource(c2me_rewrites_chunk_serializer)]
[13Nov2025 07:43:44.265] [main/DEBUG] [mixin/]: Processing inject() for PlatformAgent[MixinPlatformAgentDefault:SecureJarResource(jei)]
[13Nov2025 07:43:44.265] [main/DEBUG] [mixin/]: Processing inject() for PlatformAgent[MixinPlatformAgentDefault:SecureJarResource(commonnetworking)]
[13Nov2025 07:43:44.265] [main/DEBUG] [mixin/]: Processing inject() for PlatformAgent[MixinPlatformAgentDefault:SecureJarResource(c2me_opts_natives_math)]
[13Nov2025 07:43:44.265] [main/DEBUG] [mixin/]: Processing inject() for PlatformAgent[MixinPlatformAgentDefault:SecureJarResource(dynamiclights)]
[13Nov2025 07:43:44.265] [main/DEBUG] [mixin/]: Processing inject() for PlatformAgent[MixinPlatformAgentDefault:SecureJarResource(rainbows)]
[13Nov2025 07:43:44.265] [main/DEBUG] [mixin/]: Processing inject() for PlatformAgent[MixinPlatformAgentDefault:SecureJarResource(c2me_fixes_general_threading_issues)]
[13Nov2025 07:43:44.265] [main/DEBUG] [mixin/]: Processing inject() for PlatformAgent[MixinPlatformAgentDefault:SecureJarResource(journeymap)]
[13Nov2025 07:43:44.265] [main/DEBUG] [mixin/]: Processing inject() for PlatformAgent[MixinPlatformAgentDefault:SecureJarResource(neoforge)]
[13Nov2025 07:43:44.265] [main/DEBUG] [mixin/]: Processing inject() for PlatformAgent[MixinPlatformAgentDefault:SecureJarResource(artifacts)]
[13Nov2025 07:43:44.265] [main/DEBUG] [mixin/]: Processing inject() for PlatformAgent[MixinPlatformAgentDefault:SecureJarResource(glitchcore)]
[13Nov2025 07:43:44.265] [main/DEBUG] [mixin/]: Processing inject() for PlatformAgent[MixinPlatformAgentDefault:SecureJarResource(sereneseasons)]
[13Nov2025 07:43:44.265] [main/DEBUG] [mixin/]: Processing inject() for PlatformAgent[MixinPlatformAgentDefault:SecureJarResource(c2me_opts_math)]
[13Nov2025 07:43:44.266] [main/DEBUG] [mixin/]: Processing inject() for PlatformAgent[MixinPlatformAgentDefault:SecureJarResource(uteamcore)]
[13Nov2025 07:43:44.266] [main/DEBUG] [mixin/]: Processing inject() for PlatformAgent[MixinPlatformAgentDefault:SecureJarResource(c2me)]
[13Nov2025 07:43:44.266] [main/DEBUG] [mixin/]: Processing inject() for PlatformAgent[MixinPlatformAgentDefault:SecureJarResource(c2me_rewrites_chunk_system)]
[13Nov2025 07:43:44.266] [main/DEBUG] [mixin/]: Processing inject() for PlatformAgent[MixinPlatformAgentDefault:SecureJarResource(iceandfire)]
[13Nov2025 07:43:44.266] [main/DEBUG] [mixin/]: Processing inject() for PlatformAgent[MixinPlatformAgentDefault:SecureJarResource(c2me_base)]
[13Nov2025 07:43:44.266] [main/DEBUG] [mixin/]: Processing inject() for PlatformAgent[MixinPlatformAgentDefault:SecureJarResource(cloth_config)]
[13Nov2025 07:43:44.266] [main/DEBUG] [mixin/]: Processing inject() for PlatformAgent[MixinPlatformAgentDefault:SecureJarResource(mr_sleep)]
[13Nov2025 07:43:44.266] [main/DEBUG] [mixin/]: Processing inject() for PlatformAgent[MixinPlatformAgentDefault:SecureJarResource(c2me_fixes_worldgen_vanilla_bugs)]
[13Nov2025 07:43:44.266] [main/DEBUG] [mixin/]: Processing inject() for PlatformAgent[MixinPlatformAgentDefault:SecureJarResource(c2me_opts_worldgen_vanilla)]
[13Nov2025 07:43:44.266] [main/DEBUG] [mixin/]: Processing inject() for PlatformAgent[MixinPlatformAgentDefault:SecureJarResource(integration)]
[13Nov2025 07:43:44.266] [main/DEBUG] [mixin/]: Processing inject() for PlatformAgent[MixinPlatformAgentDefault:SecureJarResource(twilightforest)]
[13Nov2025 07:43:44.266] [main/DEBUG] [mixin/]: Processing inject() for PlatformAgent[MixinPlatformAgentDefault:SecureJarResource(c2me_opts_scheduling)]
[13Nov2025 07:43:44.266] [main/DEBUG] [mixin/]: Processing inject() for PlatformAgent[MixinPlatformAgentDefault:SecureJarResource(dungeons_arise)]
[13Nov2025 07:43:44.266] [main/DEBUG] [mixin/]: Processing inject() for PlatformAgent[MixinPlatformAgentDefault:SecureJarResource(minecraft)]
[13Nov2025 07:43:44.266] [main/DEBUG] [mixin/]: Processing inject() for PlatformAgent[MixinPlatformAgentDefault:SecureJarResource(him)]
[13Nov2025 07:43:44.266] [main/DEBUG] [mixin/]: Processing inject() for PlatformAgent[MixinPlatformAgentDefault:SecureJarResource(usefulbackpacks)]
[13Nov2025 07:43:44.266] [main/DEBUG] [mixin/]: Processing inject() for PlatformAgent[MixinPlatformAgentDefault:SecureJarResource(block_factorys_bosses)]
[13Nov2025 07:43:44.266] [main/DEBUG] [mixin/]: Processing inject() for PlatformAgent[MixinPlatformAgentDefault:SecureJarResource(c2me_fixes_chunkio_threading_issues)]
[13Nov2025 07:43:44.266] [main/DEBUG] [mixin/]: Processing inject() for PlatformAgent[MixinPlatformAgentDefault:SecureJarResource(jupiter)]
[13Nov2025 07:43:44.266] [main/DEBUG] [mixin/]: Processing inject() for PlatformAgent[MixinPlatformAgentDefault:SecureJarResource(c2me_client_uncapvd)]
[13Nov2025 07:43:44.266] [main/DEBUG] [mixin/]: Processing inject() for PlatformAgent[MixinPlatformAgentDefault:SecureJarResource(creativecore)]
[13Nov2025 07:43:44.266] [main/DEBUG] [mixin/]: Processing inject() for PlatformAgent[MixinPlatformAgentDefault:SecureJarResource(c2me_server_utils)]
[13Nov2025 07:43:44.266] [main/DEBUG] [mixin/]: Processing inject() for PlatformAgent[MixinPlatformAgentDefault:SecureJarResource(forgeconfigapiport)]
[13Nov2025 07:43:44.266] [main/DEBUG] [mixin/]: Processing inject() for PlatformAgent[MixinPlatformAgentDefault:SecureJarResource(c2me_opts_dfc)]
[13Nov2025 07:43:44.266] [main/DEBUG] [mixin/]: Processing inject() for PlatformAgent[MixinPlatformAgentDefault:SecureJarResource(curios)]
[13Nov2025 07:43:44.266] [main/DEBUG] [mixin/]: Processing inject() for PlatformAgent[MixinPlatformAgentDefault:SecureJarResource(choccos_mobs)]
[13Nov2025 07:43:44.266] [main/DEBUG] [mixin/]: Processing inject() for PlatformAgent[MixinPlatformAgentDefault:SecureJarResource(naturallychargedcreepers)]
[13Nov2025 07:43:44.266] [main/DEBUG] [mixin/]: Processing inject() for PlatformAgent[MixinPlatformAgentDefault:SecureJarResource(collective)]
[13Nov2025 07:43:44.266] [main/DEBUG] [mixin/]: Processing inject() for PlatformAgent[MixinPlatformAgentDefault:SecureJarResource(securitycraft)]
[13Nov2025 07:43:44.266] [main/DEBUG] [mixin/]: Processing inject() for PlatformAgent[MixinPlatformAgentDefault:SecureJarResource(c2me_notickvd)]
[13Nov2025 07:43:44.266] [main/DEBUG] [mixin/]: Processing inject() for PlatformAgent[MixinPlatformAgentDefault:SecureJarResource(elevatorid)]
[13Nov2025 07:43:44.266] [main/DEBUG] [mixin/]: Processing inject() for PlatformAgent[MixinPlatformAgentDefault:SecureJarResource(tombstone)]
[13Nov2025 07:43:44.266] [main/DEBUG] [mixin/]: Processing inject() for PlatformAgent[MixinPlatformAgentDefault:SecureJarResource(c2me_opts_worldgen_general)]
[13Nov2025 07:43:44.266] [main/DEBUG] [mixin/]: Processing inject() for PlatformAgent[MixinPlatformAgentDefault:SecureJarResource(c2me_opts_chunkio)]
[13Nov2025 07:43:44.266] [main/DEBUG] [mixin/]: Processing inject() for PlatformAgent[MixinPlatformAgentDefault:SecureJarResource(mvs)]
[13Nov2025 07:43:44.266] [main/DEBUG] [mixin/]: Processing inject() for PlatformAgent[MixinPlatformAgentDefault:SecureJarResource(architectury)]
[13Nov2025 07:43:44.266] [main/DEBUG] [mixin/]: Processing inject() for PlatformAgent[MixinPlatformAgentDefault:SecureJarResource(uranus)]
[13Nov2025 07:43:44.266] [main/DEBUG] [mixin/]: Processing inject() for PlatformAgent[MixinPlatformAgentDefault:SecureJarResource(appleskin)]
[13Nov2025 07:43:44.266] [main/DEBUG] [mixin/]: Processing inject() for PlatformAgent[MixinPlatformAgentDefault:SecureJarResource(refurbished_furniture)]
[13Nov2025 07:43:44.266] [main/DEBUG] [mixin/]: Processing inject() for PlatformAgent[MixinPlatformAgentDefault:SecureJarResource(puzzleslib)]
[13Nov2025 07:43:44.266] [main/DEBUG] [mixin/]: Processing inject() for PlatformAgent[MixinPlatformAgentDefault:SecureJarResource(framework)]
[13Nov2025 07:43:44.266] [main/DEBUG] [mixin/]: Processing inject() for PlatformAgent[MixinPlatformAgentDefault:SecureJarResource(c2me_rewrites_chunkio)]
[13Nov2025 07:43:44.266] [main/DEBUG] [mixin/]: Processing inject() for PlatformAgent[MixinPlatformAgentDefault:SecureJarResource(expandability)]
[13Nov2025 07:43:44.266] [main/DEBUG] [mixin/]: Processing inject() for PlatformAgent[MixinPlatformAgentDefault:SecureJarResource(journeymap_api)]
[13Nov2025 07:43:44.266] [main/DEBUG] [mixin/]: Processing inject() for PlatformAgent[MixinPlatformAgentDefault:SecureJarResource(playerrevive)]
[13Nov2025 07:43:44.266] [main/DEBUG] [mixin/]: Processing inject() for PlatformAgent[MixinPlatformAgentDefault:SecureJarResource(c2me_opts_allocs)]
[13Nov2025 07:43:44.266] [main/DEBUG] [mixin/]: Processing inject() for PlatformAgent[MixinPlatformAgentDefault:SecureJarResource(extragems)]
[13Nov2025 07:43:44.266] [main/DEBUG] [mixin/]: Processing inject() for PlatformAgent[MixinPlatformAgentDefault:SecureJarResource(mixinextras.neoforge)]
[13Nov2025 07:43:44.267] [main/DEBUG] [mixin/]: Processing inject() for PlatformAgent[MixinPlatformAgentDefault:SecureJarResource(mixinsquared.neoforge.beta._6)]
[13Nov2025 07:43:44.267] [main/INFO] [cpw.mods.modlauncher.LaunchServiceHandler/MODLAUNCHER]: Launching target 'forgeserver' with arguments [nogui]
[13Nov2025 07:43:44.309] [main/DEBUG] [mixin/]: Preparing mixins for MixinEnvironment[DEFAULT]
[13Nov2025 07:43:44.309] [main/DEBUG] [mixin/]: Selecting config c2me-fixes-worldgen-threading-issues.mixins.json
[13Nov2025 07:43:44.365] [main/DEBUG] [MixinExtras|Service/]: com.llamalad7.mixinextras.service.MixinExtrasServiceImpl(version=0.5.0) is taking over from null
[13Nov2025 07:43:44.396] [main/DEBUG] [mixin/]: Registering new injector for @Inject with org.spongepowered.asm.mixin.injection.struct.CallbackInjectionInfo
[13Nov2025 07:43:44.397] [main/DEBUG] [mixin/]: Registering new injector for @ModifyArg with org.spongepowered.asm.mixin.injection.struct.ModifyArgInjectionInfo
[13Nov2025 07:43:44.398] [main/DEBUG] [mixin/]: Registering new injector for @ModifyArgs with org.spongepowered.asm.mixin.injection.struct.ModifyArgsInjectionInfo
[13Nov2025 07:43:44.400] [main/DEBUG] [mixin/]: Registering new injector for @Redirect with org.spongepowered.asm.mixin.injection.struct.RedirectInjectionInfo
[13Nov2025 07:43:44.403] [main/DEBUG] [mixin/]: Registering new injector for @ModifyVariable with org.spongepowered.asm.mixin.injection.struct.ModifyVariableInjectionInfo
[13Nov2025 07:43:44.404] [main/DEBUG] [mixin/]: Registering new injector for @ModifyConstant with org.spongepowered.asm.mixin.injection.struct.ModifyConstantInjectionInfo
[13Nov2025 07:43:44.411] [main/INFO] [C2ME Modules Manager/]: Initializing com.ishland.c2me.fixes.worldgen.threading_issues.mixin
[13Nov2025 07:43:44.640] [main/DEBUG] [mixin/]: Selecting config c2me.mixins.json
[13Nov2025 07:43:44.640] [main/DEBUG] [mixin/]: Selecting config c2me-threading-lighting.mixins.json
[13Nov2025 07:43:44.641] [main/INFO] [C2ME Modules Manager/]: Initializing com.ishland.c2me.threading.lighting.mixin
[13Nov2025 07:43:44.643] [main/DEBUG] [mixin/]: Selecting config mutantmonsters.common.mixins.json
[13Nov2025 07:43:44.643] [main/DEBUG] [mixin/]: Selecting config mutantmonsters.neoforge.mixins.json
[13Nov2025 07:43:44.643] [main/DEBUG] [mixin/]: Selecting config geckolib.mixins.json
[13Nov2025 07:43:44.643] [main/WARN] [mixin/]: Reference map 'geckolib.refmap.json' for geckolib.mixins.json could not be read. If this is a development environment you can ignore this message
[13Nov2025 07:43:44.644] [main/DEBUG] [mixin/]: Selecting config mss-neoforge.mixins.json
[13Nov2025 07:43:44.644] [main/DEBUG] [mixin/]: Selecting config mss-common.mixins.json
[13Nov2025 07:43:44.644] [main/DEBUG] [mixin/]: Selecting config treeharvester_neoforge.mixins.json
[13Nov2025 07:43:44.671] [main/DEBUG] [mixin/]: Selecting config c2me-rewrites-chunk-serializer.mixins.json
[13Nov2025 07:43:44.671] [main/INFO] [C2ME Modules Manager/]: Initializing com.ishland.c2me.rewrites.chunk_serializer.mixin
[13Nov2025 07:43:44.671] [main/INFO] [C2ME Modules Manager/]: Disabling com.ishland.c2me.rewrites.chunk_serializer.mixin
[13Nov2025 07:43:44.672] [main/DEBUG] [mixin/]: Selecting config c2me-opts-natives-math.mixins.json
[13Nov2025 07:43:44.672] [main/INFO] [C2ME Modules Manager/]: Initializing com.ishland.c2me.opts.natives_math.mixin
[13Nov2025 07:43:44.673] [main/DEBUG] [C2ME Modules Manager/]: Error loading module entrypoint: com.ishland.c2me.opts.natives_math.ModuleEntryPoint
java.lang.UnsupportedClassVersionError: com/ishland/c2me/opts/natives_math/ModuleEntryPoint has been compiled by a more recent version of the Java Runtime (class file version 66.0), this version of the Java Runtime only recognizes class file versions up to 65.0
	at java.base/java.lang.ClassLoader.defineClass1(Native Method) ~[?:?]
	at java.base/java.lang.ClassLoader.defineClass(ClassLoader.java:1027) ~[?:?]
	at cpw.mods.securejarhandler/cpw.mods.cl.ModuleClassLoader.readerToClass(ModuleClassLoader.java:196) ~[securejarhandler-3.0.8.jar:?]
	at cpw.mods.securejarhandler/cpw.mods.cl.ModuleClassLoader.lambda$findClass$20(ModuleClassLoader.java:298) ~[securejarhandler-3.0.8.jar:?]
	at cpw.mods.securejarhandler/cpw.mods.cl.ModuleClassLoader.loadFromModule(ModuleClassLoader.java:311) ~[securejarhandler-3.0.8.jar:?]
	at cpw.mods.securejarhandler/cpw.mods.cl.ModuleClassLoader.findClass(ModuleClassLoader.java:298) ~[securejarhandler-3.0.8.jar:?]
	at cpw.mods.securejarhandler/cpw.mods.cl.ModuleClassLoader.loadClass(ModuleClassLoader.java:214) ~[securejarhandler-3.0.8.jar:?]
	at java.base/java.lang.ClassLoader.loadClass(ClassLoader.java:526) ~[?:?]
	at java.base/java.lang.Class.forName0(Native Method) ~[?:?]
	at java.base/java.lang.Class.forName(Class.java:421) ~[?:?]
	at java.base/java.lang.Class.forName(Class.java:412) ~[?:?]
	at TRANSFORMER/c2me_base@0.3.0+alpha.0.82+1.21.1/com.ishland.c2me.base.common.ModuleMixinPlugin.onLoad(ModuleMixinPlugin.java:28) ~[c2me-base-mc1.21.1-0.3.0+alpha.0.82-all.jar%23250!/:?]
	at MC-BOOTSTRAP/org.spongepowered.mixin/org.spongepowered.asm.mixin.transformer.PluginHandle.onLoad(PluginHandle.java:119) ~[sponge-mixin-0.15.2+mixin.0.8.7.jar%2371!/:0.15.2+mixin.0.8.7]
	at MC-BOOTSTRAP/org.spongepowered.mixin/org.spongepowered.asm.mixin.transformer.MixinConfig.onSelect(MixinConfig.java:790) ~[sponge-mixin-0.15.2+mixin.0.8.7.jar%2371!/:0.15.2+mixin.0.8.7]
	at MC-BOOTSTRAP/org.spongepowered.mixin/org.spongepowered.asm.mixin.transformer.MixinProcessor.selectConfigs(MixinProcessor.java:498) ~[sponge-mixin-0.15.2+mixin.0.8.7.jar%2371!/:0.15.2+mixin.0.8.7]
	at MC-BOOTSTRAP/org.spongepowered.mixin/org.spongepowered.asm.mixin.transformer.MixinProcessor.select(MixinProcessor.java:460) ~[sponge-mixin-0.15.2+mixin.0.8.7.jar%2371!/:0.15.2+mixin.0.8.7]
	at MC-BOOTSTRAP/org.spongepowered.mixin/org.spongepowered.asm.mixin.transformer.MixinProcessor.checkSelect(MixinProcessor.java:438) ~[sponge-mixin-0.15.2+mixin.0.8.7.jar%2371!/:0.15.2+mixin.0.8.7]
	at MC-BOOTSTRAP/org.spongepowered.mixin/org.spongepowered.asm.mixin.transformer.MixinProcessor.applyMixins(MixinProcessor.java:290) ~[sponge-mixin-0.15.2+mixin.0.8.7.jar%2371!/:0.15.2+mixin.0.8.7]
	at MC-BOOTSTRAP/org.spongepowered.mixin/org.spongepowered.asm.mixin.transformer.MixinTransformer.transformClass(MixinTransformer.java:250) ~[sponge-mixin-0.15.2+mixin.0.8.7.jar%2371!/:0.15.2+mixin.0.8.7]
	at MC-BOOTSTRAP/org.spongepowered.mixin/org.spongepowered.asm.service.modlauncher.MixinTransformationHandler.processClass(MixinTransformationHandler.java:131) ~[sponge-mixin-0.15.2+mixin.0.8.7.jar%2371!/:0.15.2+mixin.0.8.7]
	at MC-BOOTSTRAP/org.spongepowered.mixin/org.spongepowered.asm.launch.MixinLaunchPluginLegacy.processClass(MixinLaunchPluginLegacy.java:131) ~[sponge-mixin-0.15.2+mixin.0.8.7.jar%2371!/:0.15.2+mixin.0.8.7]
	at MC-BOOTSTRAP/cpw.mods.modlauncher@11.0.5/cpw.mods.modlauncher.serviceapi.ILaunchPluginService.processClassWithFlags(ILaunchPluginService.java:156) ~[modlauncher-11.0.5.jar%2362!/:11.0.5+main.901c6ea8]
	at MC-BOOTSTRAP/cpw.mods.modlauncher@11.0.5/cpw.mods.modlauncher.LaunchPluginHandler.offerClassNodeToPlugins(LaunchPluginHandler.java:94) ~[modlauncher-11.0.5.jar%2362!/:?]
	at MC-BOOTSTRAP/cpw.mods.modlauncher@11.0.5/cpw.mods.modlauncher.ClassTransformer.transform(ClassTransformer.java:120) ~[modlauncher-11.0.5.jar%2362!/:?]
	at MC-BOOTSTRAP/cpw.mods.modlauncher@11.0.5/cpw.mods.modlauncher.TransformingClassLoader.maybeTransformClassBytes(TransformingClassLoader.java:57) ~[modlauncher-11.0.5.jar%2362!/:?]
	at cpw.mods.securejarhandler/cpw.mods.cl.ModuleClassLoader.readerToClass(ModuleClassLoader.java:190) ~[securejarhandler-3.0.8.jar:?]
	at cpw.mods.securejarhandler/cpw.mods.cl.ModuleClassLoader.lambda$findClass$20(ModuleClassLoader.java:298) ~[securejarhandler-3.0.8.jar:?]
	at cpw.mods.securejarhandler/cpw.mods.cl.ModuleClassLoader.loadFromModule(ModuleClassLoader.java:311) ~[securejarhandler-3.0.8.jar:?]
	at cpw.mods.securejarhandler/cpw.mods.cl.ModuleClassLoader.findClass(ModuleClassLoader.java:298) ~[securejarhandler-3.0.8.jar:?]
	at java.base/java.lang.ClassLoader.loadClass(ClassLoader.java:638) ~[?:?]
	at java.base/java.lang.Class.forName(Class.java:625) ~[?:?]
	at java.base/java.lang.Class.forName(Class.java:600) ~[?:?]
	at MC-BOOTSTRAP/fml_loader@4.0.41/net.neoforged.fml.loading.ImmediateWindowHandler$DummyProvider.lambda$updateModuleReads$1(ImmediateWindowHandler.java:173) ~[loader-4.0.41.jar%2357!/:4.0]
	at java.base/java.util.Optional.map(Optional.java:260) [?:?]
	at MC-BOOTSTRAP/fml_loader@4.0.41/net.neoforged.fml.loading.ImmediateWindowHandler$DummyProvider.updateModuleReads(ImmediateWindowHandler.java:173) [loader-4.0.41.jar%2357!/:4.0]
	at MC-BOOTSTRAP/fml_loader@4.0.41/net.neoforged.fml.loading.ImmediateWindowHandler.acceptGameLayer(ImmediateWindowHandler.java:94) [loader-4.0.41.jar%2357!/:4.0]
	at MC-BOOTSTRAP/fml_loader@4.0.41/net.neoforged.fml.loading.FMLLoader.beforeStart(FMLLoader.java:166) [loader-4.0.41.jar%2357!/:4.0]
	at MC-BOOTSTRAP/fml_loader@4.0.41/net.neoforged.fml.loading.targets.CommonLaunchHandler.launchService(CommonLaunchHandler.java:115) [loader-4.0.41.jar%2357!/:4.0]
	at MC-BOOTSTRAP/cpw.mods.modlauncher@11.0.5/cpw.mods.modlauncher.LaunchServiceHandlerDecorator.launch(LaunchServiceHandlerDecorator.java:30) [modlauncher-11.0.5.jar%2362!/:?]
	at MC-BOOTSTRAP/cpw.mods.modlauncher@11.0.5/cpw.mods.modlauncher.LaunchServiceHandler.launch(LaunchServiceHandler.java:53) [modlauncher-11.0.5.jar%2362!/:?]
	at MC-BOOTSTRAP/cpw.mods.modlauncher@11.0.5/cpw.mods.modlauncher.LaunchServiceHandler.launch(LaunchServiceHandler.java:71) [modlauncher-11.0.5.jar%2362!/:?]
	at MC-BOOTSTRAP/cpw.mods.modlauncher@11.0.5/cpw.mods.modlauncher.Launcher.run(Launcher.java:103) [modlauncher-11.0.5.jar%2362!/:?]
	at MC-BOOTSTRAP/cpw.mods.modlauncher@11.0.5/cpw.mods.modlauncher.Launcher.main(Launcher.java:74) [modlauncher-11.0.5.jar%2362!/:?]
	at MC-BOOTSTRAP/cpw.mods.modlauncher@11.0.5/cpw.mods.modlauncher.BootstrapLaunchConsumer.accept(BootstrapLaunchConsumer.java:26) [modlauncher-11.0.5.jar%2362!/:?]
	at MC-BOOTSTRAP/cpw.mods.modlauncher@11.0.5/cpw.mods.modlauncher.BootstrapLaunchConsumer.accept(BootstrapLaunchConsumer.java:23) [modlauncher-11.0.5.jar%2362!/:?]
	at cpw.mods.bootstraplauncher@2.0.2/cpw.mods.bootstraplauncher.BootstrapLauncher.run(BootstrapLauncher.java:210) [bootstraplauncher-2.0.2.jar:?]
	at cpw.mods.bootstraplauncher@2.0.2/cpw.mods.bootstraplauncher.BootstrapLauncher.main(BootstrapLauncher.java:69) [bootstraplauncher-2.0.2.jar:?]
	at java.base/jdk.internal.reflect.DirectMethodHandleAccessor.invoke(DirectMethodHandleAccessor.java:103) ~[?:?]
	at java.base/java.lang.reflect.Method.invoke(Method.java:580) ~[?:?]
	at net.neoforged.serverstarterjar.Main.mainLaunch(Main.java:297) [vanilla.jar:0.1.34]
	at net.neoforged.serverstarterjar.Main.main(Main.java:76) [vanilla.jar:0.1.34]
	at java.base/jdk.internal.reflect.DirectMethodHandleAccessor.invoke(DirectMethodHandleAccessor.java:103) ~[?:?]
	at java.base/java.lang.reflect.Method.invoke(Method.java:580) ~[?:?]
	at net.neoforged.serverstarterjar.Main8.main(Main8.java:19) [vanilla.jar:0.1.34]
[13Nov2025 07:43:44.681] [main/WARN] [C2ME Modules Manager/]: Disabling com.ishland.c2me.opts.natives_math.mixin due to incompatible Java version, see debug logs for details
[13Nov2025 07:43:44.682] [main/INFO] [C2ME Modules Manager/]: Disabling com.ishland.c2me.opts.natives_math.mixin
[13Nov2025 07:43:44.682] [main/DEBUG] [mixin/]: Selecting config rainbows.mixins.json
[13Nov2025 07:43:44.683] [main/WARN] [mixin/]: Reference map 'rainbows.refmap.json' for rainbows.mixins.json could not be read. If this is a development environment you can ignore this message
[13Nov2025 07:43:44.683] [main/DEBUG] [mixin/]: Selecting config c2me-fixes-general-threading-issues.mixins.json
[13Nov2025 07:43:44.683] [main/INFO] [C2ME Modules Manager/]: Initializing com.ishland.c2me.fixes.general.threading_issues.mixin
[13Nov2025 07:43:44.684] [main/DEBUG] [mixin/]: Selecting config journeymap.mixins.json
[13Nov2025 07:43:44.684] [main/WARN] [mixin/]: Reference map 'journeymap-refmap.json' for journeymap.mixins.json could not be read. If this is a development environment you can ignore this message
[13Nov2025 07:43:44.684] [main/DEBUG] [mixin/]: Selecting config journeymap.neoforge.mixins.json
[13Nov2025 07:43:44.685] [main/DEBUG] [mixin/]: Selecting config neoforge.mixins.json
[13Nov2025 07:43:44.685] [main/DEBUG] [mixin/]: Selecting config mixins.artifacts.common.json
[13Nov2025 07:43:44.685] [main/DEBUG] [mixin/]: Selecting config mixins.artifacts.neoforge.json
[13Nov2025 07:43:44.685] [main/DEBUG] [mixin/]: Selecting config glitchcore.mixins.json
[13Nov2025 07:43:44.686] [main/WARN] [mixin/]: Reference map 'glitchcore.refmap.json' for glitchcore.mixins.json could not be read. If this is a development environment you can ignore this message
[13Nov2025 07:43:44.686] [main/DEBUG] [mixin/]: Selecting config glitchcore.neoforge.mixins.json
[13Nov2025 07:43:44.686] [main/WARN] [mixin/]: Reference map 'glitchcore.refmap.json' for glitchcore.neoforge.mixins.json could not be read. If this is a development environment you can ignore this message
[13Nov2025 07:43:44.686] [main/DEBUG] [mixin/]: Selecting config sereneseasons.mixins.json
[13Nov2025 07:43:44.686] [main/WARN] [mixin/]: Reference map 'sereneseasons.refmap.json' for sereneseasons.mixins.json could not be read. If this is a development environment you can ignore this message
[13Nov2025 07:43:44.686] [main/DEBUG] [mixin/]: Selecting config sereneseasons.neoforge.mixins.json
[13Nov2025 07:43:44.687] [main/WARN] [mixin/]: Reference map 'sereneseasons.refmap.json' for sereneseasons.neoforge.mixins.json could not be read. If this is a development environment you can ignore this message
[13Nov2025 07:43:44.687] [main/DEBUG] [mixin/]: Selecting config c2me-opts-math.mixins.json
[13Nov2025 07:43:44.687] [main/INFO] [C2ME Modules Manager/]: Initializing com.ishland.c2me.opts.math.mixin
[13Nov2025 07:43:44.688] [main/DEBUG] [mixin/]: Selecting config uteamcore.mixins.json
[13Nov2025 07:43:44.688] [main/DEBUG] [mixin/]: Selecting config c2me-rewrites-chunk-system.mixins.json
[13Nov2025 07:43:44.689] [main/INFO] [C2ME Modules Manager/]: Initializing com.ishland.c2me.rewrites.chunksystem.mixin
[13Nov2025 07:43:44.691] [main/DEBUG] [mixin/]: Selecting config iceandfire.mixins.json
[13Nov2025 07:43:44.691] [main/DEBUG] [mixin/]: Selecting config iceandfire-neoforge.mixins.json
[13Nov2025 07:43:44.692] [main/DEBUG] [mixin/]: Selecting config c2me-base.mixins.json
[13Nov2025 07:43:44.692] [main/INFO] [C2ME Modules Manager/]: Initializing com.ishland.c2me.base.mixin
[13Nov2025 07:43:44.737] [main/DEBUG] [io.netty.util.internal.logging.InternalLoggerFactory/]: Using SLF4J as the default logging framework
[13Nov2025 07:43:44.745] [main/DEBUG] [io.netty.util.internal.PlatformDependent0/]: -Dio.netty.noUnsafe: false
[13Nov2025 07:43:44.746] [main/DEBUG] [io.netty.util.internal.PlatformDependent0/]: Java version: 21
[13Nov2025 07:43:44.747] [main/DEBUG] [io.netty.util.internal.PlatformDependent0/]: sun.misc.Unsafe.theUnsafe: available
[13Nov2025 07:43:44.747] [main/DEBUG] [io.netty.util.internal.PlatformDependent0/]: sun.misc.Unsafe.copyMemory: available
[13Nov2025 07:43:44.748] [main/DEBUG] [io.netty.util.internal.PlatformDependent0/]: sun.misc.Unsafe.storeFence: available
[13Nov2025 07:43:44.748] [main/DEBUG] [io.netty.util.internal.PlatformDependent0/]: java.nio.Buffer.address: available
[13Nov2025 07:43:44.748] [main/DEBUG] [io.netty.util.internal.PlatformDependent0/]: direct buffer constructor: unavailable
java.lang.UnsupportedOperationException: Reflective setAccessible(true) disabled
	at MC-BOOTSTRAP/io.netty.common@4.1.97.Final/io.netty.util.internal.ReflectionUtil.trySetAccessible(ReflectionUtil.java:31) ~[netty-common-4.1.97.Final.jar%23101!/:4.1.97.Final]
	at MC-BOOTSTRAP/io.netty.common@4.1.97.Final/io.netty.util.internal.PlatformDependent0$5.run(PlatformDependent0.java:289) ~[netty-common-4.1.97.Final.jar%23101!/:4.1.97.Final]
	at java.base/java.security.AccessController.doPrivileged(AccessController.java:319) ~[?:?]
	at MC-BOOTSTRAP/io.netty.common@4.1.97.Final/io.netty.util.internal.PlatformDependent0.<clinit>(PlatformDependent0.java:282) ~[netty-common-4.1.97.Final.jar%23101!/:4.1.97.Final]
	at MC-BOOTSTRAP/io.netty.common@4.1.97.Final/io.netty.util.internal.PlatformDependent.isAndroid(PlatformDependent.java:333) ~[netty-common-4.1.97.Final.jar%23101!/:4.1.97.Final]
	at MC-BOOTSTRAP/io.netty.common@4.1.97.Final/io.netty.util.internal.PlatformDependent.<clinit>(PlatformDependent.java:88) ~[netty-common-4.1.97.Final.jar%23101!/:4.1.97.Final]
	at TRANSFORMER/c2me_base@0.3.0+alpha.0.82+1.21.1/com.ishland.c2me.base.ModuleEntryPoint.tryEvaluateExpression(ModuleEntryPoint.java:74) ~[c2me-base-mc1.21.1-0.3.0+alpha.0.82-all.jar%23250!/:?]
	at TRANSFORMER/c2me_base@0.3.0+alpha.0.82+1.21.1/com.ishland.c2me.base.ModuleEntryPoint.<clinit>(ModuleEntryPoint.java:86) ~[c2me-base-mc1.21.1-0.3.0+alpha.0.82-all.jar%23250!/:?]
	at java.base/java.lang.Class.forName0(Native Method) ~[?:?]
	at java.base/java.lang.Class.forName(Class.java:421) ~[?:?]
	at java.base/java.lang.Class.forName(Class.java:412) ~[?:?]
	at TRANSFORMER/c2me_base@0.3.0+alpha.0.82+1.21.1/com.ishland.c2me.base.common.ModuleMixinPlugin.onLoad(ModuleMixinPlugin.java:28) ~[c2me-base-mc1.21.1-0.3.0+alpha.0.82-all.jar%23250!/:?]
	at MC-BOOTSTRAP/org.spongepowered.mixin/org.spongepowered.asm.mixin.transformer.PluginHandle.onLoad(PluginHandle.java:119) ~[sponge-mixin-0.15.2+mixin.0.8.7.jar%2371!/:0.15.2+mixin.0.8.7]
	at MC-BOOTSTRAP/org.spongepowered.mixin/org.spongepowered.asm.mixin.transformer.MixinConfig.onSelect(MixinConfig.java:790) ~[sponge-mixin-0.15.2+mixin.0.8.7.jar%2371!/:0.15.2+mixin.0.8.7]
	at MC-BOOTSTRAP/org.spongepowered.mixin/org.spongepowered.asm.mixin.transformer.MixinProcessor.selectConfigs(MixinProcessor.java:498) ~[sponge-mixin-0.15.2+mixin.0.8.7.jar%2371!/:0.15.2+mixin.0.8.7]
	at MC-BOOTSTRAP/org.spongepowered.mixin/org.spongepowered.asm.mixin.transformer.MixinProcessor.select(MixinProcessor.java:460) ~[sponge-mixin-0.15.2+mixin.0.8.7.jar%2371!/:0.15.2+mixin.0.8.7]
	at MC-BOOTSTRAP/org.spongepowered.mixin/org.spongepowered.asm.mixin.transformer.MixinProcessor.checkSelect(MixinProcessor.java:438) ~[sponge-mixin-0.15.2+mixin.0.8.7.jar%2371!/:0.15.2+mixin.0.8.7]
	at MC-BOOTSTRAP/org.spongepowered.mixin/org.spongepowered.asm.mixin.transformer.MixinProcessor.applyMixins(MixinProcessor.java:290) ~[sponge-mixin-0.15.2+mixin.0.8.7.jar%2371!/:0.15.2+mixin.0.8.7]
	at MC-BOOTSTRAP/org.spongepowered.mixin/org.spongepowered.asm.mixin.transformer.MixinTransformer.transformClass(MixinTransformer.java:250) ~[sponge-mixin-0.15.2+mixin.0.8.7.jar%2371!/:0.15.2+mixin.0.8.7]
	at MC-BOOTSTRAP/org.spongepowered.mixin/org.spongepowered.asm.service.modlauncher.MixinTransformationHandler.processClass(MixinTransformationHandler.java:131) ~[sponge-mixin-0.15.2+mixin.0.8.7.jar%2371!/:0.15.2+mixin.0.8.7]
	at MC-BOOTSTRAP/org.spongepowered.mixin/org.spongepowered.asm.launch.MixinLaunchPluginLegacy.processClass(MixinLaunchPluginLegacy.java:131) ~[sponge-mixin-0.15.2+mixin.0.8.7.jar%2371!/:0.15.2+mixin.0.8.7]
	at MC-BOOTSTRAP/cpw.mods.modlauncher@11.0.5/cpw.mods.modlauncher.serviceapi.ILaunchPluginService.processClassWithFlags(ILaunchPluginService.java:156) ~[modlauncher-11.0.5.jar%2362!/:11.0.5+main.901c6ea8]
	at MC-BOOTSTRAP/cpw.mods.modlauncher@11.0.5/cpw.mods.modlauncher.LaunchPluginHandler.offerClassNodeToPlugins(LaunchPluginHandler.java:94) ~[modlauncher-11.0.5.jar%2362!/:?]
	at MC-BOOTSTRAP/cpw.mods.modlauncher@11.0.5/cpw.mods.modlauncher.ClassTransformer.transform(ClassTransformer.java:120) ~[modlauncher-11.0.5.jar%2362!/:?]
	at MC-BOOTSTRAP/cpw.mods.modlauncher@11.0.5/cpw.mods.modlauncher.TransformingClassLoader.maybeTransformClassBytes(TransformingClassLoader.java:57) ~[modlauncher-11.0.5.jar%2362!/:?]
	at cpw.mods.securejarhandler/cpw.mods.cl.ModuleClassLoader.readerToClass(ModuleClassLoader.java:190) ~[securejarhandler-3.0.8.jar:?]
	at cpw.mods.securejarhandler/cpw.mods.cl.ModuleClassLoader.lambda$findClass$20(ModuleClassLoader.java:298) ~[securejarhandler-3.0.8.jar:?]
	at cpw.mods.securejarhandler/cpw.mods.cl.ModuleClassLoader.loadFromModule(ModuleClassLoader.java:311) ~[securejarhandler-3.0.8.jar:?]
	at cpw.mods.securejarhandler/cpw.mods.cl.ModuleClassLoader.findClass(ModuleClassLoader.java:298) ~[securejarhandler-3.0.8.jar:?]
	at java.base/java.lang.ClassLoader.loadClass(ClassLoader.java:638) ~[?:?]
	at java.base/java.lang.Class.forName(Class.java:625) ~[?:?]
	at java.base/java.lang.Class.forName(Class.java:600) ~[?:?]
	at MC-BOOTSTRAP/fml_loader@4.0.41/net.neoforged.fml.loading.ImmediateWindowHandler$DummyProvider.lambda$updateModuleReads$1(ImmediateWindowHandler.java:173) ~[loader-4.0.41.jar%2357!/:4.0]
	at java.base/java.util.Optional.map(Optional.java:260) [?:?]
	at MC-BOOTSTRAP/fml_loader@4.0.41/net.neoforged.fml.loading.ImmediateWindowHandler$DummyProvider.updateModuleReads(ImmediateWindowHandler.java:173) [loader-4.0.41.jar%2357!/:4.0]
	at MC-BOOTSTRAP/fml_loader@4.0.41/net.neoforged.fml.loading.ImmediateWindowHandler.acceptGameLayer(ImmediateWindowHandler.java:94) [loader-4.0.41.jar%2357!/:4.0]
	at MC-BOOTSTRAP/fml_loader@4.0.41/net.neoforged.fml.loading.FMLLoader.beforeStart(FMLLoader.java:166) [loader-4.0.41.jar%2357!/:4.0]
	at MC-BOOTSTRAP/fml_loader@4.0.41/net.neoforged.fml.loading.targets.CommonLaunchHandler.launchService(CommonLaunchHandler.java:115) [loader-4.0.41.jar%2357!/:4.0]
	at MC-BOOTSTRAP/cpw.mods.modlauncher@11.0.5/cpw.mods.modlauncher.LaunchServiceHandlerDecorator.launch(LaunchServiceHandlerDecorator.java:30) [modlauncher-11.0.5.jar%2362!/:?]
	at MC-BOOTSTRAP/cpw.mods.modlauncher@11.0.5/cpw.mods.modlauncher.LaunchServiceHandler.launch(LaunchServiceHandler.java:53) [modlauncher-11.0.5.jar%2362!/:?]
	at MC-BOOTSTRAP/cpw.mods.modlauncher@11.0.5/cpw.mods.modlauncher.LaunchServiceHandler.launch(LaunchServiceHandler.java:71) [modlauncher-11.0.5.jar%2362!/:?]
	at MC-BOOTSTRAP/cpw.mods.modlauncher@11.0.5/cpw.mods.modlauncher.Launcher.run(Launcher.java:103) [modlauncher-11.0.5.jar%2362!/:?]
	at MC-BOOTSTRAP/cpw.mods.modlauncher@11.0.5/cpw.mods.modlauncher.Launcher.main(Launcher.java:74) [modlauncher-11.0.5.jar%2362!/:?]
	at MC-BOOTSTRAP/cpw.mods.modlauncher@11.0.5/cpw.mods.modlauncher.BootstrapLaunchConsumer.accept(BootstrapLaunchConsumer.java:26) [modlauncher-11.0.5.jar%2362!/:?]
	at MC-BOOTSTRAP/cpw.mods.modlauncher@11.0.5/cpw.mods.modlauncher.BootstrapLaunchConsumer.accept(BootstrapLaunchConsumer.java:23) [modlauncher-11.0.5.jar%2362!/:?]
	at cpw.mods.bootstraplauncher@2.0.2/cpw.mods.bootstraplauncher.BootstrapLauncher.run(BootstrapLauncher.java:210) [bootstraplauncher-2.0.2.jar:?]
	at cpw.mods.bootstraplauncher@2.0.2/cpw.mods.bootstraplauncher.BootstrapLauncher.main(BootstrapLauncher.java:69) [bootstraplauncher-2.0.2.jar:?]
	at java.base/jdk.internal.reflect.DirectMethodHandleAccessor.invoke(DirectMethodHandleAccessor.java:103) ~[?:?]
	at java.base/java.lang.reflect.Method.invoke(Method.java:580) ~[?:?]
	at net.neoforged.serverstarterjar.Main.mainLaunch(Main.java:297) [vanilla.jar:0.1.34]
	at net.neoforged.serverstarterjar.Main.main(Main.java:76) [vanilla.jar:0.1.34]
	at java.base/jdk.internal.reflect.DirectMethodHandleAccessor.invoke(DirectMethodHandleAccessor.java:103) ~[?:?]
	at java.base/java.lang.reflect.Method.invoke(Method.java:580) ~[?:?]
	at net.neoforged.serverstarterjar.Main8.main(Main8.java:19) [vanilla.jar:0.1.34]
[13Nov2025 07:43:44.750] [main/DEBUG] [io.netty.util.internal.PlatformDependent0/]: java.nio.Bits.unaligned: available, true
[13Nov2025 07:43:44.752] [main/DEBUG] [io.netty.util.internal.PlatformDependent0/]: jdk.internal.misc.Unsafe.allocateUninitializedArray(int): unavailable
java.lang.IllegalAccessException: class io.netty.util.internal.PlatformDependent0$7 (in module io.netty.common) cannot access class jdk.internal.misc.Unsafe (in module java.base) because module java.base does not export jdk.internal.misc to module io.netty.common
	at java.base/jdk.internal.reflect.Reflection.newIllegalAccessException(Reflection.java:394) ~[?:?]
	at java.base/java.lang.reflect.AccessibleObject.checkAccess(AccessibleObject.java:714) ~[?:?]
	at java.base/java.lang.reflect.Method.invoke(Method.java:571) ~[?:?]
	at MC-BOOTSTRAP/io.netty.common@4.1.97.Final/io.netty.util.internal.PlatformDependent0$7.run(PlatformDependent0.java:411) ~[netty-common-4.1.97.Final.jar%23101!/:4.1.97.Final]
	at java.base/java.security.AccessController.doPrivileged(AccessController.java:319) ~[?:?]
	at MC-BOOTSTRAP/io.netty.common@4.1.97.Final/io.netty.util.internal.PlatformDependent0.<clinit>(PlatformDependent0.java:402) ~[netty-common-4.1.97.Final.jar%23101!/:4.1.97.Final]
	at MC-BOOTSTRAP/io.netty.common@4.1.97.Final/io.netty.util.internal.PlatformDependent.isAndroid(PlatformDependent.java:333) ~[netty-common-4.1.97.Final.jar%23101!/:4.1.97.Final]
	at MC-BOOTSTRAP/io.netty.common@4.1.97.Final/io.netty.util.internal.PlatformDependent.<clinit>(PlatformDependent.java:88) ~[netty-common-4.1.97.Final.jar%23101!/:4.1.97.Final]
	at TRANSFORMER/c2me_base@0.3.0+alpha.0.82+1.21.1/com.ishland.c2me.base.ModuleEntryPoint.tryEvaluateExpression(ModuleEntryPoint.java:74) ~[c2me-base-mc1.21.1-0.3.0+alpha.0.82-all.jar%23250!/:?]
	at TRANSFORMER/c2me_base@0.3.0+alpha.0.82+1.21.1/com.ishland.c2me.base.ModuleEntryPoint.<clinit>(ModuleEntryPoint.java:86) ~[c2me-base-mc1.21.1-0.3.0+alpha.0.82-all.jar%23250!/:?]
	at java.base/java.lang.Class.forName0(Native Method) ~[?:?]
	at java.base/java.lang.Class.forName(Class.java:421) ~[?:?]
	at java.base/java.lang.Class.forName(Class.java:412) ~[?:?]
	at TRANSFORMER/c2me_base@0.3.0+alpha.0.82+1.21.1/com.ishland.c2me.base.common.ModuleMixinPlugin.onLoad(ModuleMixinPlugin.java:28) ~[c2me-base-mc1.21.1-0.3.0+alpha.0.82-all.jar%23250!/:?]
	at MC-BOOTSTRAP/org.spongepowered.mixin/org.spongepowered.asm.mixin.transformer.PluginHandle.onLoad(PluginHandle.java:119) ~[sponge-mixin-0.15.2+mixin.0.8.7.jar%2371!/:0.15.2+mixin.0.8.7]
	at MC-BOOTSTRAP/org.spongepowered.mixin/org.spongepowered.asm.mixin.transformer.MixinConfig.onSelect(MixinConfig.java:790) ~[sponge-mixin-0.15.2+mixin.0.8.7.jar%2371!/:0.15.2+mixin.0.8.7]
	at MC-BOOTSTRAP/org.spongepowered.mixin/org.spongepowered.asm.mixin.transformer.MixinProcessor.selectConfigs(MixinProcessor.java:498) ~[sponge-mixin-0.15.2+mixin.0.8.7.jar%2371!/:0.15.2+mixin.0.8.7]
	at MC-BOOTSTRAP/org.spongepowered.mixin/org.spongepowered.asm.mixin.transformer.MixinProcessor.select(MixinProcessor.java:460) ~[sponge-mixin-0.15.2+mixin.0.8.7.jar%2371!/:0.15.2+mixin.0.8.7]
	at MC-BOOTSTRAP/org.spongepowered.mixin/org.spongepowered.asm.mixin.transformer.MixinProcessor.checkSelect(MixinProcessor.java:438) ~[sponge-mixin-0.15.2+mixin.0.8.7.jar%2371!/:0.15.2+mixin.0.8.7]
	at MC-BOOTSTRAP/org.spongepowered.mixin/org.spongepowered.asm.mixin.transformer.MixinProcessor.applyMixins(MixinProcessor.java:290) ~[sponge-mixin-0.15.2+mixin.0.8.7.jar%2371!/:0.15.2+mixin.0.8.7]
	at MC-BOOTSTRAP/org.spongepowered.mixin/org.spongepowered.asm.mixin.transformer.MixinTransformer.transformClass(MixinTransformer.java:250) ~[sponge-mixin-0.15.2+mixin.0.8.7.jar%2371!/:0.15.2+mixin.0.8.7]
	at MC-BOOTSTRAP/org.spongepowered.mixin/org.spongepowered.asm.service.modlauncher.MixinTransformationHandler.processClass(MixinTransformationHandler.java:131) ~[sponge-mixin-0.15.2+mixin.0.8.7.jar%2371!/:0.15.2+mixin.0.8.7]
	at MC-BOOTSTRAP/org.spongepowered.mixin/org.spongepowered.asm.launch.MixinLaunchPluginLegacy.processClass(MixinLaunchPluginLegacy.java:131) ~[sponge-mixin-0.15.2+mixin.0.8.7.jar%2371!/:0.15.2+mixin.0.8.7]
	at MC-BOOTSTRAP/cpw.mods.modlauncher@11.0.5/cpw.mods.modlauncher.serviceapi.ILaunchPluginService.processClassWithFlags(ILaunchPluginService.java:156) ~[modlauncher-11.0.5.jar%2362!/:11.0.5+main.901c6ea8]
	at MC-BOOTSTRAP/cpw.mods.modlauncher@11.0.5/cpw.mods.modlauncher.LaunchPluginHandler.offerClassNodeToPlugins(LaunchPluginHandler.java:94) ~[modlauncher-11.0.5.jar%2362!/:?]
	at MC-BOOTSTRAP/cpw.mods.modlauncher@11.0.5/cpw.mods.modlauncher.ClassTransformer.transform(ClassTransformer.java:120) ~[modlauncher-11.0.5.jar%2362!/:?]
	at MC-BOOTSTRAP/cpw.mods.modlauncher@11.0.5/cpw.mods.modlauncher.TransformingClassLoader.maybeTransformClassBytes(TransformingClassLoader.java:57) ~[modlauncher-11.0.5.jar%2362!/:?]
	at cpw.mods.securejarhandler/cpw.mods.cl.ModuleClassLoader.readerToClass(ModuleClassLoader.java:190) ~[securejarhandler-3.0.8.jar:?]
	at cpw.mods.securejarhandler/cpw.mods.cl.ModuleClassLoader.lambda$findClass$20(ModuleClassLoader.java:298) ~[securejarhandler-3.0.8.jar:?]
	at cpw.mods.securejarhandler/cpw.mods.cl.ModuleClassLoader.loadFromModule(ModuleClassLoader.java:311) ~[securejarhandler-3.0.8.jar:?]
	at cpw.mods.securejarhandler/cpw.mods.cl.ModuleClassLoader.findClass(ModuleClassLoader.java:298) ~[securejarhandler-3.0.8.jar:?]
	at java.base/java.lang.ClassLoader.loadClass(ClassLoader.java:638) ~[?:?]
	at java.base/java.lang.Class.forName(Class.java:625) ~[?:?]
	at java.base/java.lang.Class.forName(Class.java:600) ~[?:?]
	at MC-BOOTSTRAP/fml_loader@4.0.41/net.neoforged.fml.loading.ImmediateWindowHandler$DummyProvider.lambda$updateModuleReads$1(ImmediateWindowHandler.java:173) ~[loader-4.0.41.jar%2357!/:4.0]
	at java.base/java.util.Optional.map(Optional.java:260) [?:?]
	at MC-BOOTSTRAP/fml_loader@4.0.41/net.neoforged.fml.loading.ImmediateWindowHandler$DummyProvider.updateModuleReads(ImmediateWindowHandler.java:173) [loader-4.0.41.jar%2357!/:4.0]
	at MC-BOOTSTRAP/fml_loader@4.0.41/net.neoforged.fml.loading.ImmediateWindowHandler.acceptGameLayer(ImmediateWindowHandler.java:94) [loader-4.0.41.jar%2357!/:4.0]
	at MC-BOOTSTRAP/fml_loader@4.0.41/net.neoforged.fml.loading.FMLLoader.beforeStart(FMLLoader.java:166) [loader-4.0.41.jar%2357!/:4.0]
	at MC-BOOTSTRAP/fml_loader@4.0.41/net.neoforged.fml.loading.targets.CommonLaunchHandler.launchService(CommonLaunchHandler.java:115) [loader-4.0.41.jar%2357!/:4.0]
	at MC-BOOTSTRAP/cpw.mods.modlauncher@11.0.5/cpw.mods.modlauncher.LaunchServiceHandlerDecorator.launch(LaunchServiceHandlerDecorator.java:30) [modlauncher-11.0.5.jar%2362!/:?]
	at MC-BOOTSTRAP/cpw.mods.modlauncher@11.0.5/cpw.mods.modlauncher.LaunchServiceHandler.launch(LaunchServiceHandler.java:53) [modlauncher-11.0.5.jar%2362!/:?]
	at MC-BOOTSTRAP/cpw.mods.modlauncher@11.0.5/cpw.mods.modlauncher.LaunchServiceHandler.launch(LaunchServiceHandler.java:71) [modlauncher-11.0.5.jar%2362!/:?]
	at MC-BOOTSTRAP/cpw.mods.modlauncher@11.0.5/cpw.mods.modlauncher.Launcher.run(Launcher.java:103) [modlauncher-11.0.5.jar%2362!/:?]
	at MC-BOOTSTRAP/cpw.mods.modlauncher@11.0.5/cpw.mods.modlauncher.Launcher.main(Launcher.java:74) [modlauncher-11.0.5.jar%2362!/:?]
	at MC-BOOTSTRAP/cpw.mods.modlauncher@11.0.5/cpw.mods.modlauncher.BootstrapLaunchConsumer.accept(BootstrapLaunchConsumer.java:26) [modlauncher-11.0.5.jar%2362!/:?]
	at MC-BOOTSTRAP/cpw.mods.modlauncher@11.0.5/cpw.mods.modlauncher.BootstrapLaunchConsumer.accept(BootstrapLaunchConsumer.java:23) [modlauncher-11.0.5.jar%2362!/:?]
	at cpw.mods.bootstraplauncher@2.0.2/cpw.mods.bootstraplauncher.BootstrapLauncher.run(BootstrapLauncher.java:210) [bootstraplauncher-2.0.2.jar:?]
	at cpw.mods.bootstraplauncher@2.0.2/cpw.mods.bootstraplauncher.BootstrapLauncher.main(BootstrapLauncher.java:69) [bootstraplauncher-2.0.2.jar:?]
	at java.base/jdk.internal.reflect.DirectMethodHandleAccessor.invoke(DirectMethodHandleAccessor.java:103) ~[?:?]
	at java.base/java.lang.reflect.Method.invoke(Method.java:580) ~[?:?]
	at net.neoforged.serverstarterjar.Main.mainLaunch(Main.java:297) [vanilla.jar:0.1.34]
	at net.neoforged.serverstarterjar.Main.main(Main.java:76) [vanilla.jar:0.1.34]
	at java.base/jdk.internal.reflect.DirectMethodHandleAccessor.invoke(DirectMethodHandleAccessor.java:103) ~[?:?]
	at java.base/java.lang.reflect.Method.invoke(Method.java:580) ~[?:?]
	at net.neoforged.serverstarterjar.Main8.main(Main8.java:19) [vanilla.jar:0.1.34]
[13Nov2025 07:43:44.762] [main/DEBUG] [io.netty.util.internal.PlatformDependent0/]: java.nio.DirectByteBuffer.<init>(long, {int,long}): unavailable
[13Nov2025 07:43:44.762] [main/DEBUG] [io.netty.util.internal.PlatformDependent/]: sun.misc.Unsafe: available
[13Nov2025 07:43:44.762] [main/DEBUG] [io.netty.util.internal.PlatformDependent/]: maxDirectMemory: 13958643712 bytes (maybe)
[13Nov2025 07:43:44.763] [main/DEBUG] [io.netty.util.internal.PlatformDependent/]: -Dio.netty.tmpdir: /tmp (java.io.tmpdir)
[13Nov2025 07:43:44.763] [main/DEBUG] [io.netty.util.internal.PlatformDependent/]: -Dio.netty.bitMode: 64 (sun.arch.data.model)
[13Nov2025 07:43:44.763] [main/DEBUG] [io.netty.util.internal.PlatformDependent/]: -Dio.netty.maxDirectMemory: -1 bytes
[13Nov2025 07:43:44.763] [main/DEBUG] [io.netty.util.internal.PlatformDependent/]: -Dio.netty.uninitializedArrayAllocationThreshold: -1
[13Nov2025 07:43:44.766] [main/DEBUG] [io.netty.util.internal.CleanerJava9/]: java.nio.ByteBuffer.cleaner(): available
[13Nov2025 07:43:44.766] [main/DEBUG] [io.netty.util.internal.PlatformDependent/]: -Dio.netty.noPreferDirect: false
[13Nov2025 07:43:44.769] [main/INFO] [C2ME Config System/]: Global Executor Parallelism: 3 configured, 3 evaluated, 3 default evaluated
[13Nov2025 07:43:44.771] [main/DEBUG] [mixin/]: Selecting config c2me-fixes-worldgen-vanilla-bugs.mixins.json
[13Nov2025 07:43:44.771] [main/INFO] [C2ME Modules Manager/]: Initializing com.ishland.c2me.fixes.worldgen.vanilla_bugs.mixin
[13Nov2025 07:43:44.773] [main/DEBUG] [mixin/]: Selecting config c2me-opts-worldgen-vanilla.mixins.json
[13Nov2025 07:43:44.774] [main/INFO] [C2ME Modules Manager/]: Initializing com.ishland.c2me.opts.worldgen.vanilla.mixin
[13Nov2025 07:43:44.775] [main/DEBUG] [mixin/]: Selecting config c2me-opts-scheduling.mixins.json
[13Nov2025 07:43:44.776] [main/INFO] [C2ME Modules Manager/]: Initializing com.ishland.c2me.opts.scheduling.mixin
[13Nov2025 07:43:44.779] [main/DEBUG] [mixin/]: Selecting config usefulbackpacks.mixins.json
[13Nov2025 07:43:44.781] [main/DEBUG] [mixin/]: Selecting config mixins.block_factorys_bosses.json
[13Nov2025 07:43:44.782] [main/DEBUG] [mixin/]: Selecting config c2me-fixes-chunkio-threading-issues.mixins.json
[13Nov2025 07:43:44.782] [main/INFO] [C2ME Modules Manager/]: Initializing com.ishland.c2me.fixes.chunkio.threading_issues.mixin
[13Nov2025 07:43:44.786] [main/DEBUG] [mixin/]: Selecting config c2me-client-uncapvd.mixins.json
[13Nov2025 07:43:44.786] [main/INFO] [C2ME Modules Manager/]: Initializing com.ishland.c2me.client.uncapvd.mixin
[13Nov2025 07:43:44.788] [main/DEBUG] [mixin/]: Selecting config creativecore.mixins.json
[13Nov2025 07:43:44.790] [main/WARN] [mixin/]: Reference map 'creativecore.mixins.refmap.json' for creativecore.mixins.json could not be read. If this is a development environment you can ignore this message
[13Nov2025 07:43:44.791] [main/DEBUG] [mixin/]: Selecting config creativecore.forge.mixins.json
[13Nov2025 07:43:44.792] [main/WARN] [mixin/]: Reference map 'creativecore.mixins.refmap.json' for creativecore.forge.mixins.json could not be read. If this is a development environment you can ignore this message
[13Nov2025 07:43:44.792] [main/DEBUG] [mixin/]: Selecting config c2me-server-utils.mixins.json
[13Nov2025 07:43:44.792] [main/INFO] [C2ME Modules Manager/]: Initializing com.ishland.c2me.server.utils.mixin
[13Nov2025 07:43:44.793] [main/DEBUG] [mixin/]: Selecting config forgeconfigapiport.common.mixins.json
[13Nov2025 07:43:44.794] [main/DEBUG] [mixin/]: Selecting config forgeconfigapiport.neoforge.mixins.json
[13Nov2025 07:43:44.795] [main/DEBUG] [mixin/]: Selecting config c2me-opts-dfc.mixins.json
[13Nov2025 07:43:44.795] [main/INFO] [C2ME Modules Manager/]: Initializing com.ishland.c2me.opts.dfc.mixin
[13Nov2025 07:43:44.795] [main/INFO] [C2ME Modules Manager/]: Disabling com.ishland.c2me.opts.dfc.mixin
[13Nov2025 07:43:44.796] [main/DEBUG] [mixin/]: Selecting config curios.neoforge.mixins.json
[13Nov2025 07:43:44.796] [main/WARN] [mixin/]: Reference map 'curios.refmap.json' for curios.neoforge.mixins.json could not be read. If this is a development environment you can ignore this message
[13Nov2025 07:43:44.797] [main/DEBUG] [mixin/]: Selecting config curios.mixins.json
[13Nov2025 07:43:44.797] [main/WARN] [mixin/]: Reference map 'curios.refmap.json' for curios.mixins.json could not be read. If this is a development environment you can ignore this message
[13Nov2025 07:43:44.797] [main/DEBUG] [mixin/]: Selecting config naturallychargedcreepers_neoforge.mixins.json
[13Nov2025 07:43:44.797] [main/DEBUG] [mixin/]: Selecting config collective_neoforge.mixins.json
[13Nov2025 07:43:44.798] [main/DEBUG] [mixin/]: Selecting config securitycraft.mixins.json
[13Nov2025 07:43:44.799] [main/WARN] [mixin/]: Reference map 'securitycraft.refmap.json' for securitycraft.mixins.json could not be read. If this is a development environment you can ignore this message
[13Nov2025 07:43:44.799] [main/DEBUG] [mixin/]: Selecting config c2me-notickvd.mixins.json
[13Nov2025 07:43:44.799] [main/INFO] [C2ME Modules Manager/]: Initializing com.ishland.c2me.notickvd.mixin
[13Nov2025 07:43:44.818] [main/DEBUG] [io.netty.util.internal.PlatformDependent/]: org.jctools-core.MpscChunkedArrayQueue: available
[13Nov2025 07:43:44.823] [main/DEBUG] [mixin/]: Selecting config elevatorid.mixins.json
[13Nov2025 07:43:44.825] [main/DEBUG] [mixin/]: Selecting config tombstone.mixins.json
[13Nov2025 07:43:44.825] [main/WARN] [mixin/]: Reference map 'mixins.tombstone.refmap.json' for tombstone.mixins.json could not be read. If this is a development environment you can ignore this message
[13Nov2025 07:43:44.826] [main/DEBUG] [mixin/]: Selecting config c2me-opts-worldgen-general.mixins.json
[13Nov2025 07:43:44.826] [main/INFO] [C2ME Modules Manager/]: Initializing com.ishland.c2me.opts.worldgen.general.mixin
[13Nov2025 07:43:44.827] [main/DEBUG] [mixin/]: Selecting config c2me-opts-chunkio.mixins.json
[13Nov2025 07:43:44.827] [main/INFO] [C2ME Modules Manager/]: Initializing com.ishland.c2me.opts.chunkio.mixin
[13Nov2025 07:43:44.829] [main/DEBUG] [mixin/]: Selecting config mvs-neoforge.mixins.json
[13Nov2025 07:43:44.829] [main/DEBUG] [mixin/]: Selecting config mvs-common.mixins.json
[13Nov2025 07:43:44.830] [main/DEBUG] [mixin/]: Selecting config architectury.mixins.json
[13Nov2025 07:43:44.834] [main/DEBUG] [mixin/]: Selecting config architectury-common.mixins.json
[13Nov2025 07:43:44.834] [main/DEBUG] [mixin/]: Selecting config uranus.mixins.json
[13Nov2025 07:43:44.835] [main/DEBUG] [mixin/]: Selecting config uranus-neoforge.mixins.json
[13Nov2025 07:43:44.835] [main/DEBUG] [mixin/]: Selecting config refurbished_furniture.common.mixins.json
[13Nov2025 07:43:44.835] [main/WARN] [mixin/]: Reference map 'refurbished_furniture.refmap.json' for refurbished_furniture.common.mixins.json could not be read. If this is a development environment you can ignore this message
[13Nov2025 07:43:44.836] [main/DEBUG] [mixin/]: Selecting config puzzleslib.common.mixins.json
[13Nov2025 07:43:44.842] [main/DEBUG] [mixin/]: Selecting config puzzleslib.neoforge.mixins.json
[13Nov2025 07:43:44.845] [main/DEBUG] [mixin/]: Selecting config c2me-rewrites-chunkio.mixins.json
[13Nov2025 07:43:44.845] [main/INFO] [C2ME Modules Manager/]: Initializing com.ishland.c2me.rewrites.chunkio.mixin
[13Nov2025 07:43:44.847] [main/DEBUG] [mixin/]: Selecting config expandability-common.mixins.json
[13Nov2025 07:43:44.848] [main/DEBUG] [mixin/]: Selecting config expandability.mixins.json
[13Nov2025 07:43:44.848] [main/DEBUG] [mixin/]: Selecting config playerrevive.mixins.json
[13Nov2025 07:43:44.848] [main/WARN] [mixin/]: Reference map 'playerrevive.mixin.refmap.json' for playerrevive.mixins.json could not be read. If this is a development environment you can ignore this message
[13Nov2025 07:43:44.849] [main/DEBUG] [mixin/]: Selecting config c2me-opts-allocs.mixins.json
[13Nov2025 07:43:44.851] [main/INFO] [C2ME Modules Manager/]: Initializing com.ishland.c2me.opts.allocs.mixin
[13Nov2025 07:43:44.854] [main/DEBUG] [mixin/]: Selecting config treeharvester_forge.mixins.json
[13Nov2025 07:43:44.855] [main/DEBUG] [mixin/]: Selecting config naturallychargedcreepers_forge.mixins.json
[13Nov2025 07:43:44.856] [main/DEBUG] [mixin/]: Selecting config collective_forge.mixins.json
[13Nov2025 07:43:44.856] [main/DEBUG] [mixin/]: Selecting config mixinextras.init.mixins.json
[13Nov2025 07:43:44.859] [main/DEBUG] [mixin/]: Selecting config mixinsquared.init.mixins.json
[13Nov2025 07:43:44.870] [main/DEBUG] [mixin/]: Registering new target selector for @mixinsquared:handler with com.bawnorton.mixinsquared.selector.DynamicSelectorHandler
[13Nov2025 07:43:44.876] [main/DEBUG] [mixin/]: Preparing c2me-fixes-worldgen-threading-issues.mixins.json (35)
[13Nov2025 07:43:44.912] [main/TRACE] [mixin/]: Added class metadata for com/mojang/datafixers/types/Type to metadata cache
[13Nov2025 07:43:44.941] [main/TRACE] [mixin/]: Added class metadata for net/minecraft/world/level/chunk/ChunkAccess to metadata cache
[13Nov2025 07:43:44.952] [main/TRACE] [mixin/]: Added class metadata for net/minecraft/world/level/levelgen/structure/structures/DesertPyramidPiece to metadata cache
[13Nov2025 07:43:44.958] [main/TRACE] [mixin/]: Added class metadata for net/minecraft/world/level/levelgen/structure/structures/JungleTemplePiece to metadata cache
[13Nov2025 07:43:44.960] [main/TRACE] [mixin/]: Added class metadata for net/minecraft/world/level/levelgen/structure/structures/MineshaftPieces$MineShaftCorridor to metadata cache
[13Nov2025 07:43:44.962] [main/TRACE] [mixin/]: Added class metadata for net/minecraft/world/level/levelgen/structure/structures/MineshaftPieces$MineShaftRoom to metadata cache
[13Nov2025 07:43:44.964] [main/TRACE] [mixin/]: Added class metadata for net/minecraft/world/level/levelgen/structure/structures/NetherFortressPieces$MonsterThrone to metadata cache
[13Nov2025 07:43:44.964] [main/TRACE] [mixin/]: Added class metadata for net/minecraft/world/level/levelgen/structure/structures/NetherFortressPieces$CastleSmallCorridorLeftTurnPiece to metadata cache
[13Nov2025 07:43:44.965] [main/TRACE] [mixin/]: Added class metadata for net/minecraft/world/level/levelgen/structure/structures/NetherFortressPieces$CastleSmallCorridorRightTurnPiece to metadata cache
[13Nov2025 07:43:44.970] [main/DEBUG] [net.neoforged.accesstransformer.AccessTransformer/AXFORM]: Transforming net.minecraft.world.level.levelgen.structure.structures.NetherFortressPieces$NetherBridgePiece CLASS to access PUBLIC and LEAVE
[13Nov2025 07:43:44.986] [main/TRACE] [mixin/]: Added class metadata for net/minecraft/world/level/levelgen/structure/structures/NetherFortressPieces$NetherBridgePiece to metadata cache
[13Nov2025 07:43:44.988] [main/DEBUG] [net.neoforged.accesstransformer.AccessTransformer/AXFORM]: Transforming net.minecraft.world.level.levelgen.structure.structures.NetherFortressPieces$PieceWeight CLASS to access PUBLIC and LEAVE
[13Nov2025 07:43:44.988] [main/TRACE] [mixin/]: Added class metadata for net/minecraft/world/level/levelgen/structure/structures/NetherFortressPieces$PieceWeight to metadata cache
[13Nov2025 07:43:44.989] [main/TRACE] [mixin/]: Added class metadata for net/minecraft/world/level/levelgen/structure/structures/NetherFortressPieces$StartPiece to metadata cache
[13Nov2025 07:43:44.994] [main/DEBUG] [net.neoforged.accesstransformer.AccessTransformer/AXFORM]: Transforming net.minecraft.world.level.levelgen.NoiseBasedChunkGenerator CLASS to access PUBLIC and REMOVEFINAL
[13Nov2025 07:43:44.995] [main/DEBUG] [net.neoforged.accesstransformer.AccessTransformer/AXFORM]: Transforming net.minecraft.world.level.levelgen.NoiseBasedChunkGenerator FIELD settings to access PUBLIC and REMOVEFINAL
[13Nov2025 07:43:44.996] [main/DEBUG] [net.neoforged.accesstransformer.AccessTransformer/AXFORM]: Transforming net.minecraft.world.level.levelgen.NoiseBasedChunkGenerator METHOD iterateNoiseColumn(Lnet/minecraft/world/level/LevelHeightAccessor;Lnet/minecraft/world/level/levelgen/RandomState;IILorg/apache/commons/lang3/mutable/MutableObject;Ljava/util/function/Predicate;)Ljava/util/OptionalInt; to access PROTECTED and LEAVE
[13Nov2025 07:43:45.018] [main/TRACE] [mixin/]: Added class metadata for net/minecraft/world/level/levelgen/NoiseBasedChunkGenerator to metadata cache
[13Nov2025 07:43:45.024] [main/TRACE] [mixin/]: Added class metadata for net/minecraft/world/level/levelgen/structure/structures/OceanMonumentPieces$MonumentBuilding to metadata cache
[13Nov2025 07:43:45.026] [main/DEBUG] [net.neoforged.accesstransformer.AccessTransformer/AXFORM]: Transforming net.minecraft.world.level.levelgen.structure.structures.OceanMonumentPieces$RoomDefinition CLASS to access PUBLIC and LEAVE
[13Nov2025 07:43:45.028] [main/TRACE] [mixin/]: Added class metadata for net/minecraft/world/level/levelgen/structure/structures/OceanMonumentPieces$RoomDefinition to metadata cache
[13Nov2025 07:43:45.029] [main/TRACE] [mixin/]: Added class metadata for net/minecraft/world/level/levelgen/feature/stateproviders/RandomizedIntStateProvider to metadata cache
[13Nov2025 07:43:45.031] [main/TRACE] [mixin/]: Added class metadata for net/minecraft/world/level/levelgen/structure/ScatteredFeaturePiece to metadata cache
[13Nov2025 07:43:45.033] [main/DEBUG] [net.neoforged.accesstransformer.AccessTransformer/AXFORM]: Transforming net.minecraft.world.level.levelgen.structure.structures.StrongholdPieces INNERCLASS StrongholdPiece to access PUBLIC and LEAVE
[13Nov2025 07:43:45.034] [main/DEBUG] [net.neoforged.accesstransformer.AccessTransformer/AXFORM]: Transforming net.minecraft.world.level.levelgen.structure.structures.StrongholdPieces INNERCLASS PieceWeight to access PUBLIC and LEAVE
[13Nov2025 07:43:45.036] [main/TRACE] [mixin/]: Added class metadata for net/minecraft/world/level/levelgen/structure/structures/StrongholdPieces to metadata cache
[13Nov2025 07:43:45.037] [main/TRACE] [mixin/]: Added class metadata for net/minecraft/world/level/levelgen/structure/structures/StrongholdPieces$ChestCorridor to metadata cache
[13Nov2025 07:43:45.038] [main/DEBUG] [net.neoforged.accesstransformer.AccessTransformer/AXFORM]: Transforming net.minecraft.world.level.levelgen.structure.structures.StrongholdPieces$PieceWeight CLASS to access PUBLIC and LEAVE
[13Nov2025 07:43:45.039] [main/TRACE] [mixin/]: Added class metadata for net/minecraft/world/level/levelgen/structure/structures/StrongholdPieces$PieceWeight to metadata cache
[13Nov2025 07:43:45.041] [main/TRACE] [mixin/]: Added class metadata for net/minecraft/world/level/levelgen/structure/structures/StrongholdPieces$PortalRoom to metadata cache
[13Nov2025 07:43:45.041] [main/TRACE] [mixin/]: Added class metadata for net/minecraft/world/level/levelgen/structure/structures/StrongholdPieces$StairsDown to metadata cache
[13Nov2025 07:43:45.042] [main/TRACE] [mixin/]: Added class metadata for net/minecraft/world/level/levelgen/structure/structures/StrongholdPieces$StartPiece to metadata cache
[13Nov2025 07:43:45.061] [main/DEBUG] [net.neoforged.accesstransformer.AccessTransformer/AXFORM]: Transforming net.minecraft.nbt.ListTag METHOD <init>(Ljava/util/List;B)V to access PUBLIC and LEAVE
[13Nov2025 07:43:45.071] [main/DEBUG] [net.neoforged.accesstransformer.AccessTransformer/AXFORM]: Transforming net.minecraft.nbt.CompoundTag FIELD tags to access PUBLIC and LEAVE
[13Nov2025 07:43:45.071] [main/DEBUG] [net.neoforged.accesstransformer.AccessTransformer/AXFORM]: Transforming net.minecraft.nbt.CompoundTag METHOD <init>(Ljava/util/Map;)V to access PUBLIC and LEAVE
[13Nov2025 07:43:45.078] [main/TRACE] [mixin/]: Added class metadata for net/minecraft/world/level/levelgen/structure/templatesystem/StructureTemplate to metadata cache
[13Nov2025 07:43:45.081] [main/TRACE] [mixin/]: Added class metadata for net/minecraft/world/level/levelgen/structure/StructureCheck to metadata cache
[13Nov2025 07:43:45.083] [main/TRACE] [mixin/]: Added class metadata for net/minecraft/world/level/levelgen/structure/templatesystem/StructureTemplate$Palette to metadata cache
[13Nov2025 07:43:45.085] [main/TRACE] [mixin/]: Added class metadata for net/minecraft/world/level/levelgen/structure/templatesystem/StructurePlaceSettings to metadata cache
[13Nov2025 07:43:45.088] [main/DEBUG] [net.neoforged.accesstransformer.AccessTransformer/AXFORM]: Transforming net.minecraft.world.level.levelgen.structure.StructureStart CLASS to access PUBLIC and REMOVEFINAL
[13Nov2025 07:43:45.089] [main/DEBUG] [net.neoforged.accesstransformer.AccessTransformer/AXFORM]: Transforming net.minecraft.world.level.levelgen.structure.StructureStart FIELD cachedBoundingBox to access PUBLIC and LEAVE
[13Nov2025 07:43:45.092] [main/TRACE] [mixin/]: Added class metadata for net/minecraft/world/level/levelgen/structure/StructureStart to metadata cache
[13Nov2025 07:43:45.094] [main/TRACE] [mixin/]: Added class metadata for net/minecraft/world/level/levelgen/structure/structures/SwampHutPiece to metadata cache
[13Nov2025 07:43:45.095] [main/DEBUG] [net.neoforged.accesstransformer.AccessTransformer/AXFORM]: Transforming net.minecraft.world.level.levelgen.structure.structures.WoodlandMansionPieces$PlacementData CLASS to access PUBLIC and LEAVE
[13Nov2025 07:43:45.095] [main/TRACE] [mixin/]: Added class metadata for net/minecraft/world/level/levelgen/structure/structures/WoodlandMansionPieces$PlacementData to metadata cache
[13Nov2025 07:43:45.097] [main/DEBUG] [net.neoforged.accesstransformer.AccessTransformer/AXFORM]: Transforming net.minecraft.world.level.levelgen.structure.structures.WoodlandMansionPieces$MansionGrid CLASS to access PUBLIC and LEAVE
[13Nov2025 07:43:45.099] [main/TRACE] [mixin/]: Added class metadata for net/minecraft/world/level/levelgen/structure/structures/WoodlandMansionPieces$MansionGrid to metadata cache
[13Nov2025 07:43:45.100] [main/TRACE] [mixin/]: Added class metadata for com/mojang/math/Transformation to metadata cache
[13Nov2025 07:43:45.103] [main/TRACE] [mixin/]: Added class metadata for com/mojang/math/OctahedralGroup to metadata cache
[13Nov2025 07:43:45.144] [main/DEBUG] [net.neoforged.accesstransformer.AccessTransformer/AXFORM]: Transforming net.minecraft.world.level.Level FIELD blockEntityTickers to access PUBLIC and LEAVE
[13Nov2025 07:43:45.145] [main/DEBUG] [net.neoforged.accesstransformer.AccessTransformer/AXFORM]: Transforming net.minecraft.world.level.Level FIELD oRainLevel to access PUBLIC and LEAVE
[13Nov2025 07:43:45.145] [main/DEBUG] [net.neoforged.accesstransformer.AccessTransformer/AXFORM]: Transforming net.minecraft.world.level.Level FIELD rainLevel to access PUBLIC and LEAVE
[13Nov2025 07:43:45.145] [main/DEBUG] [net.neoforged.accesstransformer.AccessTransformer/AXFORM]: Transforming net.minecraft.world.level.Level FIELD oThunderLevel to access PUBLIC and LEAVE
[13Nov2025 07:43:45.145] [main/DEBUG] [net.neoforged.accesstransformer.AccessTransformer/AXFORM]: Transforming net.minecraft.world.level.Level FIELD thunderLevel to access PUBLIC and LEAVE
[13Nov2025 07:43:45.145] [main/DEBUG] [net.neoforged.accesstransformer.AccessTransformer/AXFORM]: Transforming net.minecraft.world.level.Level FIELD damageSources to access PUBLIC and LEAVE
[13Nov2025 07:43:45.157] [main/TRACE] [mixin/]: Added class metadata for net/minecraft/world/level/Level to metadata cache
[13Nov2025 07:43:45.186] [main/TRACE] [mixin/]: Added class metadata for net/minecraft/server/level/WorldGenRegion to metadata cache
[13Nov2025 07:43:45.186] [main/DEBUG] [mixin/]: Preparing c2me.mixins.json (0)
[13Nov2025 07:43:45.186] [main/DEBUG] [mixin/]: Preparing c2me-threading-lighting.mixins.json (3)
[13Nov2025 07:43:45.192] [main/DEBUG] [net.neoforged.accesstransformer.AccessTransformer/AXFORM]: Transforming net.minecraft.server.level.ThreadedLevelLightEngine INNERCLASS TaskType to access PUBLIC and LEAVE
[13Nov2025 07:43:45.194] [main/TRACE] [mixin/]: Added class metadata for net/minecraft/server/level/ThreadedLevelLightEngine to metadata cache
[13Nov2025 07:43:45.201] [main/DEBUG] [net.neoforged.accesstransformer.AccessTransformer/AXFORM]: Transforming net.minecraft.server.level.ChunkMap INNERCLASS TrackedEntity to access PUBLIC and LEAVE
[13Nov2025 07:43:45.201] [main/DEBUG] [net.neoforged.accesstransformer.AccessTransformer/AXFORM]: Transforming net.minecraft.server.level.ChunkMap INNERCLASS DistanceManager to access PUBLIC and LEAVE
[13Nov2025 07:43:45.201] [main/DEBUG] [net.neoforged.accesstransformer.AccessTransformer/AXFORM]: Transforming net.minecraft.server.level.ChunkMap FIELD level to access PUBLIC and LEAVE
[13Nov2025 07:43:45.201] [main/DEBUG] [net.neoforged.accesstransformer.AccessTransformer/AXFORM]: Transforming net.minecraft.server.level.ChunkMap FIELD entityMap to access PUBLIC and LEAVE
[13Nov2025 07:43:45.201] [main/DEBUG] [net.neoforged.accesstransformer.AccessTransformer/AXFORM]: Transforming net.minecraft.server.level.ChunkMap METHOD generator()Lnet/minecraft/world/level/chunk/ChunkGenerator; to access PUBLIC and LEAVE
[13Nov2025 07:43:45.201] [main/DEBUG] [net.neoforged.accesstransformer.AccessTransformer/AXFORM]: Transforming net.minecraft.server.level.ChunkMap METHOD getVisibleChunkIfPresent(J)Lnet/minecraft/server/level/ChunkHolder; to access PUBLIC and LEAVE
[13Nov2025 07:43:45.201] [main/DEBUG] [net.neoforged.accesstransformer.AccessTransformer/AXFORM]: Transforming net.minecraft.server.level.ChunkMap METHOD getChunks()Ljava/lang/Iterable; to access PUBLIC and LEAVE
[13Nov2025 07:43:45.201] [main/DEBUG] [net.neoforged.accesstransformer.AccessTransformer/AXFORM]: Transforming net.minecraft.server.level.ChunkMap METHOD anyPlayerCloseEnoughForSpawning(Lnet/minecraft/world/level/ChunkPos;)Z to access PUBLIC and LEAVE
[13Nov2025 07:43:45.211] [main/TRACE] [mixin/]: Added class metadata for net/minecraft/server/level/ChunkMap to metadata cache
[13Nov2025 07:43:45.212] [main/TRACE] [mixin/CATCHING]: Catching
java.lang.ClassNotFoundException: ca.spottedleaf.starlight.common.thread.SchedulingUtil
	at cpw.mods.securejarhandler/cpw.mods.cl.ModuleClassLoader.getMaybeTransformedClassBytes(ModuleClassLoader.java:334) ~[securejarhandler-3.0.8.jar:?]
	at MC-BOOTSTRAP/cpw.mods.modlauncher@11.0.5/cpw.mods.modlauncher.TransformingClassLoader.buildTransformedClassNodeFor(TransformingClassLoader.java:65) ~[modlauncher-11.0.5.jar%2362!/:?]
	at MC-BOOTSTRAP/cpw.mods.modlauncher@11.0.5/cpw.mods.modlauncher.LaunchPluginHandler.lambda$announceLaunch$10(LaunchPluginHandler.java:106) ~[modlauncher-11.0.5.jar%2362!/:?]
	at MC-BOOTSTRAP/org.spongepowered.mixin/org.spongepowered.asm.launch.MixinLaunchPluginLegacy.getClassNode(MixinLaunchPluginLegacy.java:227) ~[sponge-mixin-0.15.2+mixin.0.8.7.jar%2371!/:0.15.2+mixin.0.8.7]
	at MC-BOOTSTRAP/org.spongepowered.mixin/org.spongepowered.asm.mixin.transformer.ClassInfo.forName(ClassInfo.java:2029) ~[sponge-mixin-0.15.2+mixin.0.8.7.jar%2371!/:0.15.2+mixin.0.8.7]
	at MC-BOOTSTRAP/org.spongepowered.mixin/org.spongepowered.asm.mixin.transformer.MixinInfo.getTargetClass(MixinInfo.java:1017) ~[sponge-mixin-0.15.2+mixin.0.8.7.jar%2371!/:0.15.2+mixin.0.8.7]
	at MC-BOOTSTRAP/org.spongepowered.mixin/org.spongepowered.asm.mixin.transformer.MixinInfo.readTargetClasses(MixinInfo.java:1007) ~[sponge-mixin-0.15.2+mixin.0.8.7.jar%2371!/:0.15.2+mixin.0.8.7]
	at MC-BOOTSTRAP/org.spongepowered.mixin/org.spongepowered.asm.mixin.transformer.MixinInfo.parseTargets(MixinInfo.java:895) ~[sponge-mixin-0.15.2+mixin.0.8.7.jar%2371!/:0.15.2+mixin.0.8.7]
	at MC-BOOTSTRAP/org.spongepowered.mixin/org.spongepowered.asm.mixin.transformer.MixinConfig.prepareMixins(MixinConfig.java:950) ~[sponge-mixin-0.15.2+mixin.0.8.7.jar%2371!/:0.15.2+mixin.0.8.7]
	at MC-BOOTSTRAP/org.spongepowered.mixin/org.spongepowered.asm.mixin.transformer.MixinConfig.prepare(MixinConfig.java:858) ~[sponge-mixin-0.15.2+mixin.0.8.7.jar%2371!/:0.15.2+mixin.0.8.7]
	at MC-BOOTSTRAP/org.spongepowered.mixin/org.spongepowered.asm.mixin.transformer.MixinProcessor.prepareConfigs(MixinProcessor.java:540) ~[sponge-mixin-0.15.2+mixin.0.8.7.jar%2371!/:0.15.2+mixin.0.8.7]
	at MC-BOOTSTRAP/org.spongepowered.mixin/org.spongepowered.asm.mixin.transformer.MixinProcessor.select(MixinProcessor.java:462) ~[sponge-mixin-0.15.2+mixin.0.8.7.jar%2371!/:0.15.2+mixin.0.8.7]
	at MC-BOOTSTRAP/org.spongepowered.mixin/org.spongepowered.asm.mixin.transformer.MixinProcessor.checkSelect(MixinProcessor.java:438) ~[sponge-mixin-0.15.2+mixin.0.8.7.jar%2371!/:0.15.2+mixin.0.8.7]
	at MC-BOOTSTRAP/org.spongepowered.mixin/org.spongepowered.asm.mixin.transformer.MixinProcessor.applyMixins(MixinProcessor.java:290) ~[sponge-mixin-0.15.2+mixin.0.8.7.jar%2371!/:0.15.2+mixin.0.8.7]
	at MC-BOOTSTRAP/org.spongepowered.mixin/org.spongepowered.asm.mixin.transformer.MixinTransformer.transformClass(MixinTransformer.java:250) ~[sponge-mixin-0.15.2+mixin.0.8.7.jar%2371!/:0.15.2+mixin.0.8.7]
	at MC-BOOTSTRAP/org.spongepowered.mixin/org.spongepowered.asm.service.modlauncher.MixinTransformationHandler.processClass(MixinTransformationHandler.java:131) ~[sponge-mixin-0.15.2+mixin.0.8.7.jar%2371!/:0.15.2+mixin.0.8.7]
	at MC-BOOTSTRAP/org.spongepowered.mixin/org.spongepowered.asm.launch.MixinLaunchPluginLegacy.processClass(MixinLaunchPluginLegacy.java:131) ~[sponge-mixin-0.15.2+mixin.0.8.7.jar%2371!/:0.15.2+mixin.0.8.7]
	at MC-BOOTSTRAP/cpw.mods.modlauncher@11.0.5/cpw.mods.modlauncher.serviceapi.ILaunchPluginService.processClassWithFlags(ILaunchPluginService.java:156) ~[modlauncher-11.0.5.jar%2362!/:11.0.5+main.901c6ea8]
	at MC-BOOTSTRAP/cpw.mods.modlauncher@11.0.5/cpw.mods.modlauncher.LaunchPluginHandler.offerClassNodeToPlugins(LaunchPluginHandler.java:94) ~[modlauncher-11.0.5.jar%2362!/:?]
	at MC-BOOTSTRAP/cpw.mods.modlauncher@11.0.5/cpw.mods.modlauncher.ClassTransformer.transform(ClassTransformer.java:120) ~[modlauncher-11.0.5.jar%2362!/:?]
	at MC-BOOTSTRAP/cpw.mods.modlauncher@11.0.5/cpw.mods.modlauncher.TransformingClassLoader.maybeTransformClassBytes(TransformingClassLoader.java:57) ~[modlauncher-11.0.5.jar%2362!/:?]
	at cpw.mods.securejarhandler/cpw.mods.cl.ModuleClassLoader.readerToClass(ModuleClassLoader.java:190) ~[securejarhandler-3.0.8.jar:?]
	at cpw.mods.securejarhandler/cpw.mods.cl.ModuleClassLoader.lambda$findClass$20(ModuleClassLoader.java:298) ~[securejarhandler-3.0.8.jar:?]
	at cpw.mods.securejarhandler/cpw.mods.cl.ModuleClassLoader.loadFromModule(ModuleClassLoader.java:311) ~[securejarhandler-3.0.8.jar:?]
	at cpw.mods.securejarhandler/cpw.mods.cl.ModuleClassLoader.findClass(ModuleClassLoader.java:298) ~[securejarhandler-3.0.8.jar:?]
	at java.base/java.lang.ClassLoader.loadClass(ClassLoader.java:638) ~[?:?]
	at java.base/java.lang.Class.forName(Class.java:625) ~[?:?]
	at java.base/java.lang.Class.forName(Class.java:600) ~[?:?]
	at MC-BOOTSTRAP/fml_loader@4.0.41/net.neoforged.fml.loading.ImmediateWindowHandler$DummyProvider.lambda$updateModuleReads$1(ImmediateWindowHandler.java:173) ~[loader-4.0.41.jar%2357!/:4.0]
	at java.base/java.util.Optional.map(Optional.java:260) [?:?]
	at MC-BOOTSTRAP/fml_loader@4.0.41/net.neoforged.fml.loading.ImmediateWindowHandler$DummyProvider.updateModuleReads(ImmediateWindowHandler.java:173) [loader-4.0.41.jar%2357!/:4.0]
	at MC-BOOTSTRAP/fml_loader@4.0.41/net.neoforged.fml.loading.ImmediateWindowHandler.acceptGameLayer(ImmediateWindowHandler.java:94) [loader-4.0.41.jar%2357!/:4.0]
	at MC-BOOTSTRAP/fml_loader@4.0.41/net.neoforged.fml.loading.FMLLoader.beforeStart(FMLLoader.java:166) [loader-4.0.41.jar%2357!/:4.0]
	at MC-BOOTSTRAP/fml_loader@4.0.41/net.neoforged.fml.loading.targets.CommonLaunchHandler.launchService(CommonLaunchHandler.java:115) [loader-4.0.41.jar%2357!/:4.0]
	at MC-BOOTSTRAP/cpw.mods.modlauncher@11.0.5/cpw.mods.modlauncher.LaunchServiceHandlerDecorator.launch(LaunchServiceHandlerDecorator.java:30) [modlauncher-11.0.5.jar%2362!/:?]
	at MC-BOOTSTRAP/cpw.mods.modlauncher@11.0.5/cpw.mods.modlauncher.LaunchServiceHandler.launch(LaunchServiceHandler.java:53) [modlauncher-11.0.5.jar%2362!/:?]
	at MC-BOOTSTRAP/cpw.mods.modlauncher@11.0.5/cpw.mods.modlauncher.LaunchServiceHandler.launch(LaunchServiceHandler.java:71) [modlauncher-11.0.5.jar%2362!/:?]
	at MC-BOOTSTRAP/cpw.mods.modlauncher@11.0.5/cpw.mods.modlauncher.Launcher.run(Launcher.java:103) [modlauncher-11.0.5.jar%2362!/:?]
	at MC-BOOTSTRAP/cpw.mods.modlauncher@11.0.5/cpw.mods.modlauncher.Launcher.main(Launcher.java:74) [modlauncher-11.0.5.jar%2362!/:?]
	at MC-BOOTSTRAP/cpw.mods.modlauncher@11.0.5/cpw.mods.modlauncher.BootstrapLaunchConsumer.accept(BootstrapLaunchConsumer.java:26) [modlauncher-11.0.5.jar%2362!/:?]
	at MC-BOOTSTRAP/cpw.mods.modlauncher@11.0.5/cpw.mods.modlauncher.BootstrapLaunchConsumer.accept(BootstrapLaunchConsumer.java:23) [modlauncher-11.0.5.jar%2362!/:?]
	at cpw.mods.bootstraplauncher@2.0.2/cpw.mods.bootstraplauncher.BootstrapLauncher.run(BootstrapLauncher.java:210) [bootstraplauncher-2.0.2.jar:?]
	at cpw.mods.bootstraplauncher@2.0.2/cpw.mods.bootstraplauncher.BootstrapLauncher.main(BootstrapLauncher.java:69) [bootstraplauncher-2.0.2.jar:?]
	at java.base/jdk.internal.reflect.DirectMethodHandleAccessor.invoke(DirectMethodHandleAccessor.java:103) ~[?:?]
	at java.base/java.lang.reflect.Method.invoke(Method.java:580) ~[?:?]
	at net.neoforged.serverstarterjar.Main.mainLaunch(Main.java:297) [vanilla.jar:0.1.34]
	at net.neoforged.serverstarterjar.Main.main(Main.java:76) [vanilla.jar:0.1.34]
	at java.base/jdk.internal.reflect.DirectMethodHandleAccessor.invoke(DirectMethodHandleAccessor.java:103) ~[?:?]
	at java.base/java.lang.reflect.Method.invoke(Method.java:580) ~[?:?]
	at net.neoforged.serverstarterjar.Main8.main(Main8.java:19) [vanilla.jar:0.1.34]
[13Nov2025 07:43:45.213] [main/WARN] [mixin/]: Error loading class: ca/spottedleaf/starlight/common/thread/SchedulingUtil (java.lang.ClassNotFoundException: ca.spottedleaf.starlight.common.thread.SchedulingUtil)
[13Nov2025 07:43:45.213] [main/TRACE] [mixin/]: Added class metadata for ca/spottedleaf/starlight/common/thread/SchedulingUtil to metadata cache
[13Nov2025 07:43:45.214] [main/DEBUG] [mixin/]: Skipping virtual target ca.spottedleaf.starlight.common.thread.SchedulingUtil for c2me-threading-lighting.mixins.json:scalablelux.MixinSchedulingUtil from mod c2me_threading_lighting
[13Nov2025 07:43:45.215] [main/DEBUG] [mixin/]: Preparing mutantmonsters.common.mixins.json (3)
[13Nov2025 07:43:45.223] [main/DEBUG] [net.neoforged.accesstransformer.AccessTransformer/AXFORM]: Transforming net.minecraft.world.item.ItemStack METHOD addToTooltip(Lnet/minecraft/core/component/DataComponentType;Lnet/minecraft/world/item/Item$TooltipContext;Ljava/util/function/Consumer;Lnet/minecraft/world/item/TooltipFlag;)V to access PUBLIC and LEAVE
[13Nov2025 07:43:45.233] [main/TRACE] [mixin/]: Added class metadata for net/minecraft/world/item/ItemStack to metadata cache
[13Nov2025 07:43:45.236] [main/TRACE] [mixin/]: Added class metadata for net/minecraft/world/level/storage/loot/parameters/LootContextParamSets to metadata cache
[13Nov2025 07:43:45.241] [main/TRACE] [mixin/]: Added class metadata for net/minecraft/world/entity/monster/Ravager to metadata cache
[13Nov2025 07:43:45.241] [main/DEBUG] [mixin/]: Preparing mutantmonsters.neoforge.mixins.json (0)
[13Nov2025 07:43:45.241] [main/DEBUG] [mixin/]: Preparing geckolib.mixins.json (7)
[13Nov2025 07:43:45.249] [main/DEBUG] [net.neoforged.accesstransformer.AccessTransformer/AXFORM]: Transforming net.minecraft.world.inventory.AbstractContainerMenu FIELD lastSlots to access PUBLIC and LEAVE
[13Nov2025 07:43:45.250] [main/DEBUG] [net.neoforged.accesstransformer.AccessTransformer/AXFORM]: Transforming net.minecraft.world.inventory.AbstractContainerMenu FIELD remoteSlots to access PUBLIC and LEAVE
[13Nov2025 07:43:45.250] [main/DEBUG] [net.neoforged.accesstransformer.AccessTransformer/AXFORM]: Transforming net.minecraft.world.inventory.AbstractContainerMenu FIELD stateId to access PUBLIC and LEAVE
[13Nov2025 07:43:45.250] [main/DEBUG] [net.neoforged.accesstransformer.AccessTransformer/AXFORM]: Transforming net.minecraft.world.inventory.AbstractContainerMenu FIELD menuType to access PROTECTED and REMOVEFINAL
[13Nov2025 07:43:45.250] [main/DEBUG] [net.neoforged.accesstransformer.AccessTransformer/AXFORM]: Transforming net.minecraft.world.inventory.AbstractContainerMenu FIELD containerId to access PUBLIC and REMOVEFINAL
[13Nov2025 07:43:45.250] [main/DEBUG] [net.neoforged.accesstransformer.AccessTransformer/AXFORM]: Transforming net.minecraft.world.inventory.AbstractContainerMenu FIELD containerListeners to access PUBLIC and LEAVE
[13Nov2025 07:43:45.250] [main/DEBUG] [net.neoforged.accesstransformer.AccessTransformer/AXFORM]: Transforming net.minecraft.world.inventory.AbstractContainerMenu FIELD suppressRemoteUpdates to access PUBLIC and LEAVE
[13Nov2025 07:43:45.250] [main/DEBUG] [net.neoforged.accesstransformer.AccessTransformer/AXFORM]: Transforming net.minecraft.world.inventory.AbstractContainerMenu METHOD addSlot(Lnet/minecraft/world/inventory/Slot;)Lnet/minecraft/world/inventory/Slot; to access PUBLIC and LEAVE
[13Nov2025 07:43:45.259] [main/TRACE] [mixin/]: Added class metadata for net/minecraft/world/inventory/AbstractContainerMenu to metadata cache
[13Nov2025 07:43:45.271] [main/DEBUG] [net.neoforged.accesstransformer.AccessTransformer/AXFORM]: Transforming net.minecraft.world.entity.LivingEntity FIELD DATA_HEALTH_ID to access PUBLIC and LEAVE
[13Nov2025 07:43:45.271] [main/DEBUG] [net.neoforged.accesstransformer.AccessTransformer/AXFORM]: Transforming net.minecraft.world.entity.LivingEntity FIELD lastHurtByPlayer to access PUBLIC and LEAVE
[13Nov2025 07:43:45.271] [main/DEBUG] [net.neoforged.accesstransformer.AccessTransformer/AXFORM]: Transforming net.minecraft.world.entity.LivingEntity FIELD lastHurtByPlayerTime to access PUBLIC and LEAVE
[13Nov2025 07:43:45.271] [main/DEBUG] [net.neoforged.accesstransformer.AccessTransformer/AXFORM]: Transforming net.minecraft.world.entity.LivingEntity FIELD jumping to access PUBLIC and LEAVE
[13Nov2025 07:43:45.271] [main/DEBUG] [net.neoforged.accesstransformer.AccessTransformer/AXFORM]: Transforming net.minecraft.world.entity.LivingEntity FIELD lastDamageStamp to access PUBLIC and LEAVE
[13Nov2025 07:43:45.271] [main/DEBUG] [net.neoforged.accesstransformer.AccessTransformer/AXFORM]: Transforming net.minecraft.world.entity.LivingEntity METHOD getBaseExperienceReward()I to access PUBLIC and LEAVE
[13Nov2025 07:43:45.271] [main/DEBUG] [net.neoforged.accesstransformer.AccessTransformer/AXFORM]: Transforming net.minecraft.world.entity.LivingEntity METHOD blockedByShield(Lnet/minecraft/world/entity/LivingEntity;)V to access PUBLIC and LEAVE
[13Nov2025 07:43:45.271] [main/DEBUG] [net.neoforged.accesstransformer.AccessTransformer/AXFORM]: Transforming net.minecraft.world.entity.LivingEntity METHOD breakItem(Lnet/minecraft/world/item/ItemStack;)V to access PUBLIC and LEAVE
[13Nov2025 07:43:45.271] [main/DEBUG] [net.neoforged.accesstransformer.AccessTransformer/AXFORM]: Transforming net.minecraft.world.entity.LivingEntity METHOD getHitbox()Lnet/minecraft/world/phys/AABB; to access PUBLIC and LEAVE
[13Nov2025 07:43:45.271] [main/DEBUG] [net.neoforged.accesstransformer.AccessTransformer/AXFORM]: Transforming net.minecraft.world.entity.LivingEntity METHOD getCurrentSwingDuration()I to access PUBLIC and LEAVE
[13Nov2025 07:43:45.271] [main/DEBUG] [net.neoforged.accesstransformer.AccessTransformer/AXFORM]: Transforming net.minecraft.world.entity.LivingEntity METHOD makePoofParticles()V to access PUBLIC and LEAVE
[13Nov2025 07:43:45.271] [main/DEBUG] [net.neoforged.accesstransformer.AccessTransformer/AXFORM]: Transforming net.minecraft.world.entity.LivingEntity METHOD spawnItemParticles(Lnet/minecraft/world/item/ItemStack;I)V to access PUBLIC and LEAVE
[13Nov2025 07:43:45.272] [main/DEBUG] [net.neoforged.accesstransformer.AccessTransformer/AXFORM]: Transforming net.minecraft.world.entity.LivingEntity METHOD getDimensions(Lnet/minecraft/world/entity/Pose;)Lnet/minecraft/world/entity/EntityDimensions; to access PUBLIC and REMOVEFINAL
[13Nov2025 07:43:45.293] [main/DEBUG] [net.neoforged.accesstransformer.AccessTransformer/AXFORM]: Transforming net.minecraft.world.entity.Entity FIELD ENTITY_COUNTER to access PROTECTED and LEAVE
[13Nov2025 07:43:45.293] [main/DEBUG] [net.neoforged.accesstransformer.AccessTransformer/AXFORM]: Transforming net.minecraft.world.entity.Entity FIELD stuckSpeedMultiplier to access PUBLIC and LEAVE
[13Nov2025 07:43:45.293] [main/DEBUG] [net.neoforged.accesstransformer.AccessTransformer/AXFORM]: Transforming net.minecraft.world.entity.Entity FIELD levelCallback to access PUBLIC and LEAVE
[13Nov2025 07:43:45.293] [main/DEBUG] [net.neoforged.accesstransformer.AccessTransformer/AXFORM]: Transforming net.minecraft.world.entity.Entity FIELD dimensions to access PUBLIC and LEAVE
[13Nov2025 07:43:45.293] [main/DEBUG] [net.neoforged.accesstransformer.AccessTransformer/AXFORM]: Transforming net.minecraft.world.entity.Entity FIELD eyeHeight to access PUBLIC and LEAVE
[13Nov2025 07:43:45.294] [main/DEBUG] [net.neoforged.accesstransformer.AccessTransformer/AXFORM]: Transforming net.minecraft.world.entity.Entity METHOD getEncodeId()Ljava/lang/String; to access PUBLIC and LEAVE
[13Nov2025 07:43:45.294] [main/DEBUG] [net.neoforged.accesstransformer.AccessTransformer/AXFORM]: Transforming net.minecraft.world.entity.Entity METHOD canRide(Lnet/minecraft/world/entity/Entity;)Z to access PUBLIC and LEAVE
[13Nov2025 07:43:45.294] [main/DEBUG] [net.neoforged.accesstransformer.AccessTransformer/AXFORM]: Transforming net.minecraft.world.entity.Entity METHOD canAddPassenger(Lnet/minecraft/world/entity/Entity;)Z to access PUBLIC and LEAVE
[13Nov2025 07:43:45.294] [main/DEBUG] [net.neoforged.accesstransformer.AccessTransformer/AXFORM]: Transforming net.minecraft.world.entity.Entity METHOD setSharedFlag(IZ)V to access PUBLIC and LEAVE
[13Nov2025 07:43:45.294] [main/DEBUG] [net.neoforged.accesstransformer.AccessTransformer/AXFORM]: Transforming net.minecraft.world.entity.Entity METHOD teleportPassengers()V to access PUBLIC and LEAVE
[13Nov2025 07:43:45.370] [main/DEBUG] [net.neoforged.accesstransformer.AccessTransformer/AXFORM]: Transforming net.minecraft.server.level.ServerPlayer INNERCLASS RespawnPosAngle to access PUBLIC and LEAVE
[13Nov2025 07:43:45.370] [main/DEBUG] [net.neoforged.accesstransformer.AccessTransformer/AXFORM]: Transforming net.minecraft.server.level.ServerPlayer FIELD lastSentHealth to access PUBLIC and LEAVE
[13Nov2025 07:43:45.370] [main/DEBUG] [net.neoforged.accesstransformer.AccessTransformer/AXFORM]: Transforming net.minecraft.server.level.ServerPlayer FIELD lastSentFood to access PUBLIC and LEAVE
[13Nov2025 07:43:45.370] [main/DEBUG] [net.neoforged.accesstransformer.AccessTransformer/AXFORM]: Transforming net.minecraft.server.level.ServerPlayer FIELD lastSentExp to access PUBLIC and LEAVE
[13Nov2025 07:43:45.370] [main/DEBUG] [net.neoforged.accesstransformer.AccessTransformer/AXFORM]: Transforming net.minecraft.server.level.ServerPlayer FIELD camera to access PUBLIC and LEAVE
[13Nov2025 07:43:45.370] [main/DEBUG] [net.neoforged.accesstransformer.AccessTransformer/AXFORM]: Transforming net.minecraft.server.level.ServerPlayer FIELD isChangingDimension to access PUBLIC and LEAVE
[13Nov2025 07:43:45.370] [main/DEBUG] [net.neoforged.accesstransformer.AccessTransformer/AXFORM]: Transforming net.minecraft.server.level.ServerPlayer FIELD containerCounter to access PUBLIC and LEAVE
[13Nov2025 07:43:45.370] [main/DEBUG] [net.neoforged.accesstransformer.AccessTransformer/AXFORM]: Transforming net.minecraft.server.level.ServerPlayer METHOD initMenu(Lnet/minecraft/world/inventory/AbstractContainerMenu;)V to access PUBLIC and LEAVE
[13Nov2025 07:43:45.371] [main/DEBUG] [net.neoforged.accesstransformer.AccessTransformer/AXFORM]: Transforming net.minecraft.server.level.ServerPlayer METHOD triggerDimensionChangeTriggers(Lnet/minecraft/server/level/ServerLevel;)V to access PUBLIC and LEAVE
[13Nov2025 07:43:45.371] [main/DEBUG] [net.neoforged.accesstransformer.AccessTransformer/AXFORM]: Transforming net.minecraft.server.level.ServerPlayer METHOD nextContainerCounter()V to access PUBLIC and LEAVE
[13Nov2025 07:43:45.371] [main/DEBUG] [net.neoforged.accesstransformer.AccessTransformer/AXFORM]: Transforming net.minecraft.server.level.ServerPlayer METHOD checkRidingStatistics(DDD)V to access PUBLIC and LEAVE
[13Nov2025 07:43:45.408] [main/DEBUG] [net.neoforged.accesstransformer.AccessTransformer/AXFORM]: Transforming net.minecraft.world.entity.player.Player METHOD closeContainer()V to access PUBLIC and LEAVE
[13Nov2025 07:43:45.435] [main/TRACE] [mixin/]: Added class metadata for net/minecraft/world/entity/LivingEntity to metadata cache
[13Nov2025 07:43:45.435] [main/DEBUG] [mixin/]: Preparing mss-neoforge.mixins.json (1)
[13Nov2025 07:43:45.469] [main/DEBUG] [net.neoforged.accesstransformer.AccessTransformer/AXFORM]: Transforming net.minecraft.world.level.levelgen.structure.pools.StructureTemplatePool FIELD rawTemplates to access PUBLIC and REMOVEFINAL
[13Nov2025 07:43:45.469] [main/DEBUG] [net.neoforged.accesstransformer.AccessTransformer/AXFORM]: Transforming net.minecraft.world.level.levelgen.structure.pools.StructureTemplatePool FIELD templates to access PUBLIC and REMOVEFINAL
[13Nov2025 07:43:45.470] [main/TRACE] [mixin/]: Added class metadata for net/minecraft/world/level/levelgen/structure/pools/StructureTemplatePool to metadata cache
[13Nov2025 07:43:45.470] [main/DEBUG] [mixin/]: Preparing mss-common.mixins.json (10)
[13Nov2025 07:43:45.476] [main/DEBUG] [net.neoforged.accesstransformer.AccessTransformer/AXFORM]: Transforming net.minecraft.server.packs.resources.FallbackResourceManager INNERCLASS PackEntry to access PUBLIC and LEAVE
[13Nov2025 07:43:45.477] [main/DEBUG] [net.neoforged.accesstransformer.AccessTransformer/AXFORM]: Transforming net.minecraft.server.packs.resources.FallbackResourceManager FIELD fallbacks to access PUBLIC and LEAVE
[13Nov2025 07:43:45.478] [main/TRACE] [mixin/]: Added class metadata for net/minecraft/server/packs/resources/FallbackResourceManager to metadata cache
[13Nov2025 07:43:45.482] [main/TRACE] [mixin/]: Added class metadata for net/minecraft/world/level/levelgen/structure/pools/ListPoolElement to metadata cache
[13Nov2025 07:43:45.487] [main/DEBUG] [net.neoforged.accesstransformer.AccessTransformer/AXFORM]: Transforming net.minecraft.server.commands.LocateCommand METHOD getHolders(Lnet/minecraft/commands/arguments/ResourceOrTagKeyArgument$Result;Lnet/minecraft/core/Registry;)Ljava/util/Optional; to access PUBLIC and LEAVE
[13Nov2025 07:43:45.490] [main/TRACE] [mixin/]: Added class metadata for net/minecraft/server/commands/LocateCommand to metadata cache
[13Nov2025 07:43:45.493] [main/TRACE] [mixin/]: Added class metadata for net/minecraft/world/level/levelgen/structure/PoolElementStructurePiece to metadata cache
[13Nov2025 07:43:45.494] [main/DEBUG] [net.neoforged.accesstransformer.AccessTransformer/AXFORM]: Transforming net.minecraft.world.level.levelgen.structure.pools.SinglePoolElement METHOD sortBySelectionPriority(Ljava/util/List;)V to access PUBLIC and LEAVE
[13Nov2025 07:43:45.496] [main/TRACE] [mixin/]: Added class metadata for net/minecraft/world/level/levelgen/structure/pools/SinglePoolElement to metadata cache
[13Nov2025 07:43:45.528] [main/DEBUG] [net.neoforged.accesstransformer.AccessTransformer/AXFORM]: Transforming net.minecraft.world.level.levelgen.structure.StructurePiece FIELD orientation to access PROTECTED and LEAVE
[13Nov2025 07:43:45.529] [main/DEBUG] [net.neoforged.accesstransformer.AccessTransformer/AXFORM]: Transforming net.minecraft.world.level.levelgen.structure.StructurePiece FIELD mirror to access PROTECTED and LEAVE
[13Nov2025 07:43:45.529] [main/DEBUG] [net.neoforged.accesstransformer.AccessTransformer/AXFORM]: Transforming net.minecraft.world.level.levelgen.structure.StructurePiece FIELD rotation to access PROTECTED and LEAVE
[13Nov2025 07:43:45.532] [main/TRACE] [mixin/]: Added class metadata for net/minecraft/world/level/levelgen/structure/StructurePiece to metadata cache
[13Nov2025 07:43:45.533] [main/TRACE] [mixin/]: Added class metadata for net/minecraft/world/level/levelgen/structure/templatesystem/StructureProcessor to metadata cache
[13Nov2025 07:43:45.534] [main/TRACE] [mixin/]: Added class metadata for net/minecraft/world/level/levelgen/structure/templatesystem/StructureTemplateManager to metadata cache
[13Nov2025 07:43:45.534] [main/DEBUG] [mixin/]: Preparing treeharvester_neoforge.mixins.json (0)
[13Nov2025 07:43:45.535] [main/DEBUG] [mixin/]: Preparing c2me-rewrites-chunk-serializer.mixins.json (6)
[13Nov2025 07:43:45.536] [main/DEBUG] [mixin/]: Preparing c2me-opts-natives-math.mixins.json (4)
[13Nov2025 07:43:45.538] [main/DEBUG] [mixin/]: Preparing rainbows.mixins.json (0)
[13Nov2025 07:43:45.538] [main/DEBUG] [mixin/]: Preparing c2me-fixes-general-threading-issues.mixins.json (4)
[13Nov2025 07:43:45.540] [main/DEBUG] [net.neoforged.accesstransformer.AccessTransformer/AXFORM]: Transforming net.minecraft.server.level.DistanceManager INNERCLASS ChunkTicketTracker to access PUBLIC and LEAVE
[13Nov2025 07:43:45.540] [main/DEBUG] [net.neoforged.accesstransformer.AccessTransformer/AXFORM]: Transforming net.minecraft.server.level.DistanceManager INNERCLASS FixedPlayerDistanceChunkTracker to access PUBLIC and LEAVE
[13Nov2025 07:43:45.540] [main/DEBUG] [net.neoforged.accesstransformer.AccessTransformer/AXFORM]: Transforming net.minecraft.server.level.DistanceManager INNERCLASS PlayerTicketTracker to access PUBLIC and LEAVE
[13Nov2025 07:43:45.542] [main/TRACE] [mixin/]: Added class metadata for net/minecraft/server/level/DistanceManager to metadata cache
[13Nov2025 07:43:45.549] [main/DEBUG] [net.neoforged.accesstransformer.AccessTransformer/AXFORM]: Transforming net.minecraft.server.MinecraftServer INNERCLASS ReloadableResources to access PUBLIC and LEAVE
[13Nov2025 07:43:45.550] [main/DEBUG] [net.neoforged.accesstransformer.AccessTransformer/AXFORM]: Transforming net.minecraft.server.MinecraftServer FIELD storageSource to access PUBLIC and LEAVE
[13Nov2025 07:43:45.550] [main/DEBUG] [net.neoforged.accesstransformer.AccessTransformer/AXFORM]: Transforming net.minecraft.server.MinecraftServer FIELD nextTickTimeNanos to access PROTECTED and LEAVE
[13Nov2025 07:43:45.558] [main/TRACE] [mixin/]: Added class metadata for net/minecraft/server/MinecraftServer to metadata cache
[13Nov2025 07:43:45.559] [main/DEBUG] [net.neoforged.accesstransformer.AccessTransformer/AXFORM]: Transforming net.minecraft.server.level.ServerChunkCache INNERCLASS MainThreadExecutor to access PUBLIC and LEAVE
[13Nov2025 07:43:45.560] [main/DEBUG] [net.neoforged.accesstransformer.AccessTransformer/AXFORM]: Transforming net.minecraft.server.level.ServerChunkCache FIELD level to access PUBLIC and LEAVE
[13Nov2025 07:43:45.562] [main/TRACE] [mixin/]: Added class metadata for net/minecraft/server/level/ServerChunkCache to metadata cache
[13Nov2025 07:43:45.562] [main/DEBUG] [mixin/]: Preparing journeymap.mixins.json (22)
[13Nov2025 07:43:45.563] [main/DEBUG] [mixin/]: Preparing journeymap.neoforge.mixins.json (2)
[13Nov2025 07:43:45.563] [main/DEBUG] [mixin/]: Preparing neoforge.mixins.json (2)
[13Nov2025 07:43:45.567] [main/DEBUG] [net.neoforged.accesstransformer.AccessTransformer/AXFORM]: Transforming net.minecraft.world.level.block.entity.BlockEntityType INNERCLASS BlockEntitySupplier to access PUBLIC and LEAVE
[13Nov2025 07:43:45.569] [main/TRACE] [mixin/]: Added class metadata for net/minecraft/world/level/block/entity/BlockEntityType to metadata cache
[13Nov2025 07:43:45.573] [main/TRACE] [mixin/]: Added class metadata for net/minecraft/core/MappedRegistry to metadata cache
[13Nov2025 07:43:45.574] [main/DEBUG] [mixin/]: Preparing mixins.artifacts.common.json (36)
[13Nov2025 07:43:45.589] [main/DEBUG] [net.neoforged.accesstransformer.AccessTransformer/AXFORM]: Transforming net.minecraft.world.entity.Entity FIELD ENTITY_COUNTER to access PROTECTED and LEAVE
[13Nov2025 07:43:45.589] [main/DEBUG] [net.neoforged.accesstransformer.AccessTransformer/AXFORM]: Transforming net.minecraft.world.entity.Entity FIELD stuckSpeedMultiplier to access PUBLIC and LEAVE
[13Nov2025 07:43:45.589] [main/DEBUG] [net.neoforged.accesstransformer.AccessTransformer/AXFORM]: Transforming net.minecraft.world.entity.Entity FIELD levelCallback to access PUBLIC and LEAVE
[13Nov2025 07:43:45.589] [main/DEBUG] [net.neoforged.accesstransformer.AccessTransformer/AXFORM]: Transforming net.minecraft.world.entity.Entity FIELD dimensions to access PUBLIC and LEAVE
[13Nov2025 07:43:45.589] [main/DEBUG] [net.neoforged.accesstransformer.AccessTransformer/AXFORM]: Transforming net.minecraft.world.entity.Entity FIELD eyeHeight to access PUBLIC and LEAVE
[13Nov2025 07:43:45.589] [main/DEBUG] [net.neoforged.accesstransformer.AccessTransformer/AXFORM]: Transforming net.minecraft.world.entity.Entity METHOD getEncodeId()Ljava/lang/String; to access PUBLIC and LEAVE
[13Nov2025 07:43:45.589] [main/DEBUG] [net.neoforged.accesstransformer.AccessTransformer/AXFORM]: Transforming net.minecraft.world.entity.Entity METHOD canRide(Lnet/minecraft/world/entity/Entity;)Z to access PUBLIC and LEAVE
[13Nov2025 07:43:45.589] [main/DEBUG] [net.neoforged.accesstransformer.AccessTransformer/AXFORM]: Transforming net.minecraft.world.entity.Entity METHOD canAddPassenger(Lnet/minecraft/world/entity/Entity;)Z to access PUBLIC and LEAVE
[13Nov2025 07:43:45.589] [main/DEBUG] [net.neoforged.accesstransformer.AccessTransformer/AXFORM]: Transforming net.minecraft.world.entity.Entity METHOD setSharedFlag(IZ)V to access PUBLIC and LEAVE
[13Nov2025 07:43:45.589] [main/DEBUG] [net.neoforged.accesstransformer.AccessTransformer/AXFORM]: Transforming net.minecraft.world.entity.Entity METHOD teleportPassengers()V to access PUBLIC and LEAVE
[13Nov2025 07:43:45.606] [main/TRACE] [mixin/]: Added class metadata for net/minecraft/world/entity/Entity to metadata cache
[13Nov2025 07:43:45.609] [main/TRACE] [mixin/]: Added class metadata for net/minecraft/world/level/storage/loot/functions/ApplyBonusCount to metadata cache
[13Nov2025 07:43:45.610] [main/TRACE] [mixin/]: Added class metadata for net/minecraft/world/level/storage/loot/functions/EnchantedCountIncreaseFunction to metadata cache
[13Nov2025 07:43:45.613] [main/DEBUG] [net.neoforged.accesstransformer.AccessTransformer/AXFORM]: Transforming net.minecraft.world.item.enchantment.EnchantmentHelper INNERCLASS EnchantmentInSlotVisitor to access PUBLIC and LEAVE
[13Nov2025 07:43:45.614] [main/DEBUG] [net.neoforged.accesstransformer.AccessTransformer/AXFORM]: Transforming net.minecraft.world.item.enchantment.EnchantmentHelper INNERCLASS EnchantmentVisitor to access PUBLIC and LEAVE
[13Nov2025 07:43:45.614] [main/DEBUG] [net.neoforged.accesstransformer.AccessTransformer/AXFORM]: Transforming net.minecraft.world.item.enchantment.EnchantmentHelper METHOD getComponentType(Lnet/minecraft/world/item/ItemStack;)Lnet/minecraft/core/component/DataComponentType; to access PUBLIC and LEAVE
[13Nov2025 07:43:45.614] [main/DEBUG] [net.neoforged.accesstransformer.AccessTransformer/AXFORM]: Transforming net.minecraft.world.item.enchantment.EnchantmentHelper METHOD runIterationOnItem(Lnet/minecraft/world/item/ItemStack;Lnet/minecraft/world/item/enchantment/EnchantmentHelper$EnchantmentVisitor;)V to access PUBLIC and LEAVE
[13Nov2025 07:43:45.614] [main/DEBUG] [net.neoforged.accesstransformer.AccessTransformer/AXFORM]: Transforming net.minecraft.world.item.enchantment.EnchantmentHelper METHOD runIterationOnItem(Lnet/minecraft/world/item/ItemStack;Lnet/minecraft/world/entity/EquipmentSlot;Lnet/minecraft/world/entity/LivingEntity;Lnet/minecraft/world/item/enchantment/EnchantmentHelper$EnchantmentInSlotVisitor;)V to access PUBLIC and LEAVE
[13Nov2025 07:43:45.614] [main/DEBUG] [net.neoforged.accesstransformer.AccessTransformer/AXFORM]: Transforming net.minecraft.world.item.enchantment.EnchantmentHelper METHOD runIterationOnEquipment(Lnet/minecraft/world/entity/LivingEntity;Lnet/minecraft/world/item/enchantment/EnchantmentHelper$EnchantmentInSlotVisitor;)V to access PUBLIC and LEAVE
[13Nov2025 07:43:45.618] [main/TRACE] [mixin/]: Added class metadata for net/minecraft/world/item/enchantment/EnchantmentHelper to metadata cache
[13Nov2025 07:43:45.700] [main/TRACE] [mixin/]: Added class metadata for net/minecraft/world/level/storage/loot/predicates/LootItemRandomChanceWithEnchantedBonusCondition to metadata cache
[13Nov2025 07:43:45.701] [main/TRACE] [mixin/]: Added class metadata for net/minecraft/world/entity/projectile/ThrownEnderpearl to metadata cache
[13Nov2025 07:43:45.704] [main/TRACE] [mixin/]: Added class metadata for net/minecraft/world/item/EnderpearlItem to metadata cache
[13Nov2025 07:43:45.707] [main/TRACE] [mixin/]: Added class metadata for net/minecraft/world/entity/monster/Phantom$PhantomSweepAttackGoal to metadata cache
[13Nov2025 07:43:45.713] [main/TRACE] [mixin/]: Added class metadata for net/minecraft/world/entity/monster/piglin/PiglinAi to metadata cache
[13Nov2025 07:43:45.717] [main/DEBUG] [net.neoforged.accesstransformer.AccessTransformer/AXFORM]: Transforming net.minecraft.world.entity.player.Player METHOD closeContainer()V to access PUBLIC and LEAVE
[13Nov2025 07:43:45.726] [main/TRACE] [mixin/]: Added class metadata for net/minecraft/world/entity/player/Player to metadata cache
[13Nov2025 07:43:45.729] [main/TRACE] [mixin/]: Added class metadata for net/minecraft/world/level/block/PowderSnowBlock to metadata cache
[13Nov2025 07:43:45.733] [main/DEBUG] [net.neoforged.accesstransformer.AccessTransformer/AXFORM]: Transforming net.minecraft.world.entity.Mob FIELD goalSelector to access PUBLIC and LEAVE
[13Nov2025 07:43:45.733] [main/DEBUG] [net.neoforged.accesstransformer.AccessTransformer/AXFORM]: Transforming net.minecraft.world.entity.Mob FIELD targetSelector to access PUBLIC and LEAVE
[13Nov2025 07:43:45.733] [main/DEBUG] [net.neoforged.accesstransformer.AccessTransformer/AXFORM]: Transforming net.minecraft.world.entity.Mob FIELD target to access PUBLIC and LEAVE
[13Nov2025 07:43:45.739] [main/TRACE] [mixin/]: Added class metadata for net/minecraft/world/entity/Mob to metadata cache
[13Nov2025 07:43:45.759] [main/DEBUG] [net.neoforged.accesstransformer.AccessTransformer/AXFORM]: Transforming net.minecraft.world.entity.Mob FIELD goalSelector to access PUBLIC and LEAVE
[13Nov2025 07:43:45.760] [main/DEBUG] [net.neoforged.accesstransformer.AccessTransformer/AXFORM]: Transforming net.minecraft.world.entity.Mob FIELD targetSelector to access PUBLIC and LEAVE
[13Nov2025 07:43:45.760] [main/DEBUG] [net.neoforged.accesstransformer.AccessTransformer/AXFORM]: Transforming net.minecraft.world.entity.Mob FIELD target to access PUBLIC and LEAVE
[13Nov2025 07:43:45.777] [main/DEBUG] [net.neoforged.accesstransformer.AccessTransformer/AXFORM]: Transforming net.minecraft.world.level.Level FIELD blockEntityTickers to access PUBLIC and LEAVE
[13Nov2025 07:43:45.778] [main/DEBUG] [net.neoforged.accesstransformer.AccessTransformer/AXFORM]: Transforming net.minecraft.world.level.Level FIELD oRainLevel to access PUBLIC and LEAVE
[13Nov2025 07:43:45.778] [main/DEBUG] [net.neoforged.accesstransformer.AccessTransformer/AXFORM]: Transforming net.minecraft.world.level.Level FIELD rainLevel to access PUBLIC and LEAVE
[13Nov2025 07:43:45.778] [main/DEBUG] [net.neoforged.accesstransformer.AccessTransformer/AXFORM]: Transforming net.minecraft.world.level.Level FIELD oThunderLevel to access PUBLIC and LEAVE
[13Nov2025 07:43:45.778] [main/DEBUG] [net.neoforged.accesstransformer.AccessTransformer/AXFORM]: Transforming net.minecraft.world.level.Level FIELD thunderLevel to access PUBLIC and LEAVE
[13Nov2025 07:43:45.778] [main/DEBUG] [net.neoforged.accesstransformer.AccessTransformer/AXFORM]: Transforming net.minecraft.world.level.Level FIELD damageSources to access PUBLIC and LEAVE
[13Nov2025 07:43:45.878] [main/TRACE] [mixin/]: Added class metadata for net/minecraft/world/entity/npc/Villager to metadata cache
[13Nov2025 07:43:45.892] [main/TRACE] [mixin/]: Added class metadata for net/minecraft/tags/TagLoader to metadata cache
[13Nov2025 07:43:45.896] [main/TRACE] [mixin/]: Added class metadata for net/minecraft/world/level/NaturalSpawner to metadata cache
[13Nov2025 07:43:45.899] [main/TRACE] [mixin/]: Added class metadata for net/minecraft/world/entity/item/ItemEntity to metadata cache
[13Nov2025 07:43:45.907] [main/TRACE] [mixin/]: Added class metadata for net/minecraft/server/network/ServerGamePacketListenerImpl to metadata cache
[13Nov2025 07:43:45.907] [main/DEBUG] [mixin/]: Preparing mixins.artifacts.neoforge.json (3)
[13Nov2025 07:43:45.909] [main/TRACE] [mixin/]: Added class metadata for artifacts/item/UmbrellaItem to metadata cache
[13Nov2025 07:43:45.909] [main/DEBUG] [mixin/]: Preparing glitchcore.mixins.json (5)
[13Nov2025 07:43:45.913] [main/DEBUG] [net.neoforged.accesstransformer.AccessTransformer/AXFORM]: Transforming net.minecraft.server.network.ServerConfigurationPacketListenerImpl METHOD finishCurrentTask(Lnet/minecraft/server/network/ConfigurationTask$Type;)V to access PUBLIC and LEAVE
[13Nov2025 07:43:45.914] [main/TRACE] [mixin/]: Added class metadata for net/minecraft/server/network/ServerConfigurationPacketListenerImpl to metadata cache
[13Nov2025 07:43:45.921] [main/DEBUG] [net.neoforged.accesstransformer.AccessTransformer/AXFORM]: Transforming net.minecraft.server.level.ServerLevel FIELD customSpawners to access PUBLIC and REMOVEFINAL
[13Nov2025 07:43:45.921] [main/DEBUG] [net.neoforged.accesstransformer.AccessTransformer/AXFORM]: Transforming net.minecraft.server.level.ServerLevel METHOD findLightningTargetAround(Lnet/minecraft/core/BlockPos;)Lnet/minecraft/core/BlockPos; to access PUBLIC and LEAVE
[13Nov2025 07:43:45.921] [main/DEBUG] [net.neoforged.accesstransformer.AccessTransformer/AXFORM]: Transforming net.minecraft.server.level.ServerLevel METHOD getEntities()Lnet/minecraft/world/level/entity/LevelEntityGetter; to access PUBLIC and LEAVE
[13Nov2025 07:43:45.930] [main/TRACE] [mixin/]: Added class metadata for net/minecraft/server/level/ServerLevel to metadata cache
[13Nov2025 07:43:45.931] [main/DEBUG] [mixin/]: Preparing glitchcore.neoforge.mixins.json (7)
[13Nov2025 07:43:45.937] [main/DEBUG] [net.neoforged.accesstransformer.AccessTransformer/AXFORM]: Transforming net.minecraft.server.level.ServerPlayer INNERCLASS RespawnPosAngle to access PUBLIC and LEAVE
[13Nov2025 07:43:45.937] [main/DEBUG] [net.neoforged.accesstransformer.AccessTransformer/AXFORM]: Transforming net.minecraft.server.level.ServerPlayer FIELD lastSentHealth to access PUBLIC and LEAVE
[13Nov2025 07:43:45.937] [main/DEBUG] [net.neoforged.accesstransformer.AccessTransformer/AXFORM]: Transforming net.minecraft.server.level.ServerPlayer FIELD lastSentFood to access PUBLIC and LEAVE
[13Nov2025 07:43:45.937] [main/DEBUG] [net.neoforged.accesstransformer.AccessTransformer/AXFORM]: Transforming net.minecraft.server.level.ServerPlayer FIELD lastSentExp to access PUBLIC and LEAVE
[13Nov2025 07:43:45.937] [main/DEBUG] [net.neoforged.accesstransformer.AccessTransformer/AXFORM]: Transforming net.minecraft.server.level.ServerPlayer FIELD camera to access PUBLIC and LEAVE
[13Nov2025 07:43:45.937] [main/DEBUG] [net.neoforged.accesstransformer.AccessTransformer/AXFORM]: Transforming net.minecraft.server.level.ServerPlayer FIELD isChangingDimension to access PUBLIC and LEAVE
[13Nov2025 07:43:45.937] [main/DEBUG] [net.neoforged.accesstransformer.AccessTransformer/AXFORM]: Transforming net.minecraft.server.level.ServerPlayer FIELD containerCounter to access PUBLIC and LEAVE
[13Nov2025 07:43:45.937] [main/DEBUG] [net.neoforged.accesstransformer.AccessTransformer/AXFORM]: Transforming net.minecraft.server.level.ServerPlayer METHOD initMenu(Lnet/minecraft/world/inventory/AbstractContainerMenu;)V to access PUBLIC and LEAVE
[13Nov2025 07:43:45.937] [main/DEBUG] [net.neoforged.accesstransformer.AccessTransformer/AXFORM]: Transforming net.minecraft.server.level.ServerPlayer METHOD triggerDimensionChangeTriggers(Lnet/minecraft/server/level/ServerLevel;)V to access PUBLIC and LEAVE
[13Nov2025 07:43:45.937] [main/DEBUG] [net.neoforged.accesstransformer.AccessTransformer/AXFORM]: Transforming net.minecraft.server.level.ServerPlayer METHOD nextContainerCounter()V to access PUBLIC and LEAVE
[13Nov2025 07:43:45.938] [main/DEBUG] [net.neoforged.accesstransformer.AccessTransformer/AXFORM]: Transforming net.minecraft.server.level.ServerPlayer METHOD checkRidingStatistics(DDD)V to access PUBLIC and LEAVE
[13Nov2025 07:43:45.945] [main/TRACE] [mixin/]: Added class metadata for net/minecraft/server/level/ServerPlayer to metadata cache
[13Nov2025 07:43:45.946] [main/TRACE] [mixin/]: Added class metadata for glitchcore/util/BlockHelper to metadata cache
[13Nov2025 07:43:45.946] [main/TRACE] [mixin/]: Added class metadata for glitchcore/util/Environment to metadata cache
[13Nov2025 07:43:45.946] [main/TRACE] [mixin/]: Added class metadata for glitchcore/network/PacketHandler to metadata cache
[13Nov2025 07:43:45.947] [main/TRACE] [mixin/]: Added class metadata for glitchcore/util/RenderHelper to metadata cache
[13Nov2025 07:43:45.947] [main/DEBUG] [mixin/]: Preparing sereneseasons.mixins.json (6)
[13Nov2025 07:43:45.950] [main/DEBUG] [net.neoforged.accesstransformer.AccessTransformer/AXFORM]: Transforming net.minecraft.world.level.biome.Biome INNERCLASS ClimateSettings to access PUBLIC and LEAVE
[13Nov2025 07:43:45.950] [main/DEBUG] [net.neoforged.accesstransformer.AccessTransformer/AXFORM]: Transforming net.minecraft.world.level.biome.Biome FIELD TEMPERATURE_NOISE to access PUBLIC and LEAVE
[13Nov2025 07:43:45.950] [main/DEBUG] [net.neoforged.accesstransformer.AccessTransformer/AXFORM]: Transforming net.minecraft.world.level.biome.Biome METHOD getTemperature(Lnet/minecraft/core/BlockPos;)F to access PUBLIC and LEAVE
[13Nov2025 07:43:45.954] [main/TRACE] [mixin/]: Added class metadata for net/minecraft/world/level/biome/Biome to metadata cache
[13Nov2025 07:43:45.960] [main/TRACE] [mixin/]: Added class metadata for net/minecraft/world/level/block/state/BlockBehaviour$BlockStateBase to metadata cache
[13Nov2025 07:43:45.961] [main/DEBUG] [mixin/]: Preparing sereneseasons.neoforge.mixins.json (0)
[13Nov2025 07:43:45.961] [main/DEBUG] [mixin/]: Preparing c2me-opts-math.mixins.json (4)
[13Nov2025 07:43:45.964] [main/DEBUG] [net.neoforged.accesstransformer.AccessTransformer/AXFORM]: Transforming net.minecraft.world.level.levelgen.NoiseChunk INNERCLASS BlendOffset to access PUBLIC and LEAVE
[13Nov2025 07:43:45.964] [main/DEBUG] [net.neoforged.accesstransformer.AccessTransformer/AXFORM]: Transforming net.minecraft.world.level.levelgen.NoiseChunk INNERCLASS CacheOnce to access PUBLIC and LEAVE
[13Nov2025 07:43:45.964] [main/DEBUG] [net.neoforged.accesstransformer.AccessTransformer/AXFORM]: Transforming net.minecraft.world.level.levelgen.NoiseChunk INNERCLASS BlendAlpha to access PUBLIC and LEAVE
[13Nov2025 07:43:45.964] [main/DEBUG] [net.neoforged.accesstransformer.AccessTransformer/AXFORM]: Transforming net.minecraft.world.level.levelgen.NoiseChunk INNERCLASS FlatCache to access PUBLIC and LEAVE
[13Nov2025 07:43:45.965] [main/DEBUG] [net.neoforged.accesstransformer.AccessTransformer/AXFORM]: Transforming net.minecraft.world.level.levelgen.NoiseChunk INNERCLASS CacheAllInCell to access PUBLIC and LEAVE
[13Nov2025 07:43:45.965] [main/DEBUG] [net.neoforged.accesstransformer.AccessTransformer/AXFORM]: Transforming net.minecraft.world.level.levelgen.NoiseChunk INNERCLASS Cache2D to access PUBLIC and LEAVE
[13Nov2025 07:43:45.966] [main/TRACE] [mixin/]: Added class metadata for net/minecraft/world/level/levelgen/NoiseChunk to metadata cache
[13Nov2025 07:43:45.969] [main/TRACE] [mixin/]: Added class metadata for net/minecraft/world/level/ChunkPos to metadata cache
[13Nov2025 07:43:45.971] [main/TRACE] [mixin/]: Added class metadata for net/minecraft/world/level/levelgen/synth/PerlinNoise to metadata cache
[13Nov2025 07:43:45.972] [main/TRACE] [mixin/]: Added class metadata for net/minecraft/world/level/levelgen/synth/ImprovedNoise to metadata cache
[13Nov2025 07:43:45.972] [main/DEBUG] [mixin/]: Preparing uteamcore.mixins.json (4)
[13Nov2025 07:43:45.974] [main/TRACE] [mixin/]: Added class metadata for info/u_team/u_team_core/blockentity/UBlockEntity to metadata cache
[13Nov2025 07:43:45.975] [main/TRACE] [mixin/]: Added class metadata for info/u_team/u_team_core/menutype/UMenuType$DataMenuSupplier to metadata cache
[13Nov2025 07:43:45.978] [main/DEBUG] [net.neoforged.accesstransformer.AccessTransformer/AXFORM]: Transforming net.minecraft.world.item.Item FIELD components to access PRIVATE and REMOVEFINAL
[13Nov2025 07:43:45.978] [main/DEBUG] [net.neoforged.accesstransformer.AccessTransformer/AXFORM]: Transforming net.minecraft.world.item.Item METHOD getPlayerPOVHitResult(Lnet/minecraft/world/level/Level;Lnet/minecraft/world/entity/player/Player;Lnet/minecraft/world/level/ClipContext$Fluid;)Lnet/minecraft/world/phys/BlockHitResult; to access PUBLIC and LEAVE
[13Nov2025 07:43:45.980] [main/TRACE] [mixin/]: Added class metadata for net/minecraft/world/item/Item to metadata cache
[13Nov2025 07:43:45.980] [main/DEBUG] [mixin/]: Preparing c2me-rewrites-chunk-system.mixins.json (20)
[13Nov2025 07:43:45.990] [main/DEBUG] [net.neoforged.accesstransformer.AccessTransformer/AXFORM]: Transforming net.minecraft.world.level.chunk.ChunkGenerator FIELD biomeSource to access PUBLIC and REMOVEFINAL
[13Nov2025 07:43:45.990] [main/DEBUG] [net.neoforged.accesstransformer.AccessTransformer/AXFORM]: Transforming net.minecraft.world.level.chunk.ChunkGenerator FIELD featuresPerStep to access PUBLIC and REMOVEFINAL
[13Nov2025 07:43:45.990] [main/DEBUG] [net.neoforged.accesstransformer.AccessTransformer/AXFORM]: Transforming net.minecraft.world.level.chunk.ChunkGenerator FIELD generationSettingsGetter to access PUBLIC and REMOVEFINAL
[13Nov2025 07:43:45.995] [main/TRACE] [mixin/]: Added class metadata for net/minecraft/world/level/chunk/ChunkGenerator to metadata cache
[13Nov2025 07:43:46.000] [main/DEBUG] [net.neoforged.accesstransformer.AccessTransformer/AXFORM]: Transforming net.minecraft.server.level.ChunkHolder FIELD UNLOADED_LEVEL_CHUNK_FUTURE to access PUBLIC and LEAVE
[13Nov2025 07:43:46.000] [main/DEBUG] [net.neoforged.accesstransformer.AccessTransformer/AXFORM]: Transforming net.minecraft.server.level.ChunkHolder METHOD addSaveDependency(Ljava/util/concurrent/CompletableFuture;)V to access PUBLIC and REMOVEFINAL
[13Nov2025 07:43:46.000] [main/DEBUG] [net.neoforged.accesstransformer.AccessTransformer/AXFORM]: Transforming net.minecraft.server.level.ChunkHolder METHOD setQueueLevel(I)V to access PUBLIC and REMOVEFINAL
[13Nov2025 07:43:46.002] [main/TRACE] [mixin/]: Added class metadata for net/minecraft/server/level/ChunkHolder to metadata cache
[13Nov2025 07:43:46.002] [main/DEBUG] [net.neoforged.accesstransformer.AccessTransformer/AXFORM]: Transforming net.minecraft.server.level.DistanceManager$ChunkTicketTracker CLASS to access PUBLIC and LEAVE
[13Nov2025 07:43:46.003] [main/TRACE] [mixin/]: Added class metadata for net/minecraft/server/level/DistanceManager$ChunkTicketTracker to metadata cache
[13Nov2025 07:43:46.007] [main/TRACE] [mixin/]: Added class metadata for net/minecraft/world/entity/ai/village/poi/PoiManager to metadata cache
[13Nov2025 07:43:46.008] [main/TRACE] [mixin/]: Added class metadata for net/minecraft/world/level/chunk/storage/SectionStorage to metadata cache
[13Nov2025 07:43:46.011] [main/TRACE] [mixin/]: Added class metadata for net/minecraft/world/level/levelgen/blending/Blender to metadata cache
[13Nov2025 07:43:46.013] [main/DEBUG] [net.neoforged.accesstransformer.AccessTransformer/AXFORM]: Transforming net.minecraft.world.level.chunk.storage.ChunkSerializer FIELD BLOCK_STATE_CODEC to access PUBLIC and LEAVE
[13Nov2025 07:43:46.013] [main/DEBUG] [net.neoforged.accesstransformer.AccessTransformer/AXFORM]: Transforming net.minecraft.world.level.chunk.storage.ChunkSerializer METHOD logErrors(Lnet/minecraft/world/level/ChunkPos;ILjava/lang/String;)V to access PUBLIC and LEAVE
[13Nov2025 07:43:46.013] [main/DEBUG] [net.neoforged.accesstransformer.AccessTransformer/AXFORM]: Transforming net.minecraft.world.level.chunk.storage.ChunkSerializer METHOD makeBiomeCodec(Lnet/minecraft/core/Registry;)Lcom/mojang/serialization/Codec; to access PUBLIC and LEAVE
[13Nov2025 07:43:46.013] [main/DEBUG] [net.neoforged.accesstransformer.AccessTransformer/AXFORM]: Transforming net.minecraft.world.level.chunk.storage.ChunkSerializer METHOD unpackStructureStart(Lnet/minecraft/world/level/levelgen/structure/pieces/StructurePieceSerializationContext;Lnet/minecraft/nbt/CompoundTag;J)Ljava/util/Map; to access PUBLIC and LEAVE
[13Nov2025 07:43:46.017] [main/TRACE] [mixin/]: Added class metadata for net/minecraft/world/level/chunk/storage/ChunkSerializer to metadata cache
[13Nov2025 07:43:46.022] [main/TRACE] [mixin/]: Added class metadata for net/minecraft/world/level/chunk/ProtoChunk to metadata cache
[13Nov2025 07:43:46.057] [main/DEBUG] [net.neoforged.accesstransformer.AccessTransformer/AXFORM]: Transforming net.minecraft.world.level.chunk.storage.IOWorker INNERCLASS PendingStore to access PUBLIC and LEAVE
[13Nov2025 07:43:46.059] [main/TRACE] [mixin/]: Added class metadata for net/minecraft/world/level/chunk/storage/IOWorker to metadata cache
[13Nov2025 07:43:46.061] [main/TRACE] [mixin/]: Added class metadata for com/ishland/c2me/rewrites/chunk_serializer/common/ChunkDataSerializer to metadata cache
[13Nov2025 07:43:46.062] [main/TRACE] [mixin/]: Added class metadata for net/minecraft/world/level/entity/PersistentEntitySectionManager to metadata cache
[13Nov2025 07:43:46.063] [main/DEBUG] [net.neoforged.accesstransformer.AccessTransformer/AXFORM]: Transforming net.minecraft.world.level.chunk.LevelChunk INNERCLASS BoundTickingBlockEntity to access PUBLIC and LEAVE
[13Nov2025 07:43:46.063] [main/DEBUG] [net.neoforged.accesstransformer.AccessTransformer/AXFORM]: Transforming net.minecraft.world.level.chunk.LevelChunk INNERCLASS RebindableTickingBlockEntityWrapper to access PUBLIC and LEAVE
[13Nov2025 07:43:46.065] [main/TRACE] [mixin/]: Added class metadata for net/minecraft/world/level/chunk/LevelChunk to metadata cache
[13Nov2025 07:43:46.065] [main/DEBUG] [mixin/]: Preparing iceandfire.mixins.json (10)
[13Nov2025 07:43:46.066] [main/DEBUG] [mixin/]: Preparing iceandfire-neoforge.mixins.json (1)
[13Nov2025 07:43:46.067] [main/TRACE] [mixin/CATCHING]: Catching
java.lang.ClassNotFoundException: com.github.tartaricacid.touhoulittlemaid.entity.passive.EntityMaid
	at cpw.mods.securejarhandler/cpw.mods.cl.ModuleClassLoader.getMaybeTransformedClassBytes(ModuleClassLoader.java:334) ~[securejarhandler-3.0.8.jar:?]
	at MC-BOOTSTRAP/cpw.mods.modlauncher@11.0.5/cpw.mods.modlauncher.TransformingClassLoader.buildTransformedClassNodeFor(TransformingClassLoader.java:65) ~[modlauncher-11.0.5.jar%2362!/:?]
	at MC-BOOTSTRAP/cpw.mods.modlauncher@11.0.5/cpw.mods.modlauncher.LaunchPluginHandler.lambda$announceLaunch$10(LaunchPluginHandler.java:106) ~[modlauncher-11.0.5.jar%2362!/:?]
	at MC-BOOTSTRAP/org.spongepowered.mixin/org.spongepowered.asm.launch.MixinLaunchPluginLegacy.getClassNode(MixinLaunchPluginLegacy.java:227) ~[sponge-mixin-0.15.2+mixin.0.8.7.jar%2371!/:0.15.2+mixin.0.8.7]
	at MC-BOOTSTRAP/org.spongepowered.mixin/org.spongepowered.asm.mixin.transformer.ClassInfo.forName(ClassInfo.java:2029) ~[sponge-mixin-0.15.2+mixin.0.8.7.jar%2371!/:0.15.2+mixin.0.8.7]
	at MC-BOOTSTRAP/org.spongepowered.mixin/org.spongepowered.asm.mixin.transformer.MixinInfo.getTargetClass(MixinInfo.java:1017) ~[sponge-mixin-0.15.2+mixin.0.8.7.jar%2371!/:0.15.2+mixin.0.8.7]
	at MC-BOOTSTRAP/org.spongepowered.mixin/org.spongepowered.asm.mixin.transformer.MixinInfo.readTargetClasses(MixinInfo.java:1007) ~[sponge-mixin-0.15.2+mixin.0.8.7.jar%2371!/:0.15.2+mixin.0.8.7]
	at MC-BOOTSTRAP/org.spongepowered.mixin/org.spongepowered.asm.mixin.transformer.MixinInfo.parseTargets(MixinInfo.java:895) ~[sponge-mixin-0.15.2+mixin.0.8.7.jar%2371!/:0.15.2+mixin.0.8.7]
	at MC-BOOTSTRAP/org.spongepowered.mixin/org.spongepowered.asm.mixin.transformer.MixinConfig.prepareMixins(MixinConfig.java:950) ~[sponge-mixin-0.15.2+mixin.0.8.7.jar%2371!/:0.15.2+mixin.0.8.7]
	at MC-BOOTSTRAP/org.spongepowered.mixin/org.spongepowered.asm.mixin.transformer.MixinConfig.prepare(MixinConfig.java:858) ~[sponge-mixin-0.15.2+mixin.0.8.7.jar%2371!/:0.15.2+mixin.0.8.7]
	at MC-BOOTSTRAP/org.spongepowered.mixin/org.spongepowered.asm.mixin.transformer.MixinProcessor.prepareConfigs(MixinProcessor.java:540) ~[sponge-mixin-0.15.2+mixin.0.8.7.jar%2371!/:0.15.2+mixin.0.8.7]
	at MC-BOOTSTRAP/org.spongepowered.mixin/org.spongepowered.asm.mixin.transformer.MixinProcessor.select(MixinProcessor.java:462) ~[sponge-mixin-0.15.2+mixin.0.8.7.jar%2371!/:0.15.2+mixin.0.8.7]
	at MC-BOOTSTRAP/org.spongepowered.mixin/org.spongepowered.asm.mixin.transformer.MixinProcessor.checkSelect(MixinProcessor.java:438) ~[sponge-mixin-0.15.2+mixin.0.8.7.jar%2371!/:0.15.2+mixin.0.8.7]
	at MC-BOOTSTRAP/org.spongepowered.mixin/org.spongepowered.asm.mixin.transformer.MixinProcessor.applyMixins(MixinProcessor.java:290) ~[sponge-mixin-0.15.2+mixin.0.8.7.jar%2371!/:0.15.2+mixin.0.8.7]
	at MC-BOOTSTRAP/org.spongepowered.mixin/org.spongepowered.asm.mixin.transformer.MixinTransformer.transformClass(MixinTransformer.java:250) ~[sponge-mixin-0.15.2+mixin.0.8.7.jar%2371!/:0.15.2+mixin.0.8.7]
	at MC-BOOTSTRAP/org.spongepowered.mixin/org.spongepowered.asm.service.modlauncher.MixinTransformationHandler.processClass(MixinTransformationHandler.java:131) ~[sponge-mixin-0.15.2+mixin.0.8.7.jar%2371!/:0.15.2+mixin.0.8.7]
	at MC-BOOTSTRAP/org.spongepowered.mixin/org.spongepowered.asm.launch.MixinLaunchPluginLegacy.processClass(MixinLaunchPluginLegacy.java:131) ~[sponge-mixin-0.15.2+mixin.0.8.7.jar%2371!/:0.15.2+mixin.0.8.7]
	at MC-BOOTSTRAP/cpw.mods.modlauncher@11.0.5/cpw.mods.modlauncher.serviceapi.ILaunchPluginService.processClassWithFlags(ILaunchPluginService.java:156) ~[modlauncher-11.0.5.jar%2362!/:11.0.5+main.901c6ea8]
	at MC-BOOTSTRAP/cpw.mods.modlauncher@11.0.5/cpw.mods.modlauncher.LaunchPluginHandler.offerClassNodeToPlugins(LaunchPluginHandler.java:94) ~[modlauncher-11.0.5.jar%2362!/:?]
	at MC-BOOTSTRAP/cpw.mods.modlauncher@11.0.5/cpw.mods.modlauncher.ClassTransformer.transform(ClassTransformer.java:120) ~[modlauncher-11.0.5.jar%2362!/:?]
	at MC-BOOTSTRAP/cpw.mods.modlauncher@11.0.5/cpw.mods.modlauncher.TransformingClassLoader.maybeTransformClassBytes(TransformingClassLoader.java:57) ~[modlauncher-11.0.5.jar%2362!/:?]
	at cpw.mods.securejarhandler/cpw.mods.cl.ModuleClassLoader.readerToClass(ModuleClassLoader.java:190) ~[securejarhandler-3.0.8.jar:?]
	at cpw.mods.securejarhandler/cpw.mods.cl.ModuleClassLoader.lambda$findClass$20(ModuleClassLoader.java:298) ~[securejarhandler-3.0.8.jar:?]
	at cpw.mods.securejarhandler/cpw.mods.cl.ModuleClassLoader.loadFromModule(ModuleClassLoader.java:311) ~[securejarhandler-3.0.8.jar:?]
	at cpw.mods.securejarhandler/cpw.mods.cl.ModuleClassLoader.findClass(ModuleClassLoader.java:298) ~[securejarhandler-3.0.8.jar:?]
	at java.base/java.lang.ClassLoader.loadClass(ClassLoader.java:638) ~[?:?]
	at java.base/java.lang.Class.forName(Class.java:625) ~[?:?]
	at java.base/java.lang.Class.forName(Class.java:600) ~[?:?]
	at MC-BOOTSTRAP/fml_loader@4.0.41/net.neoforged.fml.loading.ImmediateWindowHandler$DummyProvider.lambda$updateModuleReads$1(ImmediateWindowHandler.java:173) ~[loader-4.0.41.jar%2357!/:4.0]
	at java.base/java.util.Optional.map(Optional.java:260) [?:?]
	at MC-BOOTSTRAP/fml_loader@4.0.41/net.neoforged.fml.loading.ImmediateWindowHandler$DummyProvider.updateModuleReads(ImmediateWindowHandler.java:173) [loader-4.0.41.jar%2357!/:4.0]
	at MC-BOOTSTRAP/fml_loader@4.0.41/net.neoforged.fml.loading.ImmediateWindowHandler.acceptGameLayer(ImmediateWindowHandler.java:94) [loader-4.0.41.jar%2357!/:4.0]
	at MC-BOOTSTRAP/fml_loader@4.0.41/net.neoforged.fml.loading.FMLLoader.beforeStart(FMLLoader.java:166) [loader-4.0.41.jar%2357!/:4.0]
	at MC-BOOTSTRAP/fml_loader@4.0.41/net.neoforged.fml.loading.targets.CommonLaunchHandler.launchService(CommonLaunchHandler.java:115) [loader-4.0.41.jar%2357!/:4.0]
	at MC-BOOTSTRAP/cpw.mods.modlauncher@11.0.5/cpw.mods.modlauncher.LaunchServiceHandlerDecorator.launch(LaunchServiceHandlerDecorator.java:30) [modlauncher-11.0.5.jar%2362!/:?]
	at MC-BOOTSTRAP/cpw.mods.modlauncher@11.0.5/cpw.mods.modlauncher.LaunchServiceHandler.launch(LaunchServiceHandler.java:53) [modlauncher-11.0.5.jar%2362!/:?]
	at MC-BOOTSTRAP/cpw.mods.modlauncher@11.0.5/cpw.mods.modlauncher.LaunchServiceHandler.launch(LaunchServiceHandler.java:71) [modlauncher-11.0.5.jar%2362!/:?]
	at MC-BOOTSTRAP/cpw.mods.modlauncher@11.0.5/cpw.mods.modlauncher.Launcher.run(Launcher.java:103) [modlauncher-11.0.5.jar%2362!/:?]
	at MC-BOOTSTRAP/cpw.mods.modlauncher@11.0.5/cpw.mods.modlauncher.Launcher.main(Launcher.java:74) [modlauncher-11.0.5.jar%2362!/:?]
	at MC-BOOTSTRAP/cpw.mods.modlauncher@11.0.5/cpw.mods.modlauncher.BootstrapLaunchConsumer.accept(BootstrapLaunchConsumer.java:26) [modlauncher-11.0.5.jar%2362!/:?]
	at MC-BOOTSTRAP/cpw.mods.modlauncher@11.0.5/cpw.mods.modlauncher.BootstrapLaunchConsumer.accept(BootstrapLaunchConsumer.java:23) [modlauncher-11.0.5.jar%2362!/:?]
	at cpw.mods.bootstraplauncher@2.0.2/cpw.mods.bootstraplauncher.BootstrapLauncher.run(BootstrapLauncher.java:210) [bootstraplauncher-2.0.2.jar:?]
	at cpw.mods.bootstraplauncher@2.0.2/cpw.mods.bootstraplauncher.BootstrapLauncher.main(BootstrapLauncher.java:69) [bootstraplauncher-2.0.2.jar:?]
	at java.base/jdk.internal.reflect.DirectMethodHandleAccessor.invoke(DirectMethodHandleAccessor.java:103) ~[?:?]
	at java.base/java.lang.reflect.Method.invoke(Method.java:580) ~[?:?]
	at net.neoforged.serverstarterjar.Main.mainLaunch(Main.java:297) [vanilla.jar:0.1.34]
	at net.neoforged.serverstarterjar.Main.main(Main.java:76) [vanilla.jar:0.1.34]
	at java.base/jdk.internal.reflect.DirectMethodHandleAccessor.invoke(DirectMethodHandleAccessor.java:103) ~[?:?]
	at java.base/java.lang.reflect.Method.invoke(Method.java:580) ~[?:?]
	at net.neoforged.serverstarterjar.Main8.main(Main8.java:19) [vanilla.jar:0.1.34]
[13Nov2025 07:43:46.068] [main/WARN] [mixin/]: Error loading class: com/github/tartaricacid/touhoulittlemaid/entity/passive/EntityMaid (java.lang.ClassNotFoundException: com.github.tartaricacid.touhoulittlemaid.entity.passive.EntityMaid)
[13Nov2025 07:43:46.068] [main/TRACE] [mixin/]: Added class metadata for com/github/tartaricacid/touhoulittlemaid/entity/passive/EntityMaid to metadata cache
[13Nov2025 07:43:46.068] [main/DEBUG] [mixin/]: Skipping virtual target com.github.tartaricacid.touhoulittlemaid.entity.passive.EntityMaid for iceandfire-neoforge.mixins.json:EntityMaidMixin from mod iceandfire
[13Nov2025 07:43:46.069] [main/DEBUG] [mixin/]: Preparing c2me-base.mixins.json (57)
[13Nov2025 07:43:46.078] [main/DEBUG] [net.neoforged.accesstransformer.AccessTransformer/AXFORM]: Transforming net.minecraft.world.level.levelgen.Aquifer$FluidStatus FIELD fluidLevel to access PUBLIC and LEAVE
[13Nov2025 07:43:46.078] [main/DEBUG] [net.neoforged.accesstransformer.AccessTransformer/AXFORM]: Transforming net.minecraft.world.level.levelgen.Aquifer$FluidStatus FIELD fluidType to access PUBLIC and LEAVE
[13Nov2025 07:43:46.078] [main/TRACE] [mixin/]: Added class metadata for net/minecraft/world/level/levelgen/Aquifer$FluidStatus to metadata cache
[13Nov2025 07:43:46.079] [main/TRACE] [mixin/]: Added class metadata for net/minecraft/world/level/levelgen/LegacyRandomSource$LegacyPositionalRandomFactory to metadata cache
[13Nov2025 07:43:46.082] [main/TRACE] [mixin/]: Added class metadata for net/minecraft/world/level/levelgen/BelowZeroRetrogen to metadata cache
[13Nov2025 07:43:46.084] [main/TRACE] [mixin/]: Added class metadata for net/minecraft/world/level/levelgen/blending/BlendingData to metadata cache
[13Nov2025 07:43:46.087] [main/DEBUG] [net.neoforged.accesstransformer.AccessTransformer/AXFORM]: Transforming net.minecraft.world.level.block.entity.BlockEntity FIELD blockState to access PUBLIC and LEAVE
[13Nov2025 07:43:46.088] [main/TRACE] [mixin/]: Added class metadata for net/minecraft/world/level/block/entity/BlockEntity to metadata cache
[13Nov2025 07:43:46.089] [main/TRACE] [mixin/]: Added class metadata for net/minecraft/world/level/levelgen/NoiseChunk$NoiseInterpolator to metadata cache
[13Nov2025 07:43:46.090] [main/TRACE] [mixin/]: Added class metadata for net/minecraft/world/level/chunk/LevelChunkSection to metadata cache
[13Nov2025 07:43:46.090] [main/TRACE] [mixin/]: Added class metadata for net/minecraft/server/level/Ticket to metadata cache
[13Nov2025 07:43:46.091] [main/DEBUG] [net.neoforged.accesstransformer.AccessTransformer/AXFORM]: Transforming net.minecraft.server.level.DistanceManager$FixedPlayerDistanceChunkTracker CLASS to access PUBLIC and LEAVE
[13Nov2025 07:43:46.091] [main/TRACE] [mixin/]: Added class metadata for net/minecraft/server/level/DistanceManager$FixedPlayerDistanceChunkTracker to metadata cache
[13Nov2025 07:43:46.092] [main/DEBUG] [net.neoforged.accesstransformer.AccessTransformer/AXFORM]: Transforming net.minecraft.server.level.DistanceManager$PlayerTicketTracker CLASS to access PUBLIC and LEAVE
[13Nov2025 07:43:46.093] [main/TRACE] [mixin/]: Added class metadata for net/minecraft/server/level/DistanceManager$PlayerTicketTracker to metadata cache
[13Nov2025 07:43:46.096] [main/TRACE] [mixin/]: Added class metadata for net/minecraft/world/ticks/LevelChunkTicks to metadata cache
[13Nov2025 07:43:46.097] [main/DEBUG] [net.neoforged.accesstransformer.AccessTransformer/AXFORM]: Transforming net.minecraft.world.level.levelgen.NoiseRouterData$QuantizedSpaghettiRarity CLASS to access PUBLIC and LEAVE
[13Nov2025 07:43:46.097] [main/TRACE] [mixin/]: Added class metadata for net/minecraft/world/level/levelgen/NoiseRouterData$QuantizedSpaghettiRarity to metadata cache
[13Nov2025 07:43:46.100] [main/TRACE] [mixin/]: Added class metadata for net/minecraft/world/level/levelgen/DensityFunctions$WeirdScaledSampler$RarityValueMapper to metadata cache
[13Nov2025 07:43:46.104] [main/TRACE] [mixin/]: Added class metadata for net/minecraft/world/level/material/FlowingFluid to metadata cache
[13Nov2025 07:43:46.106] [main/TRACE] [mixin/]: Added class metadata for net/minecraft/world/level/levelgen/synth/BlendedNoise to metadata cache
[13Nov2025 07:43:46.108] [main/DEBUG] [net.neoforged.accesstransformer.AccessTransformer/AXFORM]: Transforming net.minecraft.world.level.biome.MultiNoiseBiomeSource METHOD parameters()Lnet/minecraft/world/level/biome/Climate$ParameterList; to access PUBLIC and LEAVE
[13Nov2025 07:43:46.109] [main/TRACE] [mixin/]: Added class metadata for net/minecraft/world/level/biome/MultiNoiseBiomeSource to metadata cache
[13Nov2025 07:43:46.111] [main/DEBUG] [net.neoforged.accesstransformer.AccessTransformer/AXFORM]: Transforming net.minecraft.nbt.CompoundTag FIELD tags to access PUBLIC and LEAVE
[13Nov2025 07:43:46.111] [main/DEBUG] [net.neoforged.accesstransformer.AccessTransformer/AXFORM]: Transforming net.minecraft.nbt.CompoundTag METHOD <init>(Ljava/util/Map;)V to access PUBLIC and LEAVE
[13Nov2025 07:43:46.113] [main/TRACE] [mixin/]: Added class metadata for net/minecraft/nbt/CompoundTag to metadata cache
[13Nov2025 07:43:46.116] [main/DEBUG] [net.neoforged.accesstransformer.AccessTransformer/AXFORM]: Transforming net.minecraft.world.level.chunk.storage.RegionFileStorage CLASS to access PUBLIC and REMOVEFINAL
[13Nov2025 07:43:46.116] [main/DEBUG] [net.neoforged.accesstransformer.AccessTransformer/AXFORM]: Transforming net.minecraft.world.level.chunk.storage.RegionFileStorage METHOD <init>(Lnet/minecraft/world/level/chunk/storage/RegionStorageInfo;Ljava/nio/file/Path;Z)V to access PUBLIC and LEAVE
[13Nov2025 07:43:46.117] [main/TRACE] [mixin/]: Added class metadata for net/minecraft/world/level/chunk/storage/RegionFileStorage to metadata cache
[13Nov2025 07:43:46.119] [main/TRACE] [mixin/]: Added class metadata for net/minecraft/world/level/chunk/storage/RegionFile to metadata cache
[13Nov2025 07:43:46.120] [main/TRACE] [mixin/]: Added class metadata for net/minecraft/world/level/levelgen/SingleThreadedRandomSource to metadata cache
[13Nov2025 07:43:46.121] [main/TRACE] [mixin/]: Added class metadata for net/minecraft/world/ticks/ProtoChunkTicks to metadata cache
[13Nov2025 07:43:46.123] [main/DEBUG] [net.neoforged.accesstransformer.AccessTransformer/AXFORM]: Transforming net.minecraft.world.level.levelgen.synth.SimplexNoise FIELD GRADIENT to access PUBLIC and LEAVE
[13Nov2025 07:43:46.124] [main/TRACE] [mixin/]: Added class metadata for net/minecraft/world/level/levelgen/synth/SimplexNoise to metadata cache
[13Nov2025 07:43:46.125] [main/TRACE] [mixin/]: Added class metadata for net/minecraft/server/level/TickingTracker to metadata cache
[13Nov2025 07:43:46.127] [main/DEBUG] [net.neoforged.accesstransformer.AccessTransformer/AXFORM]: Transforming net.minecraft.world.level.block.state.StateHolder FIELD PROPERTY_ENTRY_TO_STRING_FUNCTION to access PUBLIC and LEAVE
[13Nov2025 07:43:46.128] [main/TRACE] [mixin/]: Added class metadata for net/minecraft/world/level/block/state/StateHolder to metadata cache
[13Nov2025 07:43:46.130] [main/DEBUG] [net.neoforged.accesstransformer.AccessTransformer/AXFORM]: Transforming net.minecraft.world.level.levelgen.Beardifier FIELD pieceIterator to access PROTECTED and LEAVE
[13Nov2025 07:43:46.130] [main/DEBUG] [net.neoforged.accesstransformer.AccessTransformer/AXFORM]: Transforming net.minecraft.world.level.levelgen.Beardifier FIELD junctionIterator to access PROTECTED and LEAVE
[13Nov2025 07:43:46.131] [main/DEBUG] [net.neoforged.accesstransformer.AccessTransformer/AXFORM]: Transforming net.minecraft.world.level.levelgen.Beardifier METHOD getBuryContribution(DDD)D to access PUBLIC and LEAVE
[13Nov2025 07:43:46.131] [main/DEBUG] [net.neoforged.accesstransformer.AccessTransformer/AXFORM]: Transforming net.minecraft.world.level.levelgen.Beardifier METHOD getBeardContribution(IIII)D to access PUBLIC and LEAVE
[13Nov2025 07:43:46.133] [main/TRACE] [mixin/]: Added class metadata for net/minecraft/world/level/levelgen/Beardifier to metadata cache
[13Nov2025 07:43:46.135] [main/TRACE] [mixin/]: Added class metadata for net/minecraft/server/level/ClientInformation to metadata cache
[13Nov2025 07:43:46.136] [main/DEBUG] [net.neoforged.accesstransformer.AccessTransformer/AXFORM]: Transforming net.minecraft.server.level.ChunkMap$DistanceManager CLASS to access PUBLIC and LEAVE
[13Nov2025 07:43:46.137] [main/TRACE] [mixin/]: Added class metadata for net/minecraft/server/level/ChunkMap$DistanceManager to metadata cache
[13Nov2025 07:43:46.140] [main/TRACE] [mixin/]: Added class metadata for net/minecraft/world/level/chunk/UpgradeData to metadata cache
[13Nov2025 07:43:46.141] [main/TRACE] [mixin/]: Added class metadata for net/minecraft/world/level/chunk/storage/ChunkStorage to metadata cache
[13Nov2025 07:43:46.142] [main/DEBUG] [net.neoforged.accesstransformer.AccessTransformer/AXFORM]: Transforming net.minecraft.world.entity.ai.behavior.ShufflingList METHOD <init>(Ljava/util/List;)V to access PUBLIC and LEAVE
[13Nov2025 07:43:46.143] [main/TRACE] [mixin/]: Added class metadata for net/minecraft/world/entity/ai/behavior/ShufflingList to metadata cache
[13Nov2025 07:43:46.144] [main/TRACE] [mixin/]: Added class metadata for net/minecraft/world/entity/ai/behavior/ShufflingList$WeightedEntry to metadata cache
[13Nov2025 07:43:46.145] [main/TRACE] [mixin/]: Added class metadata for net/minecraft/world/level/levelgen/XoroshiroRandomSource to metadata cache
[13Nov2025 07:43:46.145] [main/TRACE] [mixin/]: Added class metadata for net/minecraft/world/level/levelgen/XoroshiroRandomSource$XoroshiroPositionalRandomFactory to metadata cache
[13Nov2025 07:43:46.146] [main/TRACE] [mixin/]: Added class metadata for net/minecraft/world/level/levelgen/Xoroshiro128PlusPlus to metadata cache
[13Nov2025 07:43:46.149] [main/TRACE] [mixin/]: Added class metadata for net/minecraft/server/dedicated/ServerWatchdog to metadata cache
[13Nov2025 07:43:46.150] [main/DEBUG] [mixin/]: Preparing c2me-fixes-worldgen-vanilla-bugs.mixins.json (1)
[13Nov2025 07:43:46.150] [main/DEBUG] [mixin/]: Preparing c2me-opts-worldgen-vanilla.mixins.json (4)
[13Nov2025 07:43:46.154] [main/INFO] [C2ME Config System/]: Disabling config vanillaWorldGenOptimizations.optimizeStructureWeightSampler: Incompatible with twilightforest@4.6.3003 (*) (defined in c2me)
[13Nov2025 07:43:46.158] [main/DEBUG] [net.neoforged.accesstransformer.AccessTransformer/AXFORM]: Transforming net.minecraft.world.level.levelgen.Aquifer$NoiseBasedAquifer FIELD barrierNoise to access PROTECTED and LEAVE
[13Nov2025 07:43:46.158] [main/DEBUG] [net.neoforged.accesstransformer.AccessTransformer/AXFORM]: Transforming net.minecraft.world.level.levelgen.Aquifer$NoiseBasedAquifer FIELD lavaNoise to access PROTECTED and LEAVE
[13Nov2025 07:43:46.158] [main/DEBUG] [net.neoforged.accesstransformer.AccessTransformer/AXFORM]: Transforming net.minecraft.world.level.levelgen.Aquifer$NoiseBasedAquifer FIELD aquiferCache to access PROTECTED and LEAVE
[13Nov2025 07:43:46.158] [main/DEBUG] [net.neoforged.accesstransformer.AccessTransformer/AXFORM]: Transforming net.minecraft.world.level.levelgen.Aquifer$NoiseBasedAquifer FIELD aquiferLocationCache to access PROTECTED and LEAVE
[13Nov2025 07:43:46.158] [main/DEBUG] [net.neoforged.accesstransformer.AccessTransformer/AXFORM]: Transforming net.minecraft.world.level.levelgen.Aquifer$NoiseBasedAquifer FIELD shouldScheduleFluidUpdate to access PROTECTED and LEAVE
[13Nov2025 07:43:46.158] [main/DEBUG] [net.neoforged.accesstransformer.AccessTransformer/AXFORM]: Transforming net.minecraft.world.level.levelgen.Aquifer$NoiseBasedAquifer FIELD minGridX to access PROTECTED and LEAVE
[13Nov2025 07:43:46.158] [main/DEBUG] [net.neoforged.accesstransformer.AccessTransformer/AXFORM]: Transforming net.minecraft.world.level.levelgen.Aquifer$NoiseBasedAquifer FIELD minGridY to access PROTECTED and LEAVE
[13Nov2025 07:43:46.158] [main/DEBUG] [net.neoforged.accesstransformer.AccessTransformer/AXFORM]: Transforming net.minecraft.world.level.levelgen.Aquifer$NoiseBasedAquifer FIELD minGridZ to access PROTECTED and LEAVE
[13Nov2025 07:43:46.158] [main/DEBUG] [net.neoforged.accesstransformer.AccessTransformer/AXFORM]: Transforming net.minecraft.world.level.levelgen.Aquifer$NoiseBasedAquifer FIELD gridSizeX to access PROTECTED and LEAVE
[13Nov2025 07:43:46.158] [main/DEBUG] [net.neoforged.accesstransformer.AccessTransformer/AXFORM]: Transforming net.minecraft.world.level.levelgen.Aquifer$NoiseBasedAquifer FIELD gridSizeZ to access PROTECTED and LEAVE
[13Nov2025 07:43:46.158] [main/DEBUG] [net.neoforged.accesstransformer.AccessTransformer/AXFORM]: Transforming net.minecraft.world.level.levelgen.Aquifer$NoiseBasedAquifer METHOD getIndex(III)I to access PROTECTED and LEAVE
[13Nov2025 07:43:46.158] [main/DEBUG] [net.neoforged.accesstransformer.AccessTransformer/AXFORM]: Transforming net.minecraft.world.level.levelgen.Aquifer$NoiseBasedAquifer METHOD similarity(II)D to access PROTECTED and LEAVE
[13Nov2025 07:43:46.158] [main/DEBUG] [net.neoforged.accesstransformer.AccessTransformer/AXFORM]: Transforming net.minecraft.world.level.levelgen.Aquifer$NoiseBasedAquifer METHOD gridX(I)I to access PROTECTED and LEAVE
[13Nov2025 07:43:46.159] [main/DEBUG] [net.neoforged.accesstransformer.AccessTransformer/AXFORM]: Transforming net.minecraft.world.level.levelgen.Aquifer$NoiseBasedAquifer METHOD gridY(I)I to access PROTECTED and LEAVE
[13Nov2025 07:43:46.159] [main/DEBUG] [net.neoforged.accesstransformer.AccessTransformer/AXFORM]: Transforming net.minecraft.world.level.levelgen.Aquifer$NoiseBasedAquifer METHOD gridZ(I)I to access PROTECTED and LEAVE
[13Nov2025 07:43:46.161] [main/TRACE] [mixin/]: Added class metadata for net/minecraft/world/level/levelgen/Aquifer$NoiseBasedAquifer to metadata cache
[13Nov2025 07:43:46.161] [main/TRACE] [mixin/]: Added class metadata for net/minecraft/world/level/biome/TheEndBiomeSource to metadata cache
[13Nov2025 07:43:46.165] [main/DEBUG] [net.neoforged.accesstransformer.AccessTransformer/AXFORM]: Transforming net.minecraft.world.level.block.Block FIELD item to access PUBLIC and LEAVE
[13Nov2025 07:43:46.165] [main/DEBUG] [net.neoforged.accesstransformer.AccessTransformer/AXFORM]: Transforming net.minecraft.world.level.block.Block METHOD popExperience(Lnet/minecraft/server/level/ServerLevel;Lnet/minecraft/core/BlockPos;I)V to access PUBLIC and LEAVE
[13Nov2025 07:43:46.169] [main/TRACE] [mixin/]: Added class metadata for net/minecraft/world/level/block/Block to metadata cache
[13Nov2025 07:43:46.169] [main/DEBUG] [mixin/]: Preparing c2me-opts-scheduling.mixins.json (16)
[13Nov2025 07:43:46.174] [main/TRACE] [mixin/]: Added class metadata for net/minecraft/world/level/chunk/storage/EntityStorage to metadata cache
[13Nov2025 07:43:46.174] [main/DEBUG] [mixin/]: Preparing usefulbackpacks.mixins.json (1)
[13Nov2025 07:43:46.175] [main/DEBUG] [mixin/]: Preparing mixins.block_factorys_bosses.json (3)
[13Nov2025 07:43:46.176] [main/TRACE] [mixin/CATCHING]: Catching
java.lang.ClassNotFoundException: net.minecraft.client.model.PlayerModel
	at cpw.mods.securejarhandler/cpw.mods.cl.ModuleClassLoader.getMaybeTransformedClassBytes(ModuleClassLoader.java:334) ~[securejarhandler-3.0.8.jar:?]
	at MC-BOOTSTRAP/cpw.mods.modlauncher@11.0.5/cpw.mods.modlauncher.TransformingClassLoader.buildTransformedClassNodeFor(TransformingClassLoader.java:65) ~[modlauncher-11.0.5.jar%2362!/:?]
	at MC-BOOTSTRAP/cpw.mods.modlauncher@11.0.5/cpw.mods.modlauncher.LaunchPluginHandler.lambda$announceLaunch$10(LaunchPluginHandler.java:106) ~[modlauncher-11.0.5.jar%2362!/:?]
	at MC-BOOTSTRAP/org.spongepowered.mixin/org.spongepowered.asm.launch.MixinLaunchPluginLegacy.getClassNode(MixinLaunchPluginLegacy.java:227) ~[sponge-mixin-0.15.2+mixin.0.8.7.jar%2371!/:0.15.2+mixin.0.8.7]
	at MC-BOOTSTRAP/org.spongepowered.mixin/org.spongepowered.asm.mixin.transformer.ClassInfo.forName(ClassInfo.java:2029) ~[sponge-mixin-0.15.2+mixin.0.8.7.jar%2371!/:0.15.2+mixin.0.8.7]
	at MC-BOOTSTRAP/org.spongepowered.mixin/org.spongepowered.asm.mixin.transformer.MixinInfo.getTargetClass(MixinInfo.java:1017) ~[sponge-mixin-0.15.2+mixin.0.8.7.jar%2371!/:0.15.2+mixin.0.8.7]
	at MC-BOOTSTRAP/org.spongepowered.mixin/org.spongepowered.asm.mixin.transformer.MixinInfo.readTargetClasses(MixinInfo.java:1007) ~[sponge-mixin-0.15.2+mixin.0.8.7.jar%2371!/:0.15.2+mixin.0.8.7]
	at MC-BOOTSTRAP/org.spongepowered.mixin/org.spongepowered.asm.mixin.transformer.MixinInfo.parseTargets(MixinInfo.java:895) ~[sponge-mixin-0.15.2+mixin.0.8.7.jar%2371!/:0.15.2+mixin.0.8.7]
	at MC-BOOTSTRAP/org.spongepowered.mixin/org.spongepowered.asm.mixin.transformer.MixinConfig.prepareMixins(MixinConfig.java:950) ~[sponge-mixin-0.15.2+mixin.0.8.7.jar%2371!/:0.15.2+mixin.0.8.7]
	at MC-BOOTSTRAP/org.spongepowered.mixin/org.spongepowered.asm.mixin.transformer.MixinConfig.prepare(MixinConfig.java:858) ~[sponge-mixin-0.15.2+mixin.0.8.7.jar%2371!/:0.15.2+mixin.0.8.7]
	at MC-BOOTSTRAP/org.spongepowered.mixin/org.spongepowered.asm.mixin.transformer.MixinProcessor.prepareConfigs(MixinProcessor.java:540) ~[sponge-mixin-0.15.2+mixin.0.8.7.jar%2371!/:0.15.2+mixin.0.8.7]
	at MC-BOOTSTRAP/org.spongepowered.mixin/org.spongepowered.asm.mixin.transformer.MixinProcessor.select(MixinProcessor.java:462) ~[sponge-mixin-0.15.2+mixin.0.8.7.jar%2371!/:0.15.2+mixin.0.8.7]
	at MC-BOOTSTRAP/org.spongepowered.mixin/org.spongepowered.asm.mixin.transformer.MixinProcessor.checkSelect(MixinProcessor.java:438) ~[sponge-mixin-0.15.2+mixin.0.8.7.jar%2371!/:0.15.2+mixin.0.8.7]
	at MC-BOOTSTRAP/org.spongepowered.mixin/org.spongepowered.asm.mixin.transformer.MixinProcessor.applyMixins(MixinProcessor.java:290) ~[sponge-mixin-0.15.2+mixin.0.8.7.jar%2371!/:0.15.2+mixin.0.8.7]
	at MC-BOOTSTRAP/org.spongepowered.mixin/org.spongepowered.asm.mixin.transformer.MixinTransformer.transformClass(MixinTransformer.java:250) ~[sponge-mixin-0.15.2+mixin.0.8.7.jar%2371!/:0.15.2+mixin.0.8.7]
	at MC-BOOTSTRAP/org.spongepowered.mixin/org.spongepowered.asm.service.modlauncher.MixinTransformationHandler.processClass(MixinTransformationHandler.java:131) ~[sponge-mixin-0.15.2+mixin.0.8.7.jar%2371!/:0.15.2+mixin.0.8.7]
	at MC-BOOTSTRAP/org.spongepowered.mixin/org.spongepowered.asm.launch.MixinLaunchPluginLegacy.processClass(MixinLaunchPluginLegacy.java:131) ~[sponge-mixin-0.15.2+mixin.0.8.7.jar%2371!/:0.15.2+mixin.0.8.7]
	at MC-BOOTSTRAP/cpw.mods.modlauncher@11.0.5/cpw.mods.modlauncher.serviceapi.ILaunchPluginService.processClassWithFlags(ILaunchPluginService.java:156) ~[modlauncher-11.0.5.jar%2362!/:11.0.5+main.901c6ea8]
	at MC-BOOTSTRAP/cpw.mods.modlauncher@11.0.5/cpw.mods.modlauncher.LaunchPluginHandler.offerClassNodeToPlugins(LaunchPluginHandler.java:94) ~[modlauncher-11.0.5.jar%2362!/:?]
	at MC-BOOTSTRAP/cpw.mods.modlauncher@11.0.5/cpw.mods.modlauncher.ClassTransformer.transform(ClassTransformer.java:120) ~[modlauncher-11.0.5.jar%2362!/:?]
	at MC-BOOTSTRAP/cpw.mods.modlauncher@11.0.5/cpw.mods.modlauncher.TransformingClassLoader.maybeTransformClassBytes(TransformingClassLoader.java:57) ~[modlauncher-11.0.5.jar%2362!/:?]
	at cpw.mods.securejarhandler/cpw.mods.cl.ModuleClassLoader.readerToClass(ModuleClassLoader.java:190) ~[securejarhandler-3.0.8.jar:?]
	at cpw.mods.securejarhandler/cpw.mods.cl.ModuleClassLoader.lambda$findClass$20(ModuleClassLoader.java:298) ~[securejarhandler-3.0.8.jar:?]
	at cpw.mods.securejarhandler/cpw.mods.cl.ModuleClassLoader.loadFromModule(ModuleClassLoader.java:311) ~[securejarhandler-3.0.8.jar:?]
	at cpw.mods.securejarhandler/cpw.mods.cl.ModuleClassLoader.findClass(ModuleClassLoader.java:298) ~[securejarhandler-3.0.8.jar:?]
	at java.base/java.lang.ClassLoader.loadClass(ClassLoader.java:638) ~[?:?]
	at java.base/java.lang.Class.forName(Class.java:625) ~[?:?]
	at java.base/java.lang.Class.forName(Class.java:600) ~[?:?]
	at MC-BOOTSTRAP/fml_loader@4.0.41/net.neoforged.fml.loading.ImmediateWindowHandler$DummyProvider.lambda$updateModuleReads$1(ImmediateWindowHandler.java:173) ~[loader-4.0.41.jar%2357!/:4.0]
	at java.base/java.util.Optional.map(Optional.java:260) [?:?]
	at MC-BOOTSTRAP/fml_loader@4.0.41/net.neoforged.fml.loading.ImmediateWindowHandler$DummyProvider.updateModuleReads(ImmediateWindowHandler.java:173) [loader-4.0.41.jar%2357!/:4.0]
	at MC-BOOTSTRAP/fml_loader@4.0.41/net.neoforged.fml.loading.ImmediateWindowHandler.acceptGameLayer(ImmediateWindowHandler.java:94) [loader-4.0.41.jar%2357!/:4.0]
	at MC-BOOTSTRAP/fml_loader@4.0.41/net.neoforged.fml.loading.FMLLoader.beforeStart(FMLLoader.java:166) [loader-4.0.41.jar%2357!/:4.0]
	at MC-BOOTSTRAP/fml_loader@4.0.41/net.neoforged.fml.loading.targets.CommonLaunchHandler.launchService(CommonLaunchHandler.java:115) [loader-4.0.41.jar%2357!/:4.0]
	at MC-BOOTSTRAP/cpw.mods.modlauncher@11.0.5/cpw.mods.modlauncher.LaunchServiceHandlerDecorator.launch(LaunchServiceHandlerDecorator.java:30) [modlauncher-11.0.5.jar%2362!/:?]
	at MC-BOOTSTRAP/cpw.mods.modlauncher@11.0.5/cpw.mods.modlauncher.LaunchServiceHandler.launch(LaunchServiceHandler.java:53) [modlauncher-11.0.5.jar%2362!/:?]
	at MC-BOOTSTRAP/cpw.mods.modlauncher@11.0.5/cpw.mods.modlauncher.LaunchServiceHandler.launch(LaunchServiceHandler.java:71) [modlauncher-11.0.5.jar%2362!/:?]
	at MC-BOOTSTRAP/cpw.mods.modlauncher@11.0.5/cpw.mods.modlauncher.Launcher.run(Launcher.java:103) [modlauncher-11.0.5.jar%2362!/:?]
	at MC-BOOTSTRAP/cpw.mods.modlauncher@11.0.5/cpw.mods.modlauncher.Launcher.main(Launcher.java:74) [modlauncher-11.0.5.jar%2362!/:?]
	at MC-BOOTSTRAP/cpw.mods.modlauncher@11.0.5/cpw.mods.modlauncher.BootstrapLaunchConsumer.accept(BootstrapLaunchConsumer.java:26) [modlauncher-11.0.5.jar%2362!/:?]
	at MC-BOOTSTRAP/cpw.mods.modlauncher@11.0.5/cpw.mods.modlauncher.BootstrapLaunchConsumer.accept(BootstrapLaunchConsumer.java:23) [modlauncher-11.0.5.jar%2362!/:?]
	at cpw.mods.bootstraplauncher@2.0.2/cpw.mods.bootstraplauncher.BootstrapLauncher.run(BootstrapLauncher.java:210) [bootstraplauncher-2.0.2.jar:?]
	at cpw.mods.bootstraplauncher@2.0.2/cpw.mods.bootstraplauncher.BootstrapLauncher.main(BootstrapLauncher.java:69) [bootstraplauncher-2.0.2.jar:?]
	at java.base/jdk.internal.reflect.DirectMethodHandleAccessor.invoke(DirectMethodHandleAccessor.java:103) ~[?:?]
	at java.base/java.lang.reflect.Method.invoke(Method.java:580) ~[?:?]
	at net.neoforged.serverstarterjar.Main.mainLaunch(Main.java:297) [vanilla.jar:0.1.34]
	at net.neoforged.serverstarterjar.Main.main(Main.java:76) [vanilla.jar:0.1.34]
	at java.base/jdk.internal.reflect.DirectMethodHandleAccessor.invoke(DirectMethodHandleAccessor.java:103) ~[?:?]
	at java.base/java.lang.reflect.Method.invoke(Method.java:580) ~[?:?]
	at net.neoforged.serverstarterjar.Main8.main(Main8.java:19) [vanilla.jar:0.1.34]
[13Nov2025 07:43:46.177] [main/WARN] [mixin/]: Error loading class: net/minecraft/client/model/PlayerModel (java.lang.ClassNotFoundException: net.minecraft.client.model.PlayerModel)
[13Nov2025 07:43:46.177] [main/TRACE] [mixin/]: Added class metadata for net/minecraft/client/model/PlayerModel to metadata cache
[13Nov2025 07:43:46.177] [main/WARN] [mixin/]: @Mixin target net.minecraft.client.model.PlayerModel was not found mixins.block_factorys_bosses.json:PlayerRollMixin from mod block_factorys_bosses
[13Nov2025 07:43:46.179] [main/TRACE] [mixin/]: Added class metadata for net/minecraft/world/level/levelgen/structure/structures/JigsawStructure to metadata cache
[13Nov2025 07:43:46.180] [main/TRACE] [mixin/]: Added class metadata for net/minecraft/world/level/levelgen/feature/BasaltColumnsFeature to metadata cache
[13Nov2025 07:43:46.180] [main/DEBUG] [mixin/]: Preparing c2me-fixes-chunkio-threading-issues.mixins.json (1)
[13Nov2025 07:43:46.181] [main/TRACE] [mixin/]: Added class metadata for net/minecraft/world/level/levelgen/structure/pools/StructurePoolElement to metadata cache
[13Nov2025 07:43:46.181] [main/DEBUG] [mixin/]: Preparing c2me-client-uncapvd.mixins.json (5)
[13Nov2025 07:43:46.184] [main/TRACE] [mixin/CATCHING]: Catching
java.lang.ClassNotFoundException: net.minecraft.client.OptionInstance
	at cpw.mods.securejarhandler/cpw.mods.cl.ModuleClassLoader.getMaybeTransformedClassBytes(ModuleClassLoader.java:334) ~[securejarhandler-3.0.8.jar:?]
	at MC-BOOTSTRAP/cpw.mods.modlauncher@11.0.5/cpw.mods.modlauncher.TransformingClassLoader.buildTransformedClassNodeFor(TransformingClassLoader.java:65) ~[modlauncher-11.0.5.jar%2362!/:?]
	at MC-BOOTSTRAP/cpw.mods.modlauncher@11.0.5/cpw.mods.modlauncher.LaunchPluginHandler.lambda$announceLaunch$10(LaunchPluginHandler.java:106) ~[modlauncher-11.0.5.jar%2362!/:?]
	at MC-BOOTSTRAP/org.spongepowered.mixin/org.spongepowered.asm.launch.MixinLaunchPluginLegacy.getClassNode(MixinLaunchPluginLegacy.java:227) ~[sponge-mixin-0.15.2+mixin.0.8.7.jar%2371!/:0.15.2+mixin.0.8.7]
	at MC-BOOTSTRAP/org.spongepowered.mixin/org.spongepowered.asm.mixin.transformer.ClassInfo.forName(ClassInfo.java:2029) ~[sponge-mixin-0.15.2+mixin.0.8.7.jar%2371!/:0.15.2+mixin.0.8.7]
	at MC-BOOTSTRAP/org.spongepowered.mixin/org.spongepowered.asm.mixin.transformer.MixinInfo.getTargetClass(MixinInfo.java:1017) ~[sponge-mixin-0.15.2+mixin.0.8.7.jar%2371!/:0.15.2+mixin.0.8.7]
	at MC-BOOTSTRAP/org.spongepowered.mixin/org.spongepowered.asm.mixin.transformer.MixinInfo.readTargetClasses(MixinInfo.java:1007) ~[sponge-mixin-0.15.2+mixin.0.8.7.jar%2371!/:0.15.2+mixin.0.8.7]
	at MC-BOOTSTRAP/org.spongepowered.mixin/org.spongepowered.asm.mixin.transformer.MixinInfo.parseTargets(MixinInfo.java:895) ~[sponge-mixin-0.15.2+mixin.0.8.7.jar%2371!/:0.15.2+mixin.0.8.7]
	at MC-BOOTSTRAP/org.spongepowered.mixin/org.spongepowered.asm.mixin.transformer.MixinConfig.prepareMixins(MixinConfig.java:950) ~[sponge-mixin-0.15.2+mixin.0.8.7.jar%2371!/:0.15.2+mixin.0.8.7]
	at MC-BOOTSTRAP/org.spongepowered.mixin/org.spongepowered.asm.mixin.transformer.MixinConfig.prepare(MixinConfig.java:858) ~[sponge-mixin-0.15.2+mixin.0.8.7.jar%2371!/:0.15.2+mixin.0.8.7]
	at MC-BOOTSTRAP/org.spongepowered.mixin/org.spongepowered.asm.mixin.transformer.MixinProcessor.prepareConfigs(MixinProcessor.java:540) ~[sponge-mixin-0.15.2+mixin.0.8.7.jar%2371!/:0.15.2+mixin.0.8.7]
	at MC-BOOTSTRAP/org.spongepowered.mixin/org.spongepowered.asm.mixin.transformer.MixinProcessor.select(MixinProcessor.java:462) ~[sponge-mixin-0.15.2+mixin.0.8.7.jar%2371!/:0.15.2+mixin.0.8.7]
	at MC-BOOTSTRAP/org.spongepowered.mixin/org.spongepowered.asm.mixin.transformer.MixinProcessor.checkSelect(MixinProcessor.java:438) ~[sponge-mixin-0.15.2+mixin.0.8.7.jar%2371!/:0.15.2+mixin.0.8.7]
	at MC-BOOTSTRAP/org.spongepowered.mixin/org.spongepowered.asm.mixin.transformer.MixinProcessor.applyMixins(MixinProcessor.java:290) ~[sponge-mixin-0.15.2+mixin.0.8.7.jar%2371!/:0.15.2+mixin.0.8.7]
	at MC-BOOTSTRAP/org.spongepowered.mixin/org.spongepowered.asm.mixin.transformer.MixinTransformer.transformClass(MixinTransformer.java:250) ~[sponge-mixin-0.15.2+mixin.0.8.7.jar%2371!/:0.15.2+mixin.0.8.7]
	at MC-BOOTSTRAP/org.spongepowered.mixin/org.spongepowered.asm.service.modlauncher.MixinTransformationHandler.processClass(MixinTransformationHandler.java:131) ~[sponge-mixin-0.15.2+mixin.0.8.7.jar%2371!/:0.15.2+mixin.0.8.7]
	at MC-BOOTSTRAP/org.spongepowered.mixin/org.spongepowered.asm.launch.MixinLaunchPluginLegacy.processClass(MixinLaunchPluginLegacy.java:131) ~[sponge-mixin-0.15.2+mixin.0.8.7.jar%2371!/:0.15.2+mixin.0.8.7]
	at MC-BOOTSTRAP/cpw.mods.modlauncher@11.0.5/cpw.mods.modlauncher.serviceapi.ILaunchPluginService.processClassWithFlags(ILaunchPluginService.java:156) ~[modlauncher-11.0.5.jar%2362!/:11.0.5+main.901c6ea8]
	at MC-BOOTSTRAP/cpw.mods.modlauncher@11.0.5/cpw.mods.modlauncher.LaunchPluginHandler.offerClassNodeToPlugins(LaunchPluginHandler.java:94) ~[modlauncher-11.0.5.jar%2362!/:?]
	at MC-BOOTSTRAP/cpw.mods.modlauncher@11.0.5/cpw.mods.modlauncher.ClassTransformer.transform(ClassTransformer.java:120) ~[modlauncher-11.0.5.jar%2362!/:?]
	at MC-BOOTSTRAP/cpw.mods.modlauncher@11.0.5/cpw.mods.modlauncher.TransformingClassLoader.maybeTransformClassBytes(TransformingClassLoader.java:57) ~[modlauncher-11.0.5.jar%2362!/:?]
	at cpw.mods.securejarhandler/cpw.mods.cl.ModuleClassLoader.readerToClass(ModuleClassLoader.java:190) ~[securejarhandler-3.0.8.jar:?]
	at cpw.mods.securejarhandler/cpw.mods.cl.ModuleClassLoader.lambda$findClass$20(ModuleClassLoader.java:298) ~[securejarhandler-3.0.8.jar:?]
	at cpw.mods.securejarhandler/cpw.mods.cl.ModuleClassLoader.loadFromModule(ModuleClassLoader.java:311) ~[securejarhandler-3.0.8.jar:?]
	at cpw.mods.securejarhandler/cpw.mods.cl.ModuleClassLoader.findClass(ModuleClassLoader.java:298) ~[securejarhandler-3.0.8.jar:?]
	at java.base/java.lang.ClassLoader.loadClass(ClassLoader.java:638) ~[?:?]
	at java.base/java.lang.Class.forName(Class.java:625) ~[?:?]
	at java.base/java.lang.Class.forName(Class.java:600) ~[?:?]
	at MC-BOOTSTRAP/fml_loader@4.0.41/net.neoforged.fml.loading.ImmediateWindowHandler$DummyProvider.lambda$updateModuleReads$1(ImmediateWindowHandler.java:173) ~[loader-4.0.41.jar%2357!/:4.0]
	at java.base/java.util.Optional.map(Optional.java:260) [?:?]
	at MC-BOOTSTRAP/fml_loader@4.0.41/net.neoforged.fml.loading.ImmediateWindowHandler$DummyProvider.updateModuleReads(ImmediateWindowHandler.java:173) [loader-4.0.41.jar%2357!/:4.0]
	at MC-BOOTSTRAP/fml_loader@4.0.41/net.neoforged.fml.loading.ImmediateWindowHandler.acceptGameLayer(ImmediateWindowHandler.java:94) [loader-4.0.41.jar%2357!/:4.0]
	at MC-BOOTSTRAP/fml_loader@4.0.41/net.neoforged.fml.loading.FMLLoader.beforeStart(FMLLoader.java:166) [loader-4.0.41.jar%2357!/:4.0]
	at MC-BOOTSTRAP/fml_loader@4.0.41/net.neoforged.fml.loading.targets.CommonLaunchHandler.launchService(CommonLaunchHandler.java:115) [loader-4.0.41.jar%2357!/:4.0]
	at MC-BOOTSTRAP/cpw.mods.modlauncher@11.0.5/cpw.mods.modlauncher.LaunchServiceHandlerDecorator.launch(LaunchServiceHandlerDecorator.java:30) [modlauncher-11.0.5.jar%2362!/:?]
	at MC-BOOTSTRAP/cpw.mods.modlauncher@11.0.5/cpw.mods.modlauncher.LaunchServiceHandler.launch(LaunchServiceHandler.java:53) [modlauncher-11.0.5.jar%2362!/:?]
	at MC-BOOTSTRAP/cpw.mods.modlauncher@11.0.5/cpw.mods.modlauncher.LaunchServiceHandler.launch(LaunchServiceHandler.java:71) [modlauncher-11.0.5.jar%2362!/:?]
	at MC-BOOTSTRAP/cpw.mods.modlauncher@11.0.5/cpw.mods.modlauncher.Launcher.run(Launcher.java:103) [modlauncher-11.0.5.jar%2362!/:?]
	at MC-BOOTSTRAP/cpw.mods.modlauncher@11.0.5/cpw.mods.modlauncher.Launcher.main(Launcher.java:74) [modlauncher-11.0.5.jar%2362!/:?]
	at MC-BOOTSTRAP/cpw.mods.modlauncher@11.0.5/cpw.mods.modlauncher.BootstrapLaunchConsumer.accept(BootstrapLaunchConsumer.java:26) [modlauncher-11.0.5.jar%2362!/:?]
	at MC-BOOTSTRAP/cpw.mods.modlauncher@11.0.5/cpw.mods.modlauncher.BootstrapLaunchConsumer.accept(BootstrapLaunchConsumer.java:23) [modlauncher-11.0.5.jar%2362!/:?]
	at cpw.mods.bootstraplauncher@2.0.2/cpw.mods.bootstraplauncher.BootstrapLauncher.run(BootstrapLauncher.java:210) [bootstraplauncher-2.0.2.jar:?]
	at cpw.mods.bootstraplauncher@2.0.2/cpw.mods.bootstraplauncher.BootstrapLauncher.main(BootstrapLauncher.java:69) [bootstraplauncher-2.0.2.jar:?]
	at java.base/jdk.internal.reflect.DirectMethodHandleAccessor.invoke(DirectMethodHandleAccessor.java:103) ~[?:?]
	at java.base/java.lang.reflect.Method.invoke(Method.java:580) ~[?:?]
	at net.neoforged.serverstarterjar.Main.mainLaunch(Main.java:297) [vanilla.jar:0.1.34]
	at net.neoforged.serverstarterjar.Main.main(Main.java:76) [vanilla.jar:0.1.34]
	at java.base/jdk.internal.reflect.DirectMethodHandleAccessor.invoke(DirectMethodHandleAccessor.java:103) ~[?:?]
	at java.base/java.lang.reflect.Method.invoke(Method.java:580) ~[?:?]
	at net.neoforged.serverstarterjar.Main8.main(Main8.java:19) [vanilla.jar:0.1.34]
[13Nov2025 07:43:46.184] [main/WARN] [mixin/]: Error loading class: net/minecraft/client/OptionInstance (java.lang.ClassNotFoundException: net.minecraft.client.OptionInstance)
[13Nov2025 07:43:46.184] [main/TRACE] [mixin/]: Added class metadata for net/minecraft/client/OptionInstance to metadata cache
[13Nov2025 07:43:46.184] [main/WARN] [mixin/]: @Mixin target net.minecraft.client.OptionInstance was not found c2me-client-uncapvd.mixins.json:ISimpleOption from mod c2me_client_uncapvd
[13Nov2025 07:43:46.189] [main/DEBUG] [net.neoforged.accesstransformer.AccessTransformer/AXFORM]: Transforming net.minecraft.client.Options INNERCLASS FieldAccess to access PUBLIC and LEAVE
[13Nov2025 07:43:46.189] [main/DEBUG] [net.neoforged.accesstransformer.AccessTransformer/AXFORM]: Transforming net.minecraft.client.Options FIELD serverRenderDistance to access PUBLIC and LEAVE
[13Nov2025 07:43:46.190] [main/DEBUG] [net.neoforged.accesstransformer.AccessTransformer/AXFORM]: Transforming net.minecraft.client.Options FIELD keyMappings to access PUBLIC and REMOVEFINAL
[13Nov2025 07:43:46.190] [main/DEBUG] [net.neoforged.accesstransformer.AccessTransformer/AXFORM]: Transforming net.minecraft.client.Options FIELD gamma to access PUBLIC and REMOVEFINAL
[13Nov2025 07:43:46.190] [main/ERROR] [net.neoforged.fml.common.asm.RuntimeDistCleaner/DISTXFORM]: Attempted to load class net/minecraft/client/Options for invalid dist DEDICATED_SERVER
[13Nov2025 07:43:46.190] [main/TRACE] [mixin/CATCHING]: Catching
java.lang.RuntimeException: Attempted to load class net/minecraft/client/Options for invalid dist DEDICATED_SERVER
	at MC-BOOTSTRAP/fml_loader@4.0.41/net.neoforged.fml.common.asm.RuntimeDistCleaner.processClassWithFlags(RuntimeDistCleaner.java:60) ~[loader-4.0.41.jar%2357!/:4.0]
	at MC-BOOTSTRAP/cpw.mods.modlauncher@11.0.5/cpw.mods.modlauncher.LaunchPluginHandler.offerClassNodeToPlugins(LaunchPluginHandler.java:94) ~[modlauncher-11.0.5.jar%2362!/:?]
	at MC-BOOTSTRAP/cpw.mods.modlauncher@11.0.5/cpw.mods.modlauncher.ClassTransformer.transform(ClassTransformer.java:120) ~[modlauncher-11.0.5.jar%2362!/:?]
	at MC-BOOTSTRAP/cpw.mods.modlauncher@11.0.5/cpw.mods.modlauncher.TransformingClassLoader.maybeTransformClassBytes(TransformingClassLoader.java:57) ~[modlauncher-11.0.5.jar%2362!/:?]
	at cpw.mods.securejarhandler/cpw.mods.cl.ModuleClassLoader.getMaybeTransformedClassBytes(ModuleClassLoader.java:332) ~[securejarhandler-3.0.8.jar:?]
	at MC-BOOTSTRAP/cpw.mods.modlauncher@11.0.5/cpw.mods.modlauncher.TransformingClassLoader.buildTransformedClassNodeFor(TransformingClassLoader.java:65) ~[modlauncher-11.0.5.jar%2362!/:?]
	at MC-BOOTSTRAP/cpw.mods.modlauncher@11.0.5/cpw.mods.modlauncher.LaunchPluginHandler.lambda$announceLaunch$10(LaunchPluginHandler.java:106) ~[modlauncher-11.0.5.jar%2362!/:?]
	at MC-BOOTSTRAP/org.spongepowered.mixin/org.spongepowered.asm.launch.MixinLaunchPluginLegacy.getClassNode(MixinLaunchPluginLegacy.java:227) ~[sponge-mixin-0.15.2+mixin.0.8.7.jar%2371!/:0.15.2+mixin.0.8.7]
	at MC-BOOTSTRAP/org.spongepowered.mixin/org.spongepowered.asm.mixin.transformer.ClassInfo.forName(ClassInfo.java:2029) ~[sponge-mixin-0.15.2+mixin.0.8.7.jar%2371!/:0.15.2+mixin.0.8.7]
	at MC-BOOTSTRAP/org.spongepowered.mixin/org.spongepowered.asm.mixin.transformer.MixinInfo.getTargetClass(MixinInfo.java:1017) ~[sponge-mixin-0.15.2+mixin.0.8.7.jar%2371!/:0.15.2+mixin.0.8.7]
	at MC-BOOTSTRAP/org.spongepowered.mixin/org.spongepowered.asm.mixin.transformer.MixinInfo.readTargetClasses(MixinInfo.java:1007) ~[sponge-mixin-0.15.2+mixin.0.8.7.jar%2371!/:0.15.2+mixin.0.8.7]
	at MC-BOOTSTRAP/org.spongepowered.mixin/org.spongepowered.asm.mixin.transformer.MixinInfo.parseTargets(MixinInfo.java:895) ~[sponge-mixin-0.15.2+mixin.0.8.7.jar%2371!/:0.15.2+mixin.0.8.7]
	at MC-BOOTSTRAP/org.spongepowered.mixin/org.spongepowered.asm.mixin.transformer.MixinConfig.prepareMixins(MixinConfig.java:950) ~[sponge-mixin-0.15.2+mixin.0.8.7.jar%2371!/:0.15.2+mixin.0.8.7]
	at MC-BOOTSTRAP/org.spongepowered.mixin/org.spongepowered.asm.mixin.transformer.MixinConfig.prepare(MixinConfig.java:858) ~[sponge-mixin-0.15.2+mixin.0.8.7.jar%2371!/:0.15.2+mixin.0.8.7]
	at MC-BOOTSTRAP/org.spongepowered.mixin/org.spongepowered.asm.mixin.transformer.MixinProcessor.prepareConfigs(MixinProcessor.java:540) ~[sponge-mixin-0.15.2+mixin.0.8.7.jar%2371!/:0.15.2+mixin.0.8.7]
	at MC-BOOTSTRAP/org.spongepowered.mixin/org.spongepowered.asm.mixin.transformer.MixinProcessor.select(MixinProcessor.java:462) ~[sponge-mixin-0.15.2+mixin.0.8.7.jar%2371!/:0.15.2+mixin.0.8.7]
	at MC-BOOTSTRAP/org.spongepowered.mixin/org.spongepowered.asm.mixin.transformer.MixinProcessor.checkSelect(MixinProcessor.java:438) ~[sponge-mixin-0.15.2+mixin.0.8.7.jar%2371!/:0.15.2+mixin.0.8.7]
	at MC-BOOTSTRAP/org.spongepowered.mixin/org.spongepowered.asm.mixin.transformer.MixinProcessor.applyMixins(MixinProcessor.java:290) ~[sponge-mixin-0.15.2+mixin.0.8.7.jar%2371!/:0.15.2+mixin.0.8.7]
	at MC-BOOTSTRAP/org.spongepowered.mixin/org.spongepowered.asm.mixin.transformer.MixinTransformer.transformClass(MixinTransformer.java:250) ~[sponge-mixin-0.15.2+mixin.0.8.7.jar%2371!/:0.15.2+mixin.0.8.7]
	at MC-BOOTSTRAP/org.spongepowered.mixin/org.spongepowered.asm.service.modlauncher.MixinTransformationHandler.processClass(MixinTransformationHandler.java:131) ~[sponge-mixin-0.15.2+mixin.0.8.7.jar%2371!/:0.15.2+mixin.0.8.7]
	at MC-BOOTSTRAP/org.spongepowered.mixin/org.spongepowered.asm.launch.MixinLaunchPluginLegacy.processClass(MixinLaunchPluginLegacy.java:131) ~[sponge-mixin-0.15.2+mixin.0.8.7.jar%2371!/:0.15.2+mixin.0.8.7]
	at MC-BOOTSTRAP/cpw.mods.modlauncher@11.0.5/cpw.mods.modlauncher.serviceapi.ILaunchPluginService.processClassWithFlags(ILaunchPluginService.java:156) ~[modlauncher-11.0.5.jar%2362!/:11.0.5+main.901c6ea8]
	at MC-BOOTSTRAP/cpw.mods.modlauncher@11.0.5/cpw.mods.modlauncher.LaunchPluginHandler.offerClassNodeToPlugins(LaunchPluginHandler.java:94) ~[modlauncher-11.0.5.jar%2362!/:?]
	at MC-BOOTSTRAP/cpw.mods.modlauncher@11.0.5/cpw.mods.modlauncher.ClassTransformer.transform(ClassTransformer.java:120) ~[modlauncher-11.0.5.jar%2362!/:?]
	at MC-BOOTSTRAP/cpw.mods.modlauncher@11.0.5/cpw.mods.modlauncher.TransformingClassLoader.maybeTransformClassBytes(TransformingClassLoader.java:57) ~[modlauncher-11.0.5.jar%2362!/:?]
	at cpw.mods.securejarhandler/cpw.mods.cl.ModuleClassLoader.readerToClass(ModuleClassLoader.java:190) ~[securejarhandler-3.0.8.jar:?]
	at cpw.mods.securejarhandler/cpw.mods.cl.ModuleClassLoader.lambda$findClass$20(ModuleClassLoader.java:298) ~[securejarhandler-3.0.8.jar:?]
	at cpw.mods.securejarhandler/cpw.mods.cl.ModuleClassLoader.loadFromModule(ModuleClassLoader.java:311) ~[securejarhandler-3.0.8.jar:?]
	at cpw.mods.securejarhandler/cpw.mods.cl.ModuleClassLoader.findClass(ModuleClassLoader.java:298) ~[securejarhandler-3.0.8.jar:?]
	at java.base/java.lang.ClassLoader.loadClass(ClassLoader.java:638) ~[?:?]
	at java.base/java.lang.Class.forName(Class.java:625) ~[?:?]
	at java.base/java.lang.Class.forName(Class.java:600) ~[?:?]
	at MC-BOOTSTRAP/fml_loader@4.0.41/net.neoforged.fml.loading.ImmediateWindowHandler$DummyProvider.lambda$updateModuleReads$1(ImmediateWindowHandler.java:173) ~[loader-4.0.41.jar%2357!/:4.0]
	at java.base/java.util.Optional.map(Optional.java:260) [?:?]
	at MC-BOOTSTRAP/fml_loader@4.0.41/net.neoforged.fml.loading.ImmediateWindowHandler$DummyProvider.updateModuleReads(ImmediateWindowHandler.java:173) [loader-4.0.41.jar%2357!/:4.0]
	at MC-BOOTSTRAP/fml_loader@4.0.41/net.neoforged.fml.loading.ImmediateWindowHandler.acceptGameLayer(ImmediateWindowHandler.java:94) [loader-4.0.41.jar%2357!/:4.0]
	at MC-BOOTSTRAP/fml_loader@4.0.41/net.neoforged.fml.loading.FMLLoader.beforeStart(FMLLoader.java:166) [loader-4.0.41.jar%2357!/:4.0]
	at MC-BOOTSTRAP/fml_loader@4.0.41/net.neoforged.fml.loading.targets.CommonLaunchHandler.launchService(CommonLaunchHandler.java:115) [loader-4.0.41.jar%2357!/:4.0]
	at MC-BOOTSTRAP/cpw.mods.modlauncher@11.0.5/cpw.mods.modlauncher.LaunchServiceHandlerDecorator.launch(LaunchServiceHandlerDecorator.java:30) [modlauncher-11.0.5.jar%2362!/:?]
	at MC-BOOTSTRAP/cpw.mods.modlauncher@11.0.5/cpw.mods.modlauncher.LaunchServiceHandler.launch(LaunchServiceHandler.java:53) [modlauncher-11.0.5.jar%2362!/:?]
	at MC-BOOTSTRAP/cpw.mods.modlauncher@11.0.5/cpw.mods.modlauncher.LaunchServiceHandler.launch(LaunchServiceHandler.java:71) [modlauncher-11.0.5.jar%2362!/:?]
	at MC-BOOTSTRAP/cpw.mods.modlauncher@11.0.5/cpw.mods.modlauncher.Launcher.run(Launcher.java:103) [modlauncher-11.0.5.jar%2362!/:?]
	at MC-BOOTSTRAP/cpw.mods.modlauncher@11.0.5/cpw.mods.modlauncher.Launcher.main(Launcher.java:74) [modlauncher-11.0.5.jar%2362!/:?]
	at MC-BOOTSTRAP/cpw.mods.modlauncher@11.0.5/cpw.mods.modlauncher.BootstrapLaunchConsumer.accept(BootstrapLaunchConsumer.java:26) [modlauncher-11.0.5.jar%2362!/:?]
	at MC-BOOTSTRAP/cpw.mods.modlauncher@11.0.5/cpw.mods.modlauncher.BootstrapLaunchConsumer.accept(BootstrapLaunchConsumer.java:23) [modlauncher-11.0.5.jar%2362!/:?]
	at cpw.mods.bootstraplauncher@2.0.2/cpw.mods.bootstraplauncher.BootstrapLauncher.run(BootstrapLauncher.java:210) [bootstraplauncher-2.0.2.jar:?]
	at cpw.mods.bootstraplauncher@2.0.2/cpw.mods.bootstraplauncher.BootstrapLauncher.main(BootstrapLauncher.java:69) [bootstraplauncher-2.0.2.jar:?]
	at java.base/jdk.internal.reflect.DirectMethodHandleAccessor.invoke(DirectMethodHandleAccessor.java:103) ~[?:?]
	at java.base/java.lang.reflect.Method.invoke(Method.java:580) ~[?:?]
	at net.neoforged.serverstarterjar.Main.mainLaunch(Main.java:297) [vanilla.jar:0.1.34]
	at net.neoforged.serverstarterjar.Main.main(Main.java:76) [vanilla.jar:0.1.34]
	at java.base/jdk.internal.reflect.DirectMethodHandleAccessor.invoke(DirectMethodHandleAccessor.java:103) ~[?:?]
	at java.base/java.lang.reflect.Method.invoke(Method.java:580) ~[?:?]
	at net.neoforged.serverstarterjar.Main8.main(Main8.java:19) [vanilla.jar:0.1.34]
[13Nov2025 07:43:46.191] [main/WARN] [mixin/]: Error loading class: net/minecraft/client/Options (java.lang.RuntimeException: Attempted to load class net/minecraft/client/Options for invalid dist DEDICATED_SERVER)
[13Nov2025 07:43:46.191] [main/TRACE] [mixin/]: Added class metadata for net/minecraft/client/Options to metadata cache
[13Nov2025 07:43:46.191] [main/WARN] [mixin/]: @Mixin target net.minecraft.client.Options was not found c2me-client-uncapvd.mixins.json:MixinGameOptions from mod c2me_client_uncapvd
[13Nov2025 07:43:46.193] [main/TRACE] [mixin/CATCHING]: Catching
java.lang.ClassNotFoundException: me.jellysquid.mods.sodium.client.gui.SodiumGameOptionPages
	at cpw.mods.securejarhandler/cpw.mods.cl.ModuleClassLoader.getMaybeTransformedClassBytes(ModuleClassLoader.java:334) ~[securejarhandler-3.0.8.jar:?]
	at MC-BOOTSTRAP/cpw.mods.modlauncher@11.0.5/cpw.mods.modlauncher.TransformingClassLoader.buildTransformedClassNodeFor(TransformingClassLoader.java:65) ~[modlauncher-11.0.5.jar%2362!/:?]
	at MC-BOOTSTRAP/cpw.mods.modlauncher@11.0.5/cpw.mods.modlauncher.LaunchPluginHandler.lambda$announceLaunch$10(LaunchPluginHandler.java:106) ~[modlauncher-11.0.5.jar%2362!/:?]
	at MC-BOOTSTRAP/org.spongepowered.mixin/org.spongepowered.asm.launch.MixinLaunchPluginLegacy.getClassNode(MixinLaunchPluginLegacy.java:227) ~[sponge-mixin-0.15.2+mixin.0.8.7.jar%2371!/:0.15.2+mixin.0.8.7]
	at MC-BOOTSTRAP/org.spongepowered.mixin/org.spongepowered.asm.mixin.transformer.ClassInfo.forName(ClassInfo.java:2029) ~[sponge-mixin-0.15.2+mixin.0.8.7.jar%2371!/:0.15.2+mixin.0.8.7]
	at MC-BOOTSTRAP/org.spongepowered.mixin/org.spongepowered.asm.mixin.transformer.MixinInfo.getTargetClass(MixinInfo.java:1017) ~[sponge-mixin-0.15.2+mixin.0.8.7.jar%2371!/:0.15.2+mixin.0.8.7]
	at MC-BOOTSTRAP/org.spongepowered.mixin/org.spongepowered.asm.mixin.transformer.MixinInfo.readTargetClasses(MixinInfo.java:1007) ~[sponge-mixin-0.15.2+mixin.0.8.7.jar%2371!/:0.15.2+mixin.0.8.7]
	at MC-BOOTSTRAP/org.spongepowered.mixin/org.spongepowered.asm.mixin.transformer.MixinInfo.parseTargets(MixinInfo.java:895) ~[sponge-mixin-0.15.2+mixin.0.8.7.jar%2371!/:0.15.2+mixin.0.8.7]
	at MC-BOOTSTRAP/org.spongepowered.mixin/org.spongepowered.asm.mixin.transformer.MixinConfig.prepareMixins(MixinConfig.java:950) ~[sponge-mixin-0.15.2+mixin.0.8.7.jar%2371!/:0.15.2+mixin.0.8.7]
	at MC-BOOTSTRAP/org.spongepowered.mixin/org.spongepowered.asm.mixin.transformer.MixinConfig.prepare(MixinConfig.java:858) ~[sponge-mixin-0.15.2+mixin.0.8.7.jar%2371!/:0.15.2+mixin.0.8.7]
	at MC-BOOTSTRAP/org.spongepowered.mixin/org.spongepowered.asm.mixin.transformer.MixinProcessor.prepareConfigs(MixinProcessor.java:540) ~[sponge-mixin-0.15.2+mixin.0.8.7.jar%2371!/:0.15.2+mixin.0.8.7]
	at MC-BOOTSTRAP/org.spongepowered.mixin/org.spongepowered.asm.mixin.transformer.MixinProcessor.select(MixinProcessor.java:462) ~[sponge-mixin-0.15.2+mixin.0.8.7.jar%2371!/:0.15.2+mixin.0.8.7]
	at MC-BOOTSTRAP/org.spongepowered.mixin/org.spongepowered.asm.mixin.transformer.MixinProcessor.checkSelect(MixinProcessor.java:438) ~[sponge-mixin-0.15.2+mixin.0.8.7.jar%2371!/:0.15.2+mixin.0.8.7]
	at MC-BOOTSTRAP/org.spongepowered.mixin/org.spongepowered.asm.mixin.transformer.MixinProcessor.applyMixins(MixinProcessor.java:290) ~[sponge-mixin-0.15.2+mixin.0.8.7.jar%2371!/:0.15.2+mixin.0.8.7]
	at MC-BOOTSTRAP/org.spongepowered.mixin/org.spongepowered.asm.mixin.transformer.MixinTransformer.transformClass(MixinTransformer.java:250) ~[sponge-mixin-0.15.2+mixin.0.8.7.jar%2371!/:0.15.2+mixin.0.8.7]
	at MC-BOOTSTRAP/org.spongepowered.mixin/org.spongepowered.asm.service.modlauncher.MixinTransformationHandler.processClass(MixinTransformationHandler.java:131) ~[sponge-mixin-0.15.2+mixin.0.8.7.jar%2371!/:0.15.2+mixin.0.8.7]
	at MC-BOOTSTRAP/org.spongepowered.mixin/org.spongepowered.asm.launch.MixinLaunchPluginLegacy.processClass(MixinLaunchPluginLegacy.java:131) ~[sponge-mixin-0.15.2+mixin.0.8.7.jar%2371!/:0.15.2+mixin.0.8.7]
	at MC-BOOTSTRAP/cpw.mods.modlauncher@11.0.5/cpw.mods.modlauncher.serviceapi.ILaunchPluginService.processClassWithFlags(ILaunchPluginService.java:156) ~[modlauncher-11.0.5.jar%2362!/:11.0.5+main.901c6ea8]
	at MC-BOOTSTRAP/cpw.mods.modlauncher@11.0.5/cpw.mods.modlauncher.LaunchPluginHandler.offerClassNodeToPlugins(LaunchPluginHandler.java:94) ~[modlauncher-11.0.5.jar%2362!/:?]
	at MC-BOOTSTRAP/cpw.mods.modlauncher@11.0.5/cpw.mods.modlauncher.ClassTransformer.transform(ClassTransformer.java:120) ~[modlauncher-11.0.5.jar%2362!/:?]
	at MC-BOOTSTRAP/cpw.mods.modlauncher@11.0.5/cpw.mods.modlauncher.TransformingClassLoader.maybeTransformClassBytes(TransformingClassLoader.java:57) ~[modlauncher-11.0.5.jar%2362!/:?]
	at cpw.mods.securejarhandler/cpw.mods.cl.ModuleClassLoader.readerToClass(ModuleClassLoader.java:190) ~[securejarhandler-3.0.8.jar:?]
	at cpw.mods.securejarhandler/cpw.mods.cl.ModuleClassLoader.lambda$findClass$20(ModuleClassLoader.java:298) ~[securejarhandler-3.0.8.jar:?]
	at cpw.mods.securejarhandler/cpw.mods.cl.ModuleClassLoader.loadFromModule(ModuleClassLoader.java:311) ~[securejarhandler-3.0.8.jar:?]
	at cpw.mods.securejarhandler/cpw.mods.cl.ModuleClassLoader.findClass(ModuleClassLoader.java:298) ~[securejarhandler-3.0.8.jar:?]
	at java.base/java.lang.ClassLoader.loadClass(ClassLoader.java:638) ~[?:?]
	at java.base/java.lang.Class.forName(Class.java:625) ~[?:?]
	at java.base/java.lang.Class.forName(Class.java:600) ~[?:?]
	at MC-BOOTSTRAP/fml_loader@4.0.41/net.neoforged.fml.loading.ImmediateWindowHandler$DummyProvider.lambda$updateModuleReads$1(ImmediateWindowHandler.java:173) ~[loader-4.0.41.jar%2357!/:4.0]
	at java.base/java.util.Optional.map(Optional.java:260) [?:?]
	at MC-BOOTSTRAP/fml_loader@4.0.41/net.neoforged.fml.loading.ImmediateWindowHandler$DummyProvider.updateModuleReads(ImmediateWindowHandler.java:173) [loader-4.0.41.jar%2357!/:4.0]
	at MC-BOOTSTRAP/fml_loader@4.0.41/net.neoforged.fml.loading.ImmediateWindowHandler.acceptGameLayer(ImmediateWindowHandler.java:94) [loader-4.0.41.jar%2357!/:4.0]
	at MC-BOOTSTRAP/fml_loader@4.0.41/net.neoforged.fml.loading.FMLLoader.beforeStart(FMLLoader.java:166) [loader-4.0.41.jar%2357!/:4.0]
	at MC-BOOTSTRAP/fml_loader@4.0.41/net.neoforged.fml.loading.targets.CommonLaunchHandler.launchService(CommonLaunchHandler.java:115) [loader-4.0.41.jar%2357!/:4.0]
	at MC-BOOTSTRAP/cpw.mods.modlauncher@11.0.5/cpw.mods.modlauncher.LaunchServiceHandlerDecorator.launch(LaunchServiceHandlerDecorator.java:30) [modlauncher-11.0.5.jar%2362!/:?]
	at MC-BOOTSTRAP/cpw.mods.modlauncher@11.0.5/cpw.mods.modlauncher.LaunchServiceHandler.launch(LaunchServiceHandler.java:53) [modlauncher-11.0.5.jar%2362!/:?]
	at MC-BOOTSTRAP/cpw.mods.modlauncher@11.0.5/cpw.mods.modlauncher.LaunchServiceHandler.launch(LaunchServiceHandler.java:71) [modlauncher-11.0.5.jar%2362!/:?]
	at MC-BOOTSTRAP/cpw.mods.modlauncher@11.0.5/cpw.mods.modlauncher.Launcher.run(Launcher.java:103) [modlauncher-11.0.5.jar%2362!/:?]
	at MC-BOOTSTRAP/cpw.mods.modlauncher@11.0.5/cpw.mods.modlauncher.Launcher.main(Launcher.java:74) [modlauncher-11.0.5.jar%2362!/:?]
	at MC-BOOTSTRAP/cpw.mods.modlauncher@11.0.5/cpw.mods.modlauncher.BootstrapLaunchConsumer.accept(BootstrapLaunchConsumer.java:26) [modlauncher-11.0.5.jar%2362!/:?]
	at MC-BOOTSTRAP/cpw.mods.modlauncher@11.0.5/cpw.mods.modlauncher.BootstrapLaunchConsumer.accept(BootstrapLaunchConsumer.java:23) [modlauncher-11.0.5.jar%2362!/:?]
	at cpw.mods.bootstraplauncher@2.0.2/cpw.mods.bootstraplauncher.BootstrapLauncher.run(BootstrapLauncher.java:210) [bootstraplauncher-2.0.2.jar:?]
	at cpw.mods.bootstraplauncher@2.0.2/cpw.mods.bootstraplauncher.BootstrapLauncher.main(BootstrapLauncher.java:69) [bootstraplauncher-2.0.2.jar:?]
	at java.base/jdk.internal.reflect.DirectMethodHandleAccessor.invoke(DirectMethodHandleAccessor.java:103) ~[?:?]
	at java.base/java.lang.reflect.Method.invoke(Method.java:580) ~[?:?]
	at net.neoforged.serverstarterjar.Main.mainLaunch(Main.java:297) [vanilla.jar:0.1.34]
	at net.neoforged.serverstarterjar.Main.main(Main.java:76) [vanilla.jar:0.1.34]
	at java.base/jdk.internal.reflect.DirectMethodHandleAccessor.invoke(DirectMethodHandleAccessor.java:103) ~[?:?]
	at java.base/java.lang.reflect.Method.invoke(Method.java:580) ~[?:?]
	at net.neoforged.serverstarterjar.Main8.main(Main8.java:19) [vanilla.jar:0.1.34]
[13Nov2025 07:43:46.194] [main/WARN] [mixin/]: Error loading class: me/jellysquid/mods/sodium/client/gui/SodiumGameOptionPages (java.lang.ClassNotFoundException: me.jellysquid.mods.sodium.client.gui.SodiumGameOptionPages)
[13Nov2025 07:43:46.194] [main/TRACE] [mixin/]: Added class metadata for me/jellysquid/mods/sodium/client/gui/SodiumGameOptionPages to metadata cache
[13Nov2025 07:43:46.194] [main/DEBUG] [mixin/]: Skipping virtual target me.jellysquid.mods.sodium.client.gui.SodiumGameOptionPages for c2me-client-uncapvd.mixins.json:MixinSodiumUserConfigCategories from mod c2me_client_uncapvd
[13Nov2025 07:43:46.194] [main/TRACE] [mixin/CATCHING]: Catching
java.lang.ClassNotFoundException: net.caffeinemc.sodium.config.user.UserConfigCategories
	at cpw.mods.securejarhandler/cpw.mods.cl.ModuleClassLoader.getMaybeTransformedClassBytes(ModuleClassLoader.java:334) ~[securejarhandler-3.0.8.jar:?]
	at MC-BOOTSTRAP/cpw.mods.modlauncher@11.0.5/cpw.mods.modlauncher.TransformingClassLoader.buildTransformedClassNodeFor(TransformingClassLoader.java:65) ~[modlauncher-11.0.5.jar%2362!/:?]
	at MC-BOOTSTRAP/cpw.mods.modlauncher@11.0.5/cpw.mods.modlauncher.LaunchPluginHandler.lambda$announceLaunch$10(LaunchPluginHandler.java:106) ~[modlauncher-11.0.5.jar%2362!/:?]
	at MC-BOOTSTRAP/org.spongepowered.mixin/org.spongepowered.asm.launch.MixinLaunchPluginLegacy.getClassNode(MixinLaunchPluginLegacy.java:227) ~[sponge-mixin-0.15.2+mixin.0.8.7.jar%2371!/:0.15.2+mixin.0.8.7]
	at MC-BOOTSTRAP/org.spongepowered.mixin/org.spongepowered.asm.mixin.transformer.ClassInfo.forName(ClassInfo.java:2029) ~[sponge-mixin-0.15.2+mixin.0.8.7.jar%2371!/:0.15.2+mixin.0.8.7]
	at MC-BOOTSTRAP/org.spongepowered.mixin/org.spongepowered.asm.mixin.transformer.MixinInfo.getTargetClass(MixinInfo.java:1017) ~[sponge-mixin-0.15.2+mixin.0.8.7.jar%2371!/:0.15.2+mixin.0.8.7]
	at MC-BOOTSTRAP/org.spongepowered.mixin/org.spongepowered.asm.mixin.transformer.MixinInfo.readTargetClasses(MixinInfo.java:1007) ~[sponge-mixin-0.15.2+mixin.0.8.7.jar%2371!/:0.15.2+mixin.0.8.7]
	at MC-BOOTSTRAP/org.spongepowered.mixin/org.spongepowered.asm.mixin.transformer.MixinInfo.parseTargets(MixinInfo.java:895) ~[sponge-mixin-0.15.2+mixin.0.8.7.jar%2371!/:0.15.2+mixin.0.8.7]
	at MC-BOOTSTRAP/org.spongepowered.mixin/org.spongepowered.asm.mixin.transformer.MixinConfig.prepareMixins(MixinConfig.java:950) ~[sponge-mixin-0.15.2+mixin.0.8.7.jar%2371!/:0.15.2+mixin.0.8.7]
	at MC-BOOTSTRAP/org.spongepowered.mixin/org.spongepowered.asm.mixin.transformer.MixinConfig.prepare(MixinConfig.java:858) ~[sponge-mixin-0.15.2+mixin.0.8.7.jar%2371!/:0.15.2+mixin.0.8.7]
	at MC-BOOTSTRAP/org.spongepowered.mixin/org.spongepowered.asm.mixin.transformer.MixinProcessor.prepareConfigs(MixinProcessor.java:540) ~[sponge-mixin-0.15.2+mixin.0.8.7.jar%2371!/:0.15.2+mixin.0.8.7]
	at MC-BOOTSTRAP/org.spongepowered.mixin/org.spongepowered.asm.mixin.transformer.MixinProcessor.select(MixinProcessor.java:462) ~[sponge-mixin-0.15.2+mixin.0.8.7.jar%2371!/:0.15.2+mixin.0.8.7]
	at MC-BOOTSTRAP/org.spongepowered.mixin/org.spongepowered.asm.mixin.transformer.MixinProcessor.checkSelect(MixinProcessor.java:438) ~[sponge-mixin-0.15.2+mixin.0.8.7.jar%2371!/:0.15.2+mixin.0.8.7]
	at MC-BOOTSTRAP/org.spongepowered.mixin/org.spongepowered.asm.mixin.transformer.MixinProcessor.applyMixins(MixinProcessor.java:290) ~[sponge-mixin-0.15.2+mixin.0.8.7.jar%2371!/:0.15.2+mixin.0.8.7]
	at MC-BOOTSTRAP/org.spongepowered.mixin/org.spongepowered.asm.mixin.transformer.MixinTransformer.transformClass(MixinTransformer.java:250) ~[sponge-mixin-0.15.2+mixin.0.8.7.jar%2371!/:0.15.2+mixin.0.8.7]
	at MC-BOOTSTRAP/org.spongepowered.mixin/org.spongepowered.asm.service.modlauncher.MixinTransformationHandler.processClass(MixinTransformationHandler.java:131) ~[sponge-mixin-0.15.2+mixin.0.8.7.jar%2371!/:0.15.2+mixin.0.8.7]
	at MC-BOOTSTRAP/org.spongepowered.mixin/org.spongepowered.asm.launch.MixinLaunchPluginLegacy.processClass(MixinLaunchPluginLegacy.java:131) ~[sponge-mixin-0.15.2+mixin.0.8.7.jar%2371!/:0.15.2+mixin.0.8.7]
	at MC-BOOTSTRAP/cpw.mods.modlauncher@11.0.5/cpw.mods.modlauncher.serviceapi.ILaunchPluginService.processClassWithFlags(ILaunchPluginService.java:156) ~[modlauncher-11.0.5.jar%2362!/:11.0.5+main.901c6ea8]
	at MC-BOOTSTRAP/cpw.mods.modlauncher@11.0.5/cpw.mods.modlauncher.LaunchPluginHandler.offerClassNodeToPlugins(LaunchPluginHandler.java:94) ~[modlauncher-11.0.5.jar%2362!/:?]
	at MC-BOOTSTRAP/cpw.mods.modlauncher@11.0.5/cpw.mods.modlauncher.ClassTransformer.transform(ClassTransformer.java:120) ~[modlauncher-11.0.5.jar%2362!/:?]
	at MC-BOOTSTRAP/cpw.mods.modlauncher@11.0.5/cpw.mods.modlauncher.TransformingClassLoader.maybeTransformClassBytes(TransformingClassLoader.java:57) ~[modlauncher-11.0.5.jar%2362!/:?]
	at cpw.mods.securejarhandler/cpw.mods.cl.ModuleClassLoader.readerToClass(ModuleClassLoader.java:190) ~[securejarhandler-3.0.8.jar:?]
	at cpw.mods.securejarhandler/cpw.mods.cl.ModuleClassLoader.lambda$findClass$20(ModuleClassLoader.java:298) ~[securejarhandler-3.0.8.jar:?]
	at cpw.mods.securejarhandler/cpw.mods.cl.ModuleClassLoader.loadFromModule(ModuleClassLoader.java:311) ~[securejarhandler-3.0.8.jar:?]
	at cpw.mods.securejarhandler/cpw.mods.cl.ModuleClassLoader.findClass(ModuleClassLoader.java:298) ~[securejarhandler-3.0.8.jar:?]
	at java.base/java.lang.ClassLoader.loadClass(ClassLoader.java:638) ~[?:?]
	at java.base/java.lang.Class.forName(Class.java:625) ~[?:?]
	at java.base/java.lang.Class.forName(Class.java:600) ~[?:?]
	at MC-BOOTSTRAP/fml_loader@4.0.41/net.neoforged.fml.loading.ImmediateWindowHandler$DummyProvider.lambda$updateModuleReads$1(ImmediateWindowHandler.java:173) ~[loader-4.0.41.jar%2357!/:4.0]
	at java.base/java.util.Optional.map(Optional.java:260) [?:?]
	at MC-BOOTSTRAP/fml_loader@4.0.41/net.neoforged.fml.loading.ImmediateWindowHandler$DummyProvider.updateModuleReads(ImmediateWindowHandler.java:173) [loader-4.0.41.jar%2357!/:4.0]
	at MC-BOOTSTRAP/fml_loader@4.0.41/net.neoforged.fml.loading.ImmediateWindowHandler.acceptGameLayer(ImmediateWindowHandler.java:94) [loader-4.0.41.jar%2357!/:4.0]
	at MC-BOOTSTRAP/fml_loader@4.0.41/net.neoforged.fml.loading.FMLLoader.beforeStart(FMLLoader.java:166) [loader-4.0.41.jar%2357!/:4.0]
	at MC-BOOTSTRAP/fml_loader@4.0.41/net.neoforged.fml.loading.targets.CommonLaunchHandler.launchService(CommonLaunchHandler.java:115) [loader-4.0.41.jar%2357!/:4.0]
	at MC-BOOTSTRAP/cpw.mods.modlauncher@11.0.5/cpw.mods.modlauncher.LaunchServiceHandlerDecorator.launch(LaunchServiceHandlerDecorator.java:30) [modlauncher-11.0.5.jar%2362!/:?]
	at MC-BOOTSTRAP/cpw.mods.modlauncher@11.0.5/cpw.mods.modlauncher.LaunchServiceHandler.launch(LaunchServiceHandler.java:53) [modlauncher-11.0.5.jar%2362!/:?]
	at MC-BOOTSTRAP/cpw.mods.modlauncher@11.0.5/cpw.mods.modlauncher.LaunchServiceHandler.launch(LaunchServiceHandler.java:71) [modlauncher-11.0.5.jar%2362!/:?]
	at MC-BOOTSTRAP/cpw.mods.modlauncher@11.0.5/cpw.mods.modlauncher.Launcher.run(Launcher.java:103) [modlauncher-11.0.5.jar%2362!/:?]
	at MC-BOOTSTRAP/cpw.mods.modlauncher@11.0.5/cpw.mods.modlauncher.Launcher.main(Launcher.java:74) [modlauncher-11.0.5.jar%2362!/:?]
	at MC-BOOTSTRAP/cpw.mods.modlauncher@11.0.5/cpw.mods.modlauncher.BootstrapLaunchConsumer.accept(BootstrapLaunchConsumer.java:26) [modlauncher-11.0.5.jar%2362!/:?]
	at MC-BOOTSTRAP/cpw.mods.modlauncher@11.0.5/cpw.mods.modlauncher.BootstrapLaunchConsumer.accept(BootstrapLaunchConsumer.java:23) [modlauncher-11.0.5.jar%2362!/:?]
	at cpw.mods.bootstraplauncher@2.0.2/cpw.mods.bootstraplauncher.BootstrapLauncher.run(BootstrapLauncher.java:210) [bootstraplauncher-2.0.2.jar:?]
	at cpw.mods.bootstraplauncher@2.0.2/cpw.mods.bootstraplauncher.BootstrapLauncher.main(BootstrapLauncher.java:69) [bootstraplauncher-2.0.2.jar:?]
	at java.base/jdk.internal.reflect.DirectMethodHandleAccessor.invoke(DirectMethodHandleAccessor.java:103) ~[?:?]
	at java.base/java.lang.reflect.Method.invoke(Method.java:580) ~[?:?]
	at net.neoforged.serverstarterjar.Main.mainLaunch(Main.java:297) [vanilla.jar:0.1.34]
	at net.neoforged.serverstarterjar.Main.main(Main.java:76) [vanilla.jar:0.1.34]
	at java.base/jdk.internal.reflect.DirectMethodHandleAccessor.invoke(DirectMethodHandleAccessor.java:103) ~[?:?]
	at java.base/java.lang.reflect.Method.invoke(Method.java:580) ~[?:?]
	at net.neoforged.serverstarterjar.Main8.main(Main8.java:19) [vanilla.jar:0.1.34]
[13Nov2025 07:43:46.195] [main/WARN] [mixin/]: Error loading class: net/caffeinemc/sodium/config/user/UserConfigCategories (java.lang.ClassNotFoundException: net.caffeinemc.sodium.config.user.UserConfigCategories)
[13Nov2025 07:43:46.195] [main/TRACE] [mixin/]: Added class metadata for net/caffeinemc/sodium/config/user/UserConfigCategories to metadata cache
[13Nov2025 07:43:46.195] [main/DEBUG] [mixin/]: Skipping virtual target net.caffeinemc.sodium.config.user.UserConfigCategories for c2me-client-uncapvd.mixins.json:MixinSodiumUserConfigCategories from mod c2me_client_uncapvd
[13Nov2025 07:43:46.195] [main/TRACE] [mixin/CATCHING]: Catching
java.lang.ClassNotFoundException: net.caffeinemc.mods.sodium.client.gui.SodiumGameOptionPages
	at cpw.mods.securejarhandler/cpw.mods.cl.ModuleClassLoader.getMaybeTransformedClassBytes(ModuleClassLoader.java:334) ~[securejarhandler-3.0.8.jar:?]
	at MC-BOOTSTRAP/cpw.mods.modlauncher@11.0.5/cpw.mods.modlauncher.TransformingClassLoader.buildTransformedClassNodeFor(TransformingClassLoader.java:65) ~[modlauncher-11.0.5.jar%2362!/:?]
	at MC-BOOTSTRAP/cpw.mods.modlauncher@11.0.5/cpw.mods.modlauncher.LaunchPluginHandler.lambda$announceLaunch$10(LaunchPluginHandler.java:106) ~[modlauncher-11.0.5.jar%2362!/:?]
	at MC-BOOTSTRAP/org.spongepowered.mixin/org.spongepowered.asm.launch.MixinLaunchPluginLegacy.getClassNode(MixinLaunchPluginLegacy.java:227) ~[sponge-mixin-0.15.2+mixin.0.8.7.jar%2371!/:0.15.2+mixin.0.8.7]
	at MC-BOOTSTRAP/org.spongepowered.mixin/org.spongepowered.asm.mixin.transformer.ClassInfo.forName(ClassInfo.java:2029) ~[sponge-mixin-0.15.2+mixin.0.8.7.jar%2371!/:0.15.2+mixin.0.8.7]
	at MC-BOOTSTRAP/org.spongepowered.mixin/org.spongepowered.asm.mixin.transformer.MixinInfo.getTargetClass(MixinInfo.java:1017) ~[sponge-mixin-0.15.2+mixin.0.8.7.jar%2371!/:0.15.2+mixin.0.8.7]
	at MC-BOOTSTRAP/org.spongepowered.mixin/org.spongepowered.asm.mixin.transformer.MixinInfo.readTargetClasses(MixinInfo.java:1007) ~[sponge-mixin-0.15.2+mixin.0.8.7.jar%2371!/:0.15.2+mixin.0.8.7]
	at MC-BOOTSTRAP/org.spongepowered.mixin/org.spongepowered.asm.mixin.transformer.MixinInfo.parseTargets(MixinInfo.java:895) ~[sponge-mixin-0.15.2+mixin.0.8.7.jar%2371!/:0.15.2+mixin.0.8.7]
	at MC-BOOTSTRAP/org.spongepowered.mixin/org.spongepowered.asm.mixin.transformer.MixinConfig.prepareMixins(MixinConfig.java:950) ~[sponge-mixin-0.15.2+mixin.0.8.7.jar%2371!/:0.15.2+mixin.0.8.7]
	at MC-BOOTSTRAP/org.spongepowered.mixin/org.spongepowered.asm.mixin.transformer.MixinConfig.prepare(MixinConfig.java:858) ~[sponge-mixin-0.15.2+mixin.0.8.7.jar%2371!/:0.15.2+mixin.0.8.7]
	at MC-BOOTSTRAP/org.spongepowered.mixin/org.spongepowered.asm.mixin.transformer.MixinProcessor.prepareConfigs(MixinProcessor.java:540) ~[sponge-mixin-0.15.2+mixin.0.8.7.jar%2371!/:0.15.2+mixin.0.8.7]
	at MC-BOOTSTRAP/org.spongepowered.mixin/org.spongepowered.asm.mixin.transformer.MixinProcessor.select(MixinProcessor.java:462) ~[sponge-mixin-0.15.2+mixin.0.8.7.jar%2371!/:0.15.2+mixin.0.8.7]
	at MC-BOOTSTRAP/org.spongepowered.mixin/org.spongepowered.asm.mixin.transformer.MixinProcessor.checkSelect(MixinProcessor.java:438) ~[sponge-mixin-0.15.2+mixin.0.8.7.jar%2371!/:0.15.2+mixin.0.8.7]
	at MC-BOOTSTRAP/org.spongepowered.mixin/org.spongepowered.asm.mixin.transformer.MixinProcessor.applyMixins(MixinProcessor.java:290) ~[sponge-mixin-0.15.2+mixin.0.8.7.jar%2371!/:0.15.2+mixin.0.8.7]
	at MC-BOOTSTRAP/org.spongepowered.mixin/org.spongepowered.asm.mixin.transformer.MixinTransformer.transformClass(MixinTransformer.java:250) ~[sponge-mixin-0.15.2+mixin.0.8.7.jar%2371!/:0.15.2+mixin.0.8.7]
	at MC-BOOTSTRAP/org.spongepowered.mixin/org.spongepowered.asm.service.modlauncher.MixinTransformationHandler.processClass(MixinTransformationHandler.java:131) ~[sponge-mixin-0.15.2+mixin.0.8.7.jar%2371!/:0.15.2+mixin.0.8.7]
	at MC-BOOTSTRAP/org.spongepowered.mixin/org.spongepowered.asm.launch.MixinLaunchPluginLegacy.processClass(MixinLaunchPluginLegacy.java:131) ~[sponge-mixin-0.15.2+mixin.0.8.7.jar%2371!/:0.15.2+mixin.0.8.7]
	at MC-BOOTSTRAP/cpw.mods.modlauncher@11.0.5/cpw.mods.modlauncher.serviceapi.ILaunchPluginService.processClassWithFlags(ILaunchPluginService.java:156) ~[modlauncher-11.0.5.jar%2362!/:11.0.5+main.901c6ea8]
	at MC-BOOTSTRAP/cpw.mods.modlauncher@11.0.5/cpw.mods.modlauncher.LaunchPluginHandler.offerClassNodeToPlugins(LaunchPluginHandler.java:94) ~[modlauncher-11.0.5.jar%2362!/:?]
	at MC-BOOTSTRAP/cpw.mods.modlauncher@11.0.5/cpw.mods.modlauncher.ClassTransformer.transform(ClassTransformer.java:120) ~[modlauncher-11.0.5.jar%2362!/:?]
	at MC-BOOTSTRAP/cpw.mods.modlauncher@11.0.5/cpw.mods.modlauncher.TransformingClassLoader.maybeTransformClassBytes(TransformingClassLoader.java:57) ~[modlauncher-11.0.5.jar%2362!/:?]
	at cpw.mods.securejarhandler/cpw.mods.cl.ModuleClassLoader.readerToClass(ModuleClassLoader.java:190) ~[securejarhandler-3.0.8.jar:?]
	at cpw.mods.securejarhandler/cpw.mods.cl.ModuleClassLoader.lambda$findClass$20(ModuleClassLoader.java:298) ~[securejarhandler-3.0.8.jar:?]
	at cpw.mods.securejarhandler/cpw.mods.cl.ModuleClassLoader.loadFromModule(ModuleClassLoader.java:311) ~[securejarhandler-3.0.8.jar:?]
	at cpw.mods.securejarhandler/cpw.mods.cl.ModuleClassLoader.findClass(ModuleClassLoader.java:298) ~[securejarhandler-3.0.8.jar:?]
	at java.base/java.lang.ClassLoader.loadClass(ClassLoader.java:638) ~[?:?]
	at java.base/java.lang.Class.forName(Class.java:625) ~[?:?]
	at java.base/java.lang.Class.forName(Class.java:600) ~[?:?]
	at MC-BOOTSTRAP/fml_loader@4.0.41/net.neoforged.fml.loading.ImmediateWindowHandler$DummyProvider.lambda$updateModuleReads$1(ImmediateWindowHandler.java:173) ~[loader-4.0.41.jar%2357!/:4.0]
	at java.base/java.util.Optional.map(Optional.java:260) [?:?]
	at MC-BOOTSTRAP/fml_loader@4.0.41/net.neoforged.fml.loading.ImmediateWindowHandler$DummyProvider.updateModuleReads(ImmediateWindowHandler.java:173) [loader-4.0.41.jar%2357!/:4.0]
	at MC-BOOTSTRAP/fml_loader@4.0.41/net.neoforged.fml.loading.ImmediateWindowHandler.acceptGameLayer(ImmediateWindowHandler.java:94) [loader-4.0.41.jar%2357!/:4.0]
	at MC-BOOTSTRAP/fml_loader@4.0.41/net.neoforged.fml.loading.FMLLoader.beforeStart(FMLLoader.java:166) [loader-4.0.41.jar%2357!/:4.0]
	at MC-BOOTSTRAP/fml_loader@4.0.41/net.neoforged.fml.loading.targets.CommonLaunchHandler.launchService(CommonLaunchHandler.java:115) [loader-4.0.41.jar%2357!/:4.0]
	at MC-BOOTSTRAP/cpw.mods.modlauncher@11.0.5/cpw.mods.modlauncher.LaunchServiceHandlerDecorator.launch(LaunchServiceHandlerDecorator.java:30) [modlauncher-11.0.5.jar%2362!/:?]
	at MC-BOOTSTRAP/cpw.mods.modlauncher@11.0.5/cpw.mods.modlauncher.LaunchServiceHandler.launch(LaunchServiceHandler.java:53) [modlauncher-11.0.5.jar%2362!/:?]
	at MC-BOOTSTRAP/cpw.mods.modlauncher@11.0.5/cpw.mods.modlauncher.LaunchServiceHandler.launch(LaunchServiceHandler.java:71) [modlauncher-11.0.5.jar%2362!/:?]
	at MC-BOOTSTRAP/cpw.mods.modlauncher@11.0.5/cpw.mods.modlauncher.Launcher.run(Launcher.java:103) [modlauncher-11.0.5.jar%2362!/:?]
	at MC-BOOTSTRAP/cpw.mods.modlauncher@11.0.5/cpw.mods.modlauncher.Launcher.main(Launcher.java:74) [modlauncher-11.0.5.jar%2362!/:?]
	at MC-BOOTSTRAP/cpw.mods.modlauncher@11.0.5/cpw.mods.modlauncher.BootstrapLaunchConsumer.accept(BootstrapLaunchConsumer.java:26) [modlauncher-11.0.5.jar%2362!/:?]
	at MC-BOOTSTRAP/cpw.mods.modlauncher@11.0.5/cpw.mods.modlauncher.BootstrapLaunchConsumer.accept(BootstrapLaunchConsumer.java:23) [modlauncher-11.0.5.jar%2362!/:?]
	at cpw.mods.bootstraplauncher@2.0.2/cpw.mods.bootstraplauncher.BootstrapLauncher.run(BootstrapLauncher.java:210) [bootstraplauncher-2.0.2.jar:?]
	at cpw.mods.bootstraplauncher@2.0.2/cpw.mods.bootstraplauncher.BootstrapLauncher.main(BootstrapLauncher.java:69) [bootstraplauncher-2.0.2.jar:?]
	at java.base/jdk.internal.reflect.DirectMethodHandleAccessor.invoke(DirectMethodHandleAccessor.java:103) ~[?:?]
	at java.base/java.lang.reflect.Method.invoke(Method.java:580) ~[?:?]
	at net.neoforged.serverstarterjar.Main.mainLaunch(Main.java:297) [vanilla.jar:0.1.34]
	at net.neoforged.serverstarterjar.Main.main(Main.java:76) [vanilla.jar:0.1.34]
	at java.base/jdk.internal.reflect.DirectMethodHandleAccessor.invoke(DirectMethodHandleAccessor.java:103) ~[?:?]
	at java.base/java.lang.reflect.Method.invoke(Method.java:580) ~[?:?]
	at net.neoforged.serverstarterjar.Main8.main(Main8.java:19) [vanilla.jar:0.1.34]
[13Nov2025 07:43:46.196] [main/WARN] [mixin/]: Error loading class: net/caffeinemc/mods/sodium/client/gui/SodiumGameOptionPages (java.lang.ClassNotFoundException: net.caffeinemc.mods.sodium.client.gui.SodiumGameOptionPages)
[13Nov2025 07:43:46.196] [main/TRACE] [mixin/]: Added class metadata for net/caffeinemc/mods/sodium/client/gui/SodiumGameOptionPages to metadata cache
[13Nov2025 07:43:46.196] [main/DEBUG] [mixin/]: Skipping virtual target net.caffeinemc.mods.sodium.client.gui.SodiumGameOptionPages for c2me-client-uncapvd.mixins.json:MixinSodiumUserConfigCategories from mod c2me_client_uncapvd
[13Nov2025 07:43:46.196] [main/TRACE] [mixin/CATCHING]: Catching
java.lang.ClassNotFoundException: net.vulkanmod.config.option.Options
	at cpw.mods.securejarhandler/cpw.mods.cl.ModuleClassLoader.getMaybeTransformedClassBytes(ModuleClassLoader.java:334) ~[securejarhandler-3.0.8.jar:?]
	at MC-BOOTSTRAP/cpw.mods.modlauncher@11.0.5/cpw.mods.modlauncher.TransformingClassLoader.buildTransformedClassNodeFor(TransformingClassLoader.java:65) ~[modlauncher-11.0.5.jar%2362!/:?]
	at MC-BOOTSTRAP/cpw.mods.modlauncher@11.0.5/cpw.mods.modlauncher.LaunchPluginHandler.lambda$announceLaunch$10(LaunchPluginHandler.java:106) ~[modlauncher-11.0.5.jar%2362!/:?]
	at MC-BOOTSTRAP/org.spongepowered.mixin/org.spongepowered.asm.launch.MixinLaunchPluginLegacy.getClassNode(MixinLaunchPluginLegacy.java:227) ~[sponge-mixin-0.15.2+mixin.0.8.7.jar%2371!/:0.15.2+mixin.0.8.7]
	at MC-BOOTSTRAP/org.spongepowered.mixin/org.spongepowered.asm.mixin.transformer.ClassInfo.forName(ClassInfo.java:2029) ~[sponge-mixin-0.15.2+mixin.0.8.7.jar%2371!/:0.15.2+mixin.0.8.7]
	at MC-BOOTSTRAP/org.spongepowered.mixin/org.spongepowered.asm.mixin.transformer.MixinInfo.getTargetClass(MixinInfo.java:1017) ~[sponge-mixin-0.15.2+mixin.0.8.7.jar%2371!/:0.15.2+mixin.0.8.7]
	at MC-BOOTSTRAP/org.spongepowered.mixin/org.spongepowered.asm.mixin.transformer.MixinInfo.readTargetClasses(MixinInfo.java:1007) ~[sponge-mixin-0.15.2+mixin.0.8.7.jar%2371!/:0.15.2+mixin.0.8.7]
	at MC-BOOTSTRAP/org.spongepowered.mixin/org.spongepowered.asm.mixin.transformer.MixinInfo.parseTargets(MixinInfo.java:895) ~[sponge-mixin-0.15.2+mixin.0.8.7.jar%2371!/:0.15.2+mixin.0.8.7]
	at MC-BOOTSTRAP/org.spongepowered.mixin/org.spongepowered.asm.mixin.transformer.MixinConfig.prepareMixins(MixinConfig.java:950) ~[sponge-mixin-0.15.2+mixin.0.8.7.jar%2371!/:0.15.2+mixin.0.8.7]
	at MC-BOOTSTRAP/org.spongepowered.mixin/org.spongepowered.asm.mixin.transformer.MixinConfig.prepare(MixinConfig.java:858) ~[sponge-mixin-0.15.2+mixin.0.8.7.jar%2371!/:0.15.2+mixin.0.8.7]
	at MC-BOOTSTRAP/org.spongepowered.mixin/org.spongepowered.asm.mixin.transformer.MixinProcessor.prepareConfigs(MixinProcessor.java:540) ~[sponge-mixin-0.15.2+mixin.0.8.7.jar%2371!/:0.15.2+mixin.0.8.7]
	at MC-BOOTSTRAP/org.spongepowered.mixin/org.spongepowered.asm.mixin.transformer.MixinProcessor.select(MixinProcessor.java:462) ~[sponge-mixin-0.15.2+mixin.0.8.7.jar%2371!/:0.15.2+mixin.0.8.7]
	at MC-BOOTSTRAP/org.spongepowered.mixin/org.spongepowered.asm.mixin.transformer.MixinProcessor.checkSelect(MixinProcessor.java:438) ~[sponge-mixin-0.15.2+mixin.0.8.7.jar%2371!/:0.15.2+mixin.0.8.7]
	at MC-BOOTSTRAP/org.spongepowered.mixin/org.spongepowered.asm.mixin.transformer.MixinProcessor.applyMixins(MixinProcessor.java:290) ~[sponge-mixin-0.15.2+mixin.0.8.7.jar%2371!/:0.15.2+mixin.0.8.7]
	at MC-BOOTSTRAP/org.spongepowered.mixin/org.spongepowered.asm.mixin.transformer.MixinTransformer.transformClass(MixinTransformer.java:250) ~[sponge-mixin-0.15.2+mixin.0.8.7.jar%2371!/:0.15.2+mixin.0.8.7]
	at MC-BOOTSTRAP/org.spongepowered.mixin/org.spongepowered.asm.service.modlauncher.MixinTransformationHandler.processClass(MixinTransformationHandler.java:131) ~[sponge-mixin-0.15.2+mixin.0.8.7.jar%2371!/:0.15.2+mixin.0.8.7]
	at MC-BOOTSTRAP/org.spongepowered.mixin/org.spongepowered.asm.launch.MixinLaunchPluginLegacy.processClass(MixinLaunchPluginLegacy.java:131) ~[sponge-mixin-0.15.2+mixin.0.8.7.jar%2371!/:0.15.2+mixin.0.8.7]
	at MC-BOOTSTRAP/cpw.mods.modlauncher@11.0.5/cpw.mods.modlauncher.serviceapi.ILaunchPluginService.processClassWithFlags(ILaunchPluginService.java:156) ~[modlauncher-11.0.5.jar%2362!/:11.0.5+main.901c6ea8]
	at MC-BOOTSTRAP/cpw.mods.modlauncher@11.0.5/cpw.mods.modlauncher.LaunchPluginHandler.offerClassNodeToPlugins(LaunchPluginHandler.java:94) ~[modlauncher-11.0.5.jar%2362!/:?]
	at MC-BOOTSTRAP/cpw.mods.modlauncher@11.0.5/cpw.mods.modlauncher.ClassTransformer.transform(ClassTransformer.java:120) ~[modlauncher-11.0.5.jar%2362!/:?]
	at MC-BOOTSTRAP/cpw.mods.modlauncher@11.0.5/cpw.mods.modlauncher.TransformingClassLoader.maybeTransformClassBytes(TransformingClassLoader.java:57) ~[modlauncher-11.0.5.jar%2362!/:?]
	at cpw.mods.securejarhandler/cpw.mods.cl.ModuleClassLoader.readerToClass(ModuleClassLoader.java:190) ~[securejarhandler-3.0.8.jar:?]
	at cpw.mods.securejarhandler/cpw.mods.cl.ModuleClassLoader.lambda$findClass$20(ModuleClassLoader.java:298) ~[securejarhandler-3.0.8.jar:?]
	at cpw.mods.securejarhandler/cpw.mods.cl.ModuleClassLoader.loadFromModule(ModuleClassLoader.java:311) ~[securejarhandler-3.0.8.jar:?]
	at cpw.mods.securejarhandler/cpw.mods.cl.ModuleClassLoader.findClass(ModuleClassLoader.java:298) ~[securejarhandler-3.0.8.jar:?]
	at java.base/java.lang.ClassLoader.loadClass(ClassLoader.java:638) ~[?:?]
	at java.base/java.lang.Class.forName(Class.java:625) ~[?:?]
	at java.base/java.lang.Class.forName(Class.java:600) ~[?:?]
	at MC-BOOTSTRAP/fml_loader@4.0.41/net.neoforged.fml.loading.ImmediateWindowHandler$DummyProvider.lambda$updateModuleReads$1(ImmediateWindowHandler.java:173) ~[loader-4.0.41.jar%2357!/:4.0]
	at java.base/java.util.Optional.map(Optional.java:260) [?:?]
	at MC-BOOTSTRAP/fml_loader@4.0.41/net.neoforged.fml.loading.ImmediateWindowHandler$DummyProvider.updateModuleReads(ImmediateWindowHandler.java:173) [loader-4.0.41.jar%2357!/:4.0]
	at MC-BOOTSTRAP/fml_loader@4.0.41/net.neoforged.fml.loading.ImmediateWindowHandler.acceptGameLayer(ImmediateWindowHandler.java:94) [loader-4.0.41.jar%2357!/:4.0]
	at MC-BOOTSTRAP/fml_loader@4.0.41/net.neoforged.fml.loading.FMLLoader.beforeStart(FMLLoader.java:166) [loader-4.0.41.jar%2357!/:4.0]
	at MC-BOOTSTRAP/fml_loader@4.0.41/net.neoforged.fml.loading.targets.CommonLaunchHandler.launchService(CommonLaunchHandler.java:115) [loader-4.0.41.jar%2357!/:4.0]
	at MC-BOOTSTRAP/cpw.mods.modlauncher@11.0.5/cpw.mods.modlauncher.LaunchServiceHandlerDecorator.launch(LaunchServiceHandlerDecorator.java:30) [modlauncher-11.0.5.jar%2362!/:?]
	at MC-BOOTSTRAP/cpw.mods.modlauncher@11.0.5/cpw.mods.modlauncher.LaunchServiceHandler.launch(LaunchServiceHandler.java:53) [modlauncher-11.0.5.jar%2362!/:?]
	at MC-BOOTSTRAP/cpw.mods.modlauncher@11.0.5/cpw.mods.modlauncher.LaunchServiceHandler.launch(LaunchServiceHandler.java:71) [modlauncher-11.0.5.jar%2362!/:?]
	at MC-BOOTSTRAP/cpw.mods.modlauncher@11.0.5/cpw.mods.modlauncher.Launcher.run(Launcher.java:103) [modlauncher-11.0.5.jar%2362!/:?]
	at MC-BOOTSTRAP/cpw.mods.modlauncher@11.0.5/cpw.mods.modlauncher.Launcher.main(Launcher.java:74) [modlauncher-11.0.5.jar%2362!/:?]
	at MC-BOOTSTRAP/cpw.mods.modlauncher@11.0.5/cpw.mods.modlauncher.BootstrapLaunchConsumer.accept(BootstrapLaunchConsumer.java:26) [modlauncher-11.0.5.jar%2362!/:?]
	at MC-BOOTSTRAP/cpw.mods.modlauncher@11.0.5/cpw.mods.modlauncher.BootstrapLaunchConsumer.accept(BootstrapLaunchConsumer.java:23) [modlauncher-11.0.5.jar%2362!/:?]
	at cpw.mods.bootstraplauncher@2.0.2/cpw.mods.bootstraplauncher.BootstrapLauncher.run(BootstrapLauncher.java:210) [bootstraplauncher-2.0.2.jar:?]
	at cpw.mods.bootstraplauncher@2.0.2/cpw.mods.bootstraplauncher.BootstrapLauncher.main(BootstrapLauncher.java:69) [bootstraplauncher-2.0.2.jar:?]
	at java.base/jdk.internal.reflect.DirectMethodHandleAccessor.invoke(DirectMethodHandleAccessor.java:103) ~[?:?]
	at java.base/java.lang.reflect.Method.invoke(Method.java:580) ~[?:?]
	at net.neoforged.serverstarterjar.Main.mainLaunch(Main.java:297) [vanilla.jar:0.1.34]
	at net.neoforged.serverstarterjar.Main.main(Main.java:76) [vanilla.jar:0.1.34]
	at java.base/jdk.internal.reflect.DirectMethodHandleAccessor.invoke(DirectMethodHandleAccessor.java:103) ~[?:?]
	at java.base/java.lang.reflect.Method.invoke(Method.java:580) ~[?:?]
	at net.neoforged.serverstarterjar.Main8.main(Main8.java:19) [vanilla.jar:0.1.34]
[13Nov2025 07:43:46.197] [main/WARN] [mixin/]: Error loading class: net/vulkanmod/config/option/Options (java.lang.ClassNotFoundException: net.vulkanmod.config.option.Options)
[13Nov2025 07:43:46.198] [main/TRACE] [mixin/]: Added class metadata for net/vulkanmod/config/option/Options to metadata cache
[13Nov2025 07:43:46.198] [main/DEBUG] [mixin/]: Skipping virtual target net.vulkanmod.config.option.Options for c2me-client-uncapvd.mixins.json:MixinVKModOptions from mod c2me_client_uncapvd
[13Nov2025 07:43:46.198] [main/DEBUG] [mixin/]: Preparing creativecore.mixins.json (7)
[13Nov2025 07:43:46.208] [main/DEBUG] [net.neoforged.accesstransformer.AccessTransformer/AXFORM]: Transforming net.minecraft.server.packs.FilePackResources INNERCLASS SharedZipFileAccess to access PUBLIC and LEAVE
[13Nov2025 07:43:46.208] [main/DEBUG] [net.neoforged.accesstransformer.AccessTransformer/AXFORM]: Transforming net.minecraft.server.packs.FilePackResources METHOD <init>(Lnet/minecraft/server/packs/PackLocationInfo;Lnet/minecraft/server/packs/FilePackResources$SharedZipFileAccess;Ljava/lang/String;)V to access PUBLIC and LEAVE
[13Nov2025 07:43:46.208] [main/TRACE] [mixin/]: Added class metadata for net/minecraft/server/packs/FilePackResources to metadata cache
[13Nov2025 07:43:46.212] [main/TRACE] [mixin/]: Added class metadata for net/minecraft/server/packs/PathPackResources to metadata cache
[13Nov2025 07:43:46.214] [main/TRACE] [mixin/]: Added class metadata for net/minecraft/world/phys/shapes/Shapes to metadata cache
[13Nov2025 07:43:46.217] [main/TRACE] [mixin/]: Added class metadata for net/minecraft/server/packs/VanillaPackResources to metadata cache
[13Nov2025 07:43:46.221] [main/TRACE] [mixin/]: Added class metadata for net/minecraft/world/phys/shapes/VoxelShape to metadata cache
[13Nov2025 07:43:46.221] [main/DEBUG] [mixin/]: Preparing creativecore.forge.mixins.json (2)
[13Nov2025 07:43:46.221] [main/DEBUG] [mixin/]: Preparing c2me-server-utils.mixins.json (1)
[13Nov2025 07:43:46.224] [main/TRACE] [mixin/]: Added class metadata for net/minecraft/commands/Commands to metadata cache
[13Nov2025 07:43:46.224] [main/DEBUG] [mixin/]: Preparing forgeconfigapiport.common.mixins.json (0)
[13Nov2025 07:43:46.224] [main/DEBUG] [mixin/]: Preparing forgeconfigapiport.neoforge.mixins.json (0)
[13Nov2025 07:43:46.224] [main/DEBUG] [mixin/]: Preparing c2me-opts-dfc.mixins.json (11)
[13Nov2025 07:43:46.233] [main/DEBUG] [mixin/]: Preparing curios.neoforge.mixins.json (10)
[13Nov2025 07:43:46.241] [main/TRACE] [mixin/]: Added class metadata for top/theillusivec4/curios/api/CuriosApi to metadata cache
[13Nov2025 07:43:46.243] [main/TRACE] [mixin/]: Added class metadata for top/theillusivec4/curios/api/CuriosDataProvider to metadata cache
[13Nov2025 07:43:46.246] [main/TRACE] [mixin/]: Added class metadata for net/minecraft/world/entity/player/Inventory to metadata cache
[13Nov2025 07:43:46.250] [main/TRACE] [mixin/]: Added class metadata for net/minecraft/advancements/critereon/NbtPredicate to metadata cache
[13Nov2025 07:43:46.254] [main/TRACE] [mixin/]: Added class metadata for net/minecraft/util/datafix/schemas/V1460 to metadata cache
[13Nov2025 07:43:46.254] [main/DEBUG] [mixin/]: Preparing curios.mixins.json (3)
[13Nov2025 07:43:46.255] [main/TRACE] [mixin/]: Added class metadata for top/theillusivec4/curios/api/CuriosTriggers to metadata cache
[13Nov2025 07:43:46.255] [main/TRACE] [mixin/]: Added class metadata for top/theillusivec4/curios/api/CuriosTriggers$EquipBuilder to metadata cache
[13Nov2025 07:43:46.255] [main/DEBUG] [mixin/]: Preparing naturallychargedcreepers_neoforge.mixins.json (0)
[13Nov2025 07:43:46.255] [main/DEBUG] [mixin/]: Preparing collective_neoforge.mixins.json (7)
[13Nov2025 07:43:46.260] [main/DEBUG] [net.neoforged.accesstransformer.AccessTransformer/AXFORM]: Transforming net.minecraft.world.level.BaseSpawner FIELD spawnDelay to access PUBLIC and LEAVE
[13Nov2025 07:43:46.260] [main/DEBUG] [net.neoforged.accesstransformer.AccessTransformer/AXFORM]: Transforming net.minecraft.world.level.BaseSpawner FIELD spin to access PUBLIC and LEAVE
[13Nov2025 07:43:46.260] [main/DEBUG] [net.neoforged.accesstransformer.AccessTransformer/AXFORM]: Transforming net.minecraft.world.level.BaseSpawner FIELD oSpin to access PUBLIC and LEAVE
[13Nov2025 07:43:46.261] [main/DEBUG] [net.neoforged.accesstransformer.AccessTransformer/AXFORM]: Transforming net.minecraft.world.level.BaseSpawner FIELD spawnCount to access PUBLIC and LEAVE
[13Nov2025 07:43:46.261] [main/DEBUG] [net.neoforged.accesstransformer.AccessTransformer/AXFORM]: Transforming net.minecraft.world.level.BaseSpawner FIELD displayEntity to access PUBLIC and LEAVE
[13Nov2025 07:43:46.261] [main/DEBUG] [net.neoforged.accesstransformer.AccessTransformer/AXFORM]: Transforming net.minecraft.world.level.BaseSpawner FIELD maxNearbyEntities to access PUBLIC and LEAVE
[13Nov2025 07:43:46.261] [main/DEBUG] [net.neoforged.accesstransformer.AccessTransformer/AXFORM]: Transforming net.minecraft.world.level.BaseSpawner FIELD spawnRange to access PUBLIC and LEAVE
[13Nov2025 07:43:46.261] [main/DEBUG] [net.neoforged.accesstransformer.AccessTransformer/AXFORM]: Transforming net.minecraft.world.level.BaseSpawner METHOD isNearPlayer(Lnet/minecraft/world/level/Level;Lnet/minecraft/core/BlockPos;)Z to access PUBLIC and LEAVE
[13Nov2025 07:43:46.261] [main/DEBUG] [net.neoforged.accesstransformer.AccessTransformer/AXFORM]: Transforming net.minecraft.world.level.BaseSpawner METHOD delay(Lnet/minecraft/world/level/Level;Lnet/minecraft/core/BlockPos;)V to access PUBLIC and LEAVE
[13Nov2025 07:43:46.261] [main/DEBUG] [net.neoforged.accesstransformer.AccessTransformer/AXFORM]: Transforming net.minecraft.world.level.BaseSpawner METHOD setNextSpawnData(Lnet/minecraft/world/level/Level;Lnet/minecraft/core/BlockPos;Lnet/minecraft/world/level/SpawnData;)V to access PUBLIC and LEAVE
[13Nov2025 07:43:46.261] [main/DEBUG] [net.neoforged.accesstransformer.AccessTransformer/AXFORM]: Transforming net.minecraft.world.level.BaseSpawner METHOD getOrCreateNextSpawnData(Lnet/minecraft/world/level/Level;Lnet/minecraft/util/RandomSource;Lnet/minecraft/core/BlockPos;)Lnet/minecraft/world/level/SpawnData; to access PUBLIC and LEAVE
[13Nov2025 07:43:46.263] [main/TRACE] [mixin/]: Added class metadata for net/minecraft/world/level/BaseSpawner to metadata cache
[13Nov2025 07:43:46.264] [main/TRACE] [mixin/]: Added class metadata for net/minecraft/world/item/BoneMealItem to metadata cache
[13Nov2025 07:43:46.266] [main/TRACE] [mixin/]: Added class metadata for net/minecraft/world/level/storage/PrimaryLevelData to metadata cache
[13Nov2025 07:43:46.267] [main/DEBUG] [mixin/]: Preparing securitycraft.mixins.json (22)
[13Nov2025 07:43:46.305] [main/DEBUG] [net.neoforged.accesstransformer.AccessTransformer/AXFORM]: Transforming net.minecraft.world.entity.vehicle.Boat METHOD checkInWater()Z to access PUBLIC and LEAVE
[13Nov2025 07:43:46.309] [main/TRACE] [mixin/]: Added class metadata for net/minecraft/world/entity/vehicle/Boat to metadata cache
[13Nov2025 07:43:46.311] [main/DEBUG] [net.neoforged.accesstransformer.AccessTransformer/AXFORM]: Transforming net.minecraft.server.players.PlayerList FIELD playerIo to access PUBLIC and LEAVE
[13Nov2025 07:43:46.315] [main/TRACE] [mixin/]: Added class metadata for net/minecraft/server/players/PlayerList to metadata cache
[13Nov2025 07:43:46.316] [main/DEBUG] [net.neoforged.accesstransformer.AccessTransformer/AXFORM]: Transforming net.minecraft.server.level.ChunkMap$TrackedEntity CLASS to access PUBLIC and LEAVE
[13Nov2025 07:43:46.316] [main/DEBUG] [net.neoforged.accesstransformer.AccessTransformer/AXFORM]: Transforming net.minecraft.server.level.ChunkMap$TrackedEntity FIELD seenBy to access PUBLIC and LEAVE
[13Nov2025 07:43:46.317] [main/TRACE] [mixin/]: Added class metadata for net/minecraft/server/level/ChunkMap$TrackedEntity to metadata cache
[13Nov2025 07:43:46.320] [main/DEBUG] [net.neoforged.accesstransformer.AccessTransformer/AXFORM]: Transforming net.minecraft.util.datafix.fixes.ItemStackComponentizationFix INNERCLASS ItemStackData to access PUBLIC and LEAVE
[13Nov2025 07:43:46.325] [main/TRACE] [mixin/]: Added class metadata for net/minecraft/util/datafix/fixes/ItemStackComponentizationFix to metadata cache
[13Nov2025 07:43:46.326] [main/TRACE] [mixin/]: Added class metadata for net/minecraft/world/inventory/BrewingStandMenu to metadata cache
[13Nov2025 07:43:46.328] [main/DEBUG] [net.neoforged.accesstransformer.AccessTransformer/AXFORM]: Transforming net.minecraft.world.level.portal.PortalForcer FIELD level to access PROTECTED and LEAVE
[13Nov2025 07:43:46.329] [main/TRACE] [mixin/]: Added class metadata for net/minecraft/world/level/portal/PortalForcer to metadata cache
[13Nov2025 07:43:46.331] [main/TRACE] [mixin/]: Added class metadata for net/minecraft/world/item/ShearsItem to metadata cache
[13Nov2025 07:43:46.332] [main/DEBUG] [net.neoforged.accesstransformer.AccessTransformer/AXFORM]: Transforming net.minecraft.world.item.SwordItem METHOD createToolProperties()Lnet/minecraft/world/item/component/Tool; to access PUBLIC and LEAVE
[13Nov2025 07:43:46.332] [main/TRACE] [mixin/]: Added class metadata for net/minecraft/world/item/SwordItem to metadata cache
[13Nov2025 07:43:46.333] [main/TRACE] [mixin/]: Added class metadata for net/minecraft/world/item/BrushItem to metadata cache
[13Nov2025 07:43:46.333] [main/DEBUG] [mixin/]: Preparing c2me-notickvd.mixins.json (16)
[13Nov2025 07:43:46.340] [main/TRACE] [mixin/]: Added class metadata for com/ishland/c2me/rewrites/chunksystem/common/statuses/ServerAccessibleChunkSending to metadata cache
[13Nov2025 07:43:46.341] [main/TRACE] [mixin/]: Added class metadata for com/ishland/c2me/rewrites/chunksystem/common/statuses/ServerBlockTicking to metadata cache
[13Nov2025 07:43:46.342] [main/DEBUG] [mixin/]: Preparing elevatorid.mixins.json (0)
[13Nov2025 07:43:46.342] [main/DEBUG] [mixin/]: Preparing tombstone.mixins.json (23)
[13Nov2025 07:43:46.390] [main/DEBUG] [net.neoforged.accesstransformer.AccessTransformer/AXFORM]: Transforming net.minecraft.world.level.block.entity.BrushableBlockEntity FIELD brushCount to access PUBLIC and LEAVE
[13Nov2025 07:43:46.391] [main/DEBUG] [net.neoforged.accesstransformer.AccessTransformer/AXFORM]: Transforming net.minecraft.world.level.block.entity.BrushableBlockEntity FIELD brushCountResetsAtTick to access PUBLIC and LEAVE
[13Nov2025 07:43:46.391] [main/DEBUG] [net.neoforged.accesstransformer.AccessTransformer/AXFORM]: Transforming net.minecraft.world.level.block.entity.BrushableBlockEntity FIELD coolDownEndsAtTick to access PUBLIC and LEAVE
[13Nov2025 07:43:46.391] [main/DEBUG] [net.neoforged.accesstransformer.AccessTransformer/AXFORM]: Transforming net.minecraft.world.level.block.entity.BrushableBlockEntity FIELD hitDirection to access PUBLIC and LEAVE
[13Nov2025 07:43:46.391] [main/DEBUG] [net.neoforged.accesstransformer.AccessTransformer/AXFORM]: Transforming net.minecraft.world.level.block.entity.BrushableBlockEntity METHOD brushingCompleted(Lnet/minecraft/world/entity/player/Player;)V to access PUBLIC and LEAVE
[13Nov2025 07:43:46.391] [main/DEBUG] [net.neoforged.accesstransformer.AccessTransformer/AXFORM]: Transforming net.minecraft.world.level.block.entity.BrushableBlockEntity METHOD dropContent(Lnet/minecraft/world/entity/player/Player;)V to access PUBLIC and LEAVE
[13Nov2025 07:43:46.391] [main/DEBUG] [net.neoforged.accesstransformer.AccessTransformer/AXFORM]: Transforming net.minecraft.world.level.block.entity.BrushableBlockEntity METHOD getCompletionState()I to access PUBLIC and LEAVE
[13Nov2025 07:43:46.392] [main/TRACE] [mixin/]: Added class metadata for net/minecraft/world/level/block/entity/BrushableBlockEntity to metadata cache
[13Nov2025 07:43:46.394] [main/DEBUG] [net.neoforged.accesstransformer.AccessTransformer/AXFORM]: Transforming net.minecraft.world.level.block.ChestBlock METHOD <init>(Lnet/minecraft/world/level/block/state/BlockBehaviour$Properties;Ljava/util/function/Supplier;)V to access PUBLIC and LEAVE
[13Nov2025 07:43:46.394] [main/DEBUG] [net.neoforged.accesstransformer.AccessTransformer/AXFORM]: Transforming net.minecraft.world.level.block.ChestBlock METHOD candidatePartnerFacing(Lnet/minecraft/world/item/context/BlockPlaceContext;Lnet/minecraft/core/Direction;)Lnet/minecraft/core/Direction; to access PUBLIC and LEAVE
[13Nov2025 07:43:46.396] [main/TRACE] [mixin/]: Added class metadata for net/minecraft/world/level/block/ChestBlock to metadata cache
[13Nov2025 07:43:46.400] [main/DEBUG] [net.neoforged.accesstransformer.AccessTransformer/AXFORM]: Transforming net.minecraft.world.damagesource.DamageSources FIELD damageTypes to access PUBLIC and LEAVE
[13Nov2025 07:43:46.400] [main/DEBUG] [net.neoforged.accesstransformer.AccessTransformer/AXFORM]: Transforming net.minecraft.world.damagesource.DamageSources METHOD source(Lnet/minecraft/resources/ResourceKey;)Lnet/minecraft/world/damagesource/DamageSource; to access PUBLIC and LEAVE
[13Nov2025 07:43:46.400] [main/DEBUG] [net.neoforged.accesstransformer.AccessTransformer/AXFORM]: Transforming net.minecraft.world.damagesource.DamageSources METHOD source(Lnet/minecraft/resources/ResourceKey;Lnet/minecraft/world/entity/Entity;)Lnet/minecraft/world/damagesource/DamageSource; to access PUBLIC and LEAVE
[13Nov2025 07:43:46.400] [main/DEBUG] [net.neoforged.accesstransformer.AccessTransformer/AXFORM]: Transforming net.minecraft.world.damagesource.DamageSources METHOD source(Lnet/minecraft/resources/ResourceKey;Lnet/minecraft/world/entity/Entity;Lnet/minecraft/world/entity/Entity;)Lnet/minecraft/world/damagesource/DamageSource; to access PUBLIC and LEAVE
[13Nov2025 07:43:46.401] [main/TRACE] [mixin/]: Added class metadata for net/minecraft/world/damagesource/DamageSources to metadata cache
[13Nov2025 07:43:46.403] [main/TRACE] [mixin/]: Added class metadata for net/minecraft/server/dedicated/DedicatedServer to metadata cache
[13Nov2025 07:43:46.406] [main/TRACE] [mixin/]: Added class metadata for net/minecraft/commands/arguments/item/ItemInput to metadata cache
[13Nov2025 07:43:46.407] [main/TRACE] [mixin/]: Added class metadata for net/neoforged/neoforge/common/extensions/IItemStackExtension to metadata cache
[13Nov2025 07:43:46.409] [main/TRACE] [mixin/]: Added class metadata for net/minecraft/world/entity/monster/Monster to metadata cache
[13Nov2025 07:43:46.412] [main/TRACE] [mixin/]: Added class metadata for net/minecraft/world/item/PotionItem to metadata cache
[13Nov2025 07:43:46.413] [main/TRACE] [mixin/]: Added class metadata for net/minecraft/world/level/block/WebBlock to metadata cache
[13Nov2025 07:43:46.415] [main/DEBUG] [net.neoforged.accesstransformer.AccessTransformer/AXFORM]: Transforming net.minecraft.world.item.crafting.ShapedRecipe FIELD pattern to access PUBLIC and LEAVE
[13Nov2025 07:43:46.415] [main/DEBUG] [net.neoforged.accesstransformer.AccessTransformer/AXFORM]: Transforming net.minecraft.world.item.crafting.ShapedRecipe FIELD result to access PUBLIC and LEAVE
[13Nov2025 07:43:46.415] [main/DEBUG] [net.neoforged.accesstransformer.AccessTransformer/AXFORM]: Transforming net.minecraft.world.item.crafting.ShapedRecipe FIELD group to access PUBLIC and LEAVE
[13Nov2025 07:43:46.415] [main/DEBUG] [net.neoforged.accesstransformer.AccessTransformer/AXFORM]: Transforming net.minecraft.world.item.crafting.ShapedRecipe FIELD category to access PUBLIC and LEAVE
[13Nov2025 07:43:46.415] [main/DEBUG] [net.neoforged.accesstransformer.AccessTransformer/AXFORM]: Transforming net.minecraft.world.item.crafting.ShapedRecipe FIELD showNotification to access PUBLIC and LEAVE
[13Nov2025 07:43:46.416] [main/TRACE] [mixin/]: Added class metadata for net/minecraft/world/item/crafting/ShapedRecipe to metadata cache
[13Nov2025 07:43:46.416] [main/TRACE] [mixin/]: Added class metadata for net/minecraft/world/item/crafting/ShapelessRecipe to metadata cache
[13Nov2025 07:43:46.416] [main/DEBUG] [mixin/]: Preparing c2me-opts-worldgen-general.mixins.json (3)
[13Nov2025 07:43:46.418] [main/TRACE] [mixin/]: Added class metadata for net/minecraft/world/level/levelgen/feature/GeodeFeature to metadata cache
[13Nov2025 07:43:46.418] [main/TRACE] [mixin/]: Added class metadata for net/minecraft/world/level/levelgen/structure/placement/RandomSpreadStructurePlacement to metadata cache
[13Nov2025 07:43:46.419] [main/TRACE] [mixin/]: Added class metadata for net/minecraft/world/level/levelgen/structure/placement/StructurePlacement to metadata cache
[13Nov2025 07:43:46.419] [main/DEBUG] [mixin/]: Preparing c2me-opts-chunkio.mixins.json (2)
[13Nov2025 07:43:46.419] [main/DEBUG] [mixin/]: Preparing mvs-neoforge.mixins.json (1)
[13Nov2025 07:43:46.470] [main/DEBUG] [mixin/]: Preparing mvs-common.mixins.json (10)
[13Nov2025 07:43:46.472] [main/DEBUG] [mixin/]: Preparing architectury.mixins.json (11)
[13Nov2025 07:43:46.477] [main/DEBUG] [net.neoforged.accesstransformer.AccessTransformer/AXFORM]: Transforming net.minecraft.world.item.BucketItem FIELD content to access PUBLIC and LEAVE
[13Nov2025 07:43:46.478] [main/TRACE] [mixin/]: Added class metadata for net/minecraft/world/item/BucketItem to metadata cache
[13Nov2025 07:43:46.479] [main/DEBUG] [net.neoforged.accesstransformer.AccessTransformer/AXFORM]: Transforming net.minecraft.world.level.block.LiquidBlock FIELD fluid to access PUBLIC and LEAVE
[13Nov2025 07:43:46.480] [main/DEBUG] [net.neoforged.accesstransformer.AccessTransformer/AXFORM]: Transforming net.minecraft.world.level.block.LiquidBlock METHOD <init>(Lnet/minecraft/world/level/material/FlowingFluid;Lnet/minecraft/world/level/block/state/BlockBehaviour$Properties;)V to access PUBLIC and LEAVE
[13Nov2025 07:43:46.480] [main/TRACE] [mixin/]: Added class metadata for net/minecraft/world/level/block/LiquidBlock to metadata cache
[13Nov2025 07:43:46.483] [main/TRACE] [mixin/]: Added class metadata for net/minecraft/world/entity/item/FallingBlockEntity to metadata cache
[13Nov2025 07:43:46.484] [main/TRACE] [mixin/]: Added class metadata for dev/architectury/extensions/ItemExtension to metadata cache
[13Nov2025 07:43:46.484] [main/TRACE] [mixin/]: Added class metadata for net/neoforged/neoforge/event/level/LevelEvent to metadata cache
[13Nov2025 07:43:46.484] [main/DEBUG] [mixin/]: Preparing architectury-common.mixins.json (9)
[13Nov2025 07:43:46.494] [main/TRACE] [mixin/]: Added class metadata for net/minecraft/world/entity/EntityType to metadata cache
[13Nov2025 07:43:46.495] [main/TRACE] [mixin/]: Added class metadata for net/minecraft/world/level/material/Fluid to metadata cache
[13Nov2025 07:43:46.495] [main/DEBUG] [net.neoforged.accesstransformer.AccessTransformer/AXFORM]: Transforming net.minecraft.world.food.FoodProperties$Builder FIELD eatSeconds to access PUBLIC and LEAVE
[13Nov2025 07:43:46.496] [main/TRACE] [mixin/]: Added class metadata for net/minecraft/world/food/FoodProperties$Builder to metadata cache
[13Nov2025 07:43:46.496] [main/DEBUG] [net.neoforged.accesstransformer.AccessTransformer/AXFORM]: Transforming net.minecraft.world.item.Item$Properties FIELD components to access PUBLIC and LEAVE
[13Nov2025 07:43:46.496] [main/DEBUG] [net.neoforged.accesstransformer.AccessTransformer/AXFORM]: Transforming net.minecraft.world.item.Item$Properties FIELD craftingRemainingItem to access PUBLIC and LEAVE
[13Nov2025 07:43:46.496] [main/DEBUG] [net.neoforged.accesstransformer.AccessTransformer/AXFORM]: Transforming net.minecraft.world.item.Item$Properties FIELD requiredFeatures to access PUBLIC and LEAVE
[13Nov2025 07:43:46.497] [main/TRACE] [mixin/]: Added class metadata for net/minecraft/world/item/Item$Properties to metadata cache
[13Nov2025 07:43:46.498] [main/TRACE] [mixin/]: Added class metadata for net/minecraft/world/entity/LightningBolt to metadata cache
[13Nov2025 07:43:46.498] [main/DEBUG] [mixin/]: Preparing uranus.mixins.json (13)
[13Nov2025 07:43:46.511] [main/DEBUG] [net.neoforged.accesstransformer.AccessTransformer/AXFORM]: Transforming net.minecraft.world.item.ItemStack METHOD addToTooltip(Lnet/minecraft/core/component/DataComponentType;Lnet/minecraft/world/item/Item$TooltipContext;Ljava/util/function/Consumer;Lnet/minecraft/world/item/TooltipFlag;)V to access PUBLIC and LEAVE
[13Nov2025 07:43:46.515] [main/TRACE] [mixin/]: Added class metadata for net/minecraft/server/level/ServerEntity to metadata cache
[13Nov2025 07:43:46.516] [main/DEBUG] [mixin/]: Preparing uranus-neoforge.mixins.json (1)
[13Nov2025 07:43:46.516] [main/DEBUG] [mixin/]: Preparing refurbished_furniture.common.mixins.json (12)
[13Nov2025 07:43:46.551] [main/DEBUG] [mixin/]: Preparing puzzleslib.common.mixins.json (5)
[13Nov2025 07:43:46.580] [main/TRACE] [mixin/]: Added class metadata for net/minecraft/world/entity/vehicle/AbstractMinecart to metadata cache
[13Nov2025 07:43:46.584] [main/DEBUG] [mixin/]: Preparing puzzleslib.neoforge.mixins.json (11)
[13Nov2025 07:43:46.598] [main/DEBUG] [net.neoforged.accesstransformer.AccessTransformer/AXFORM]: Transforming net.minecraft.data.tags.TagsProvider INNERCLASS TagAppender to access PUBLIC and LEAVE
[13Nov2025 07:43:46.598] [main/DEBUG] [net.neoforged.accesstransformer.AccessTransformer/AXFORM]: Transforming net.minecraft.data.tags.TagsProvider FIELD builders to access PROTECTED and LEAVE
[13Nov2025 07:43:46.599] [main/DEBUG] [net.neoforged.accesstransformer.AccessTransformer/AXFORM]: Transforming net.minecraft.data.tags.TagsProvider METHOD getName()Ljava/lang/String; to access PUBLIC and REMOVEFINAL
[13Nov2025 07:43:46.601] [main/TRACE] [mixin/]: Added class metadata for net/minecraft/data/tags/TagsProvider to metadata cache
[13Nov2025 07:43:46.602] [main/DEBUG] [net.neoforged.accesstransformer.AccessTransformer/AXFORM]: Transforming net.minecraft.world.level.biome.BiomeSpecialEffects$Builder FIELD fogColor to access PUBLIC and LEAVE
[13Nov2025 07:43:46.602] [main/DEBUG] [net.neoforged.accesstransformer.AccessTransformer/AXFORM]: Transforming net.minecraft.world.level.biome.BiomeSpecialEffects$Builder FIELD waterColor to access PUBLIC and LEAVE
[13Nov2025 07:43:46.602] [main/DEBUG] [net.neoforged.accesstransformer.AccessTransformer/AXFORM]: Transforming net.minecraft.world.level.biome.BiomeSpecialEffects$Builder FIELD waterFogColor to access PUBLIC and LEAVE
[13Nov2025 07:43:46.602] [main/DEBUG] [net.neoforged.accesstransformer.AccessTransformer/AXFORM]: Transforming net.minecraft.world.level.biome.BiomeSpecialEffects$Builder FIELD skyColor to access PUBLIC and LEAVE
[13Nov2025 07:43:46.602] [main/DEBUG] [net.neoforged.accesstransformer.AccessTransformer/AXFORM]: Transforming net.minecraft.world.level.biome.BiomeSpecialEffects$Builder FIELD foliageColorOverride to access PUBLIC and LEAVE
[13Nov2025 07:43:46.603] [main/DEBUG] [net.neoforged.accesstransformer.AccessTransformer/AXFORM]: Transforming net.minecraft.world.level.biome.BiomeSpecialEffects$Builder FIELD grassColorOverride to access PUBLIC and LEAVE
[13Nov2025 07:43:46.603] [main/DEBUG] [net.neoforged.accesstransformer.AccessTransformer/AXFORM]: Transforming net.minecraft.world.level.biome.BiomeSpecialEffects$Builder FIELD grassColorModifier to access PUBLIC and LEAVE
[13Nov2025 07:43:46.603] [main/DEBUG] [net.neoforged.accesstransformer.AccessTransformer/AXFORM]: Transforming net.minecraft.world.level.biome.BiomeSpecialEffects$Builder FIELD ambientParticle to access PUBLIC and LEAVE
[13Nov2025 07:43:46.603] [main/DEBUG] [net.neoforged.accesstransformer.AccessTransformer/AXFORM]: Transforming net.minecraft.world.level.biome.BiomeSpecialEffects$Builder FIELD ambientLoopSoundEvent to access PUBLIC and LEAVE
[13Nov2025 07:43:46.603] [main/DEBUG] [net.neoforged.accesstransformer.AccessTransformer/AXFORM]: Transforming net.minecraft.world.level.biome.BiomeSpecialEffects$Builder FIELD ambientMoodSettings to access PUBLIC and LEAVE
[13Nov2025 07:43:46.603] [main/DEBUG] [net.neoforged.accesstransformer.AccessTransformer/AXFORM]: Transforming net.minecraft.world.level.biome.BiomeSpecialEffects$Builder FIELD ambientAdditionsSettings to access PUBLIC and LEAVE
[13Nov2025 07:43:46.603] [main/DEBUG] [net.neoforged.accesstransformer.AccessTransformer/AXFORM]: Transforming net.minecraft.world.level.biome.BiomeSpecialEffects$Builder FIELD backgroundMusic to access PUBLIC and LEAVE
[13Nov2025 07:43:46.604] [main/TRACE] [mixin/]: Added class metadata for net/minecraft/world/level/biome/BiomeSpecialEffects$Builder to metadata cache
[13Nov2025 07:43:46.605] [main/DEBUG] [net.neoforged.accesstransformer.AccessTransformer/AXFORM]: Transforming net.minecraft.world.level.biome.MobSpawnSettings$Builder FIELD spawners to access PUBLIC and LEAVE
[13Nov2025 07:43:46.605] [main/DEBUG] [net.neoforged.accesstransformer.AccessTransformer/AXFORM]: Transforming net.minecraft.world.level.biome.MobSpawnSettings$Builder FIELD mobSpawnCosts to access PUBLIC and LEAVE
[13Nov2025 07:43:46.605] [main/DEBUG] [net.neoforged.accesstransformer.AccessTransformer/AXFORM]: Transforming net.minecraft.world.level.biome.MobSpawnSettings$Builder FIELD creatureGenerationProbability to access PUBLIC and LEAVE
[13Nov2025 07:43:46.606] [main/TRACE] [mixin/]: Added class metadata for net/minecraft/world/level/biome/MobSpawnSettings$Builder to metadata cache
[13Nov2025 07:43:46.607] [main/TRACE] [mixin/]: Added class metadata for net/neoforged/neoforge/registries/NewRegistryEvent to metadata cache
[13Nov2025 07:43:46.607] [main/DEBUG] [mixin/]: Preparing c2me-rewrites-chunkio.mixins.json (5)
[13Nov2025 07:43:46.609] [main/TRACE] [mixin/]: Added class metadata for net/minecraft/world/level/chunk/storage/SimpleRegionStorage to metadata cache
[13Nov2025 07:43:46.610] [main/TRACE] [mixin/]: Added class metadata for net/minecraft/world/level/chunk/storage/RecreatingChunkStorage to metadata cache
[13Nov2025 07:43:46.610] [main/TRACE] [mixin/]: Added class metadata for net/minecraft/world/level/chunk/storage/RecreatingSimpleRegionStorage to metadata cache
[13Nov2025 07:43:46.610] [main/DEBUG] [mixin/]: Preparing expandability-common.mixins.json (10)
[13Nov2025 07:43:46.619] [main/TRACE] [mixin/]: Added class metadata for net/minecraft/world/level/block/BubbleColumnBlock to metadata cache
[13Nov2025 07:43:46.620] [main/TRACE] [mixin/]: Added class metadata for net/minecraft/world/damagesource/FallLocation to metadata cache
[13Nov2025 07:43:46.620] [main/DEBUG] [mixin/]: Preparing expandability.mixins.json (4)
[13Nov2025 07:43:46.621] [main/DEBUG] [mixin/]: Preparing playerrevive.mixins.json (6)
[13Nov2025 07:43:46.625] [main/DEBUG] [net.neoforged.accesstransformer.AccessTransformer/AXFORM]: Transforming net.minecraft.world.damagesource.CombatTracker FIELD INTENTIONAL_GAME_DESIGN_STYLE to access PUBLIC and LEAVE
[13Nov2025 07:43:46.625] [main/DEBUG] [net.neoforged.accesstransformer.AccessTransformer/AXFORM]: Transforming net.minecraft.world.damagesource.CombatTracker METHOD getFallMessage(Lnet/minecraft/world/damagesource/CombatEntry;Lnet/minecraft/world/entity/Entity;)Lnet/minecraft/network/chat/Component; to access PUBLIC and LEAVE
[13Nov2025 07:43:46.625] [main/DEBUG] [net.neoforged.accesstransformer.AccessTransformer/AXFORM]: Transforming net.minecraft.world.damagesource.CombatTracker METHOD getMostSignificantFall()Lnet/minecraft/world/damagesource/CombatEntry; to access PUBLIC and LEAVE
[13Nov2025 07:43:46.626] [main/TRACE] [mixin/]: Added class metadata for net/minecraft/world/damagesource/CombatTracker to metadata cache
[13Nov2025 07:43:46.626] [main/DEBUG] [mixin/]: Preparing c2me-opts-allocs.mixins.json (9)
[13Nov2025 07:43:46.632] [main/DEBUG] [net.neoforged.accesstransformer.AccessTransformer/AXFORM]: Transforming net.minecraft.resources.ResourceLocation CLASS to access PUBLIC and REMOVEFINAL
[13Nov2025 07:43:46.633] [main/DEBUG] [net.neoforged.accesstransformer.AccessTransformer/AXFORM]: Transforming net.minecraft.resources.ResourceLocation METHOD validNamespaceChar(C)Z to access PUBLIC and LEAVE
[13Nov2025 07:43:46.636] [main/TRACE] [mixin/]: Added class metadata for net/minecraft/resources/ResourceLocation to metadata cache
[13Nov2025 07:43:46.643] [main/TRACE] [mixin/]: Added class metadata for net/minecraft/Util to metadata cache
[13Nov2025 07:43:46.643] [main/TRACE] [mixin/]: Added class metadata for net/minecraft/world/level/levelgen/material/MaterialRuleList to metadata cache
[13Nov2025 07:43:46.644] [main/TRACE] [mixin/]: Added class metadata for net/minecraft/world/level/levelgen/feature/ConfiguredFeature to metadata cache
[13Nov2025 07:43:46.645] [main/TRACE] [mixin/]: Added class metadata for net/minecraft/world/level/levelgen/feature/OreFeature to metadata cache
[13Nov2025 07:43:46.646] [main/DEBUG] [net.neoforged.accesstransformer.AccessTransformer/AXFORM]: Transforming net.minecraft.world.level.levelgen.SurfaceRules$Context CLASS to access PUBLIC and LEAVE
[13Nov2025 07:43:46.647] [main/TRACE] [mixin/]: Added class metadata for net/minecraft/world/level/levelgen/SurfaceRules$Context to metadata cache
[13Nov2025 07:43:46.648] [main/DEBUG] [net.neoforged.accesstransformer.AccessTransformer/AXFORM]: Transforming net.minecraft.world.level.levelgen.SurfaceRules$SequenceRule CLASS to access PUBLIC and LEAVE
[13Nov2025 07:43:46.648] [main/DEBUG] [net.neoforged.accesstransformer.AccessTransformer/AXFORM]: Transforming net.minecraft.world.level.levelgen.SurfaceRules$SequenceRule METHOD <init>(Ljava/util/List;)V to access PUBLIC and LEAVE
[13Nov2025 07:43:46.649] [main/TRACE] [mixin/]: Added class metadata for net/minecraft/world/level/levelgen/SurfaceRules$SequenceRule to metadata cache
[13Nov2025 07:43:46.650] [main/DEBUG] [net.neoforged.accesstransformer.AccessTransformer/AXFORM]: Transforming net.minecraft.world.level.levelgen.SurfaceRules$SequenceRuleSource CLASS to access PUBLIC and LEAVE
[13Nov2025 07:43:46.650] [main/DEBUG] [net.neoforged.accesstransformer.AccessTransformer/AXFORM]: Transforming net.minecraft.world.level.levelgen.SurfaceRules$SequenceRuleSource METHOD <init>(Ljava/util/List;)V to access PUBLIC and LEAVE
[13Nov2025 07:43:46.650] [main/TRACE] [mixin/]: Added class metadata for net/minecraft/world/level/levelgen/SurfaceRules$SequenceRuleSource to metadata cache
[13Nov2025 07:43:46.650] [main/DEBUG] [mixin/]: Preparing treeharvester_forge.mixins.json (0)
[13Nov2025 07:43:46.650] [main/DEBUG] [mixin/]: Preparing naturallychargedcreepers_forge.mixins.json (0)
[13Nov2025 07:43:46.650] [main/DEBUG] [mixin/]: Preparing collective_forge.mixins.json (6)
[13Nov2025 07:43:46.652] [main/DEBUG] [mixin/]: Preparing mixinextras.init.mixins.json (0)
[13Nov2025 07:43:46.652] [main/DEBUG] [mixin/]: Preparing mixinsquared.init.mixins.json (0)
[13Nov2025 07:43:46.725] [main/TRACE] [mixin/]: Added class metadata for java/lang/invoke/MethodHandles$Lookup to metadata cache
[13Nov2025 07:43:46.728] [main/DEBUG] [net.neoforged.accesstransformer.AccessTransformer/AXFORM]: Transforming net.minecraft.world.level.levelgen.structure.structures.StrongholdPieces$StrongholdPiece CLASS to access PUBLIC and LEAVE
[13Nov2025 07:43:46.729] [main/TRACE] [mixin/]: Added class metadata for net/minecraft/world/level/levelgen/structure/structures/StrongholdPieces$StrongholdPiece to metadata cache
[13Nov2025 07:43:46.730] [main/TRACE] [mixin/]: Added class metadata for com/ishland/c2me/fixes/worldgen/threading_issues/common/IStrongholdGenerator$Holder to metadata cache
[13Nov2025 07:43:46.731] [main/TRACE] [mixin/]: Added class metadata for net/minecraft/world/level/levelgen/structure/templatesystem/StructureTemplate$StructureEntityInfo to metadata cache
[13Nov2025 07:43:46.731] [main/TRACE] [mixin/]: Added class metadata for net/minecraft/world/level/levelgen/structure/templatesystem/StructureTemplate$StructureBlockInfo to metadata cache
[13Nov2025 07:43:46.732] [main/DEBUG] [net.neoforged.accesstransformer.AccessTransformer/AXFORM]: Transforming net.minecraft.world.level.levelgen.structure.structures.WoodlandMansionPieces$SimpleGrid CLASS to access PUBLIC and LEAVE
[13Nov2025 07:43:46.733] [main/TRACE] [mixin/]: Added class metadata for net/minecraft/world/level/levelgen/structure/structures/WoodlandMansionPieces$SimpleGrid to metadata cache
[13Nov2025 07:43:46.735] [main/DEBUG] [net.neoforged.accesstransformer.AccessTransformer/AXFORM]: Transforming net.minecraft.core.Holder$Reference METHOD bindKey(Lnet/minecraft/resources/ResourceKey;)V to access PUBLIC and LEAVE
[13Nov2025 07:43:46.735] [main/DEBUG] [net.neoforged.accesstransformer.AccessTransformer/AXFORM]: Transforming net.minecraft.core.Holder$Reference METHOD bindValue(Ljava/lang/Object;)V to access PUBLIC and LEAVE
[13Nov2025 07:43:46.735] [main/DEBUG] [net.neoforged.accesstransformer.AccessTransformer/AXFORM]: Transforming net.minecraft.core.Holder$Reference METHOD bindTags(Ljava/util/Collection;)V to access PUBLIC and LEAVE
[13Nov2025 07:43:46.736] [main/TRACE] [mixin/]: Added class metadata for net/minecraft/core/Holder$Reference to metadata cache
[13Nov2025 07:43:46.739] [main/DEBUG] [net.neoforged.accesstransformer.AccessTransformer/AXFORM]: Transforming net.minecraft.server.packs.resources.FallbackResourceManager$PackEntry CLASS to access PUBLIC and LEAVE
[13Nov2025 07:43:46.740] [main/TRACE] [mixin/]: Added class metadata for net/minecraft/server/packs/resources/FallbackResourceManager$PackEntry to metadata cache
[13Nov2025 07:43:46.742] [main/TRACE] [mixin/]: Added class metadata for net/minecraft/commands/arguments/ResourceOrTagKeyArgument$Result to metadata cache
[13Nov2025 07:43:46.747] [main/TRACE] [mixin/]: Added class metadata for net/minecraft/world/entity/ai/attributes/AttributeSupplier$Builder to metadata cache
[13Nov2025 07:43:46.748] [main/TRACE] [mixin/]: Added class metadata for org/spongepowered/asm/mixin/injection/At$Shift to metadata cache
[13Nov2025 07:43:46.776] [main/TRACE] [mixin/]: Added class metadata for java/util/Map$Entry to metadata cache
[13Nov2025 07:43:46.776] [main/TRACE] [mixin/]: Added class metadata for net/minecraft/tags/TagLoader$EntryWithSource to metadata cache
[13Nov2025 07:43:46.777] [main/TRACE] [mixin/]: Added class metadata for net/minecraft/world/item/Item$TooltipContext to metadata cache
[13Nov2025 07:43:46.777] [main/TRACE] [mixin/]: Added class metadata for artifacts/component/ability/EquipmentAbility$TooltipWriter to metadata cache
[13Nov2025 07:43:46.780] [main/TRACE] [mixin/]: Added class metadata for net/minecraft/server/ReloadableServerRegistries$Holder to metadata cache
[13Nov2025 07:43:46.780] [main/TRACE] [mixin/]: Added class metadata for net/minecraft/world/level/storage/loot/LootParams$Builder to metadata cache
[13Nov2025 07:43:46.780] [main/TRACE] [mixin/]: Added class metadata for net/minecraft/world/level/NaturalSpawner$SpawnPredicate to metadata cache
[13Nov2025 07:43:46.780] [main/TRACE] [mixin/]: Added class metadata for net/minecraft/world/level/NaturalSpawner$AfterSpawnCallback to metadata cache
[13Nov2025 07:43:46.782] [main/TRACE] [mixin/]: Added class metadata for artifacts/item/ArtifactItem to metadata cache
[13Nov2025 07:43:46.783] [main/TRACE] [mixin/]: Added class metadata for artifacts/config/value/Value$ConfigValue to metadata cache
[13Nov2025 07:43:46.784] [main/TRACE] [mixin/]: Added class metadata for glitchcore/event/player/PlayerInteractEvent$UseItem to metadata cache
[13Nov2025 07:43:46.784] [main/TRACE] [mixin/]: Added class metadata for glitchcore/event/entity/LivingEntityUseItemEvent$Finish to metadata cache
[13Nov2025 07:43:46.785] [main/TRACE] [mixin/]: Added class metadata for net/minecraft/server/network/ConfigurationTask$Type to metadata cache
[13Nov2025 07:43:46.786] [main/TRACE] [mixin/]: Added class metadata for net/minecraft/server/network/ServerCommonPacketListenerImpl to metadata cache
[13Nov2025 07:43:46.786] [main/TRACE] [mixin/]: Added class metadata for glitchcore/event/player/PlayerEvent$JoinLevel to metadata cache
[13Nov2025 07:43:46.786] [main/TRACE] [mixin/]: Added class metadata for glitchcore/event/player/PlayerEvent$ChangeDimension to metadata cache
[13Nov2025 07:43:46.787] [main/TRACE] [mixin/]: Added class metadata for net/minecraft/network/protocol/common/custom/CustomPacketPayload$Type to metadata cache
[13Nov2025 07:43:46.787] [main/TRACE] [mixin/]: Added class metadata for glitchcore/neoforge/network/GCPayloadFactory$PacketPayload to metadata cache
[13Nov2025 07:43:46.788] [main/TRACE] [mixin/]: Added class metadata for glitchcore/neoforge/mixin/impl/MixinPacketHandler$1 to metadata cache
[13Nov2025 07:43:46.788] [main/TRACE] [mixin/]: Added class metadata for net/jodah/typetools/TypeResolver$Unknown to metadata cache
[13Nov2025 07:43:46.788] [main/TRACE] [mixin/]: Added class metadata for glitchcore/network/CustomPacket$Phase to metadata cache
[13Nov2025 07:43:46.788] [main/TRACE] [mixin/]: Added class metadata for glitchcore/neoforge/network/GCPayloadFactory$PayloadHandler to metadata cache
[13Nov2025 07:43:46.789] [main/TRACE] [mixin/]: Added class metadata for net/minecraft/world/level/biome/Biome$Precipitation to metadata cache
[13Nov2025 07:43:46.791] [main/TRACE] [mixin/]: Added class metadata for net/minecraft/core/HolderLookup$Provider to metadata cache
[13Nov2025 07:43:46.795] [main/TRACE] [mixin/]: Added class metadata for com/ishland/c2me/rewrites/chunksystem/common/async_chunkio/AsyncSerializationManager$Scope to metadata cache
[13Nov2025 07:43:46.796] [main/TRACE] [mixin/]: Added class metadata for net/minecraft/server/level/ChunkHolder$PlayerProvider to metadata cache
[13Nov2025 07:43:46.801] [main/DEBUG] [net.neoforged.accesstransformer.AccessTransformer/AXFORM]: Transforming net.minecraft.world.level.levelgen.DensityFunctions$WeirdScaledSampler CLASS to access PUBLIC and LEAVE
[13Nov2025 07:43:46.802] [main/TRACE] [mixin/]: Added class metadata for net/minecraft/world/level/levelgen/DensityFunctions$WeirdScaledSampler to metadata cache
[13Nov2025 07:43:46.804] [main/DEBUG] [net.neoforged.accesstransformer.AccessTransformer/AXFORM]: Transforming net.minecraft.server.level.ServerChunkCache$MainThreadExecutor CLASS to access PUBLIC and LEAVE
[13Nov2025 07:43:46.805] [main/TRACE] [mixin/]: Added class metadata for net/minecraft/server/level/ServerChunkCache$MainThreadExecutor to metadata cache
[13Nov2025 07:43:46.806] [main/DEBUG] [net.neoforged.accesstransformer.AccessTransformer/AXFORM]: Transforming net.minecraft.server.level.ThreadedLevelLightEngine$TaskType CLASS to access PUBLIC and LEAVE
[13Nov2025 07:43:46.806] [main/TRACE] [mixin/]: Added class metadata for net/minecraft/server/level/ThreadedLevelLightEngine$TaskType to metadata cache
[13Nov2025 07:43:46.812] [main/TRACE] [mixin/]: Added class metadata for com/ishland/c2me/base/common/threadstate/ThreadState$WorkClosable to metadata cache
[13Nov2025 07:43:46.813] [main/DEBUG] [net.neoforged.accesstransformer.AccessTransformer/AXFORM]: Transforming net.minecraft.world.level.chunk.storage.IOWorker$PendingStore CLASS to access PUBLIC and LEAVE
[13Nov2025 07:43:46.814] [main/DEBUG] [net.neoforged.accesstransformer.AccessTransformer/AXFORM]: Transforming net.minecraft.world.level.chunk.storage.IOWorker$PendingStore FIELD data to access PUBLIC and LEAVE
[13Nov2025 07:43:46.814] [main/DEBUG] [net.neoforged.accesstransformer.AccessTransformer/AXFORM]: Transforming net.minecraft.world.level.chunk.storage.IOWorker$PendingStore FIELD result to access PUBLIC and LEAVE
[13Nov2025 07:43:46.814] [main/TRACE] [mixin/]: Added class metadata for net/minecraft/world/level/chunk/storage/IOWorker$PendingStore to metadata cache
[13Nov2025 07:43:46.815] [main/TRACE] [mixin/]: Added class metadata for com/ishland/c2me/fixes/worldgen/vanilla_bugs/mixin/ensure_chunk_status_before_callback/MixinChunkHolder$1 to metadata cache
[13Nov2025 07:43:46.815] [main/TRACE] [mixin/]: Added class metadata for net/minecraft/world/level/levelgen/DensityFunction$FunctionContext to metadata cache
[13Nov2025 07:43:46.815] [main/TRACE] [mixin/]: Added class metadata for net/minecraft/world/level/levelgen/Aquifer$FluidPicker to metadata cache
[13Nov2025 07:43:46.816] [main/TRACE] [mixin/]: Added class metadata for net/minecraft/world/level/levelgen/DensityFunction$SinglePointContext to metadata cache
[13Nov2025 07:43:46.817] [main/TRACE] [mixin/]: Added class metadata for net/minecraft/world/level/biome/Climate$Sampler to metadata cache
[13Nov2025 07:43:46.817] [main/TRACE] [mixin/]: Added class metadata for com/ishland/c2me/opts/worldgen/vanilla/mixin/tlcache/MixinBlock$1 to metadata cache
[13Nov2025 07:43:46.818] [main/DEBUG] [mixin/]: Inner class com/ishland/c2me/opts/worldgen/vanilla/mixin/tlcache/MixinBlock$1 in com/ishland/c2me/opts/worldgen/vanilla/mixin/tlcache/MixinBlock on net/minecraft/world/level/block/Block gets unique name net/minecraft/world/level/block/Block$Anonymous$48cb195695cc4befaec1168eb533d034
[13Nov2025 07:43:46.820] [main/TRACE] [mixin/]: Added class metadata for net/minecraft/util/thread/ReentrantBlockableEventLoop to metadata cache
[13Nov2025 07:43:46.821] [main/TRACE] [mixin/]: Added class metadata for it/unimi/dsi/fastutil/longs/Long2ObjectMap$Entry to metadata cache
[13Nov2025 07:43:46.821] [main/TRACE] [mixin/]: Added class metadata for it/unimi/dsi/fastutil/longs/Long2ObjectSortedMap$FastSortedEntrySet to metadata cache
[13Nov2025 07:43:46.823] [main/TRACE] [mixin/]: Added class metadata for net/minecraft/server/level/ChunkHolder$LevelChangeListener to metadata cache
[13Nov2025 07:43:46.825] [main/TRACE] [mixin/]: Added class metadata for com/google/common/collect/ImmutableList$Builder to metadata cache
[13Nov2025 07:43:46.826] [main/DEBUG] [net.neoforged.accesstransformer.AccessTransformer/AXFORM]: Transforming net.minecraft.server.packs.FilePackResources$SharedZipFileAccess CLASS to access PUBLIC and LEAVE
[13Nov2025 07:43:46.826] [main/DEBUG] [net.neoforged.accesstransformer.AccessTransformer/AXFORM]: Transforming net.minecraft.server.packs.FilePackResources$SharedZipFileAccess METHOD <init>(Ljava/io/File;)V to access PUBLIC and LEAVE
[13Nov2025 07:43:46.827] [main/TRACE] [mixin/]: Added class metadata for net/minecraft/server/packs/FilePackResources$SharedZipFileAccess to metadata cache
[13Nov2025 07:43:46.830] [main/TRACE] [mixin/]: Added class metadata for net/minecraft/world/entity/ai/attributes/AttributeModifier$Operation to metadata cache
[13Nov2025 07:43:46.832] [main/TRACE] [mixin/]: Added class metadata for top/theillusivec4/curios/common/util/EquipCurioTrigger$TriggerInstance to metadata cache
[13Nov2025 07:43:46.836] [main/TRACE] [mixin/]: Added class metadata for net/minecraft/advancements/critereon/ItemPredicate$Builder to metadata cache
[13Nov2025 07:43:46.839] [main/TRACE] [mixin/]: Added class metadata for net/minecraft/advancements/critereon/LocationPredicate$Builder to metadata cache
[13Nov2025 07:43:46.839] [main/TRACE] [mixin/]: Added class metadata for top/theillusivec4/curios/api/SlotPredicate$Builder to metadata cache
[13Nov2025 07:43:46.841] [main/TRACE] [mixin/]: Added class metadata for com/natamus/collective_common_neoforge/globalcallbacks/CachedBlockEntityCallback$On_Block_Entity_Added to metadata cache
[13Nov2025 07:43:46.841] [main/TRACE] [mixin/]: Added class metadata for com/natamus/collective_common_neoforge/globalcallbacks/CachedBlockEntityCallback$On_Block_Entity_Removed to metadata cache
[13Nov2025 07:43:46.843] [main/TRACE] [mixin/]: Added class metadata for com/natamus/collective_common_neoforge/globalcallbacks/GlobalCropCallback$On_Bone_Meal_Apply to metadata cache
[13Nov2025 07:43:46.843] [main/TRACE] [mixin/]: Added class metadata for com/natamus/collective_common_neoforge/globalcallbacks/GlobalCropCallback$On_General_Bone_Meal_Apply to metadata cache
[13Nov2025 07:43:46.846] [main/DEBUG] [net.neoforged.accesstransformer.AccessTransformer/AXFORM]: Transforming net.minecraft.world.entity.vehicle.VehicleEntity METHOD getDropItem()Lnet/minecraft/world/item/Item; to access PROTECTED and LEAVE
[13Nov2025 07:43:46.848] [main/TRACE] [mixin/]: Added class metadata for net/minecraft/world/entity/vehicle/VehicleEntity to metadata cache
[13Nov2025 07:43:46.851] [main/TRACE] [mixin/]: Added class metadata for net/minecraft/server/level/ChunkTrackingView$Positioned to metadata cache
[13Nov2025 07:43:46.854] [main/DEBUG] [net.neoforged.accesstransformer.AccessTransformer/AXFORM]: Transforming net.minecraft.util.datafix.fixes.ItemStackComponentizationFix$ItemStackData CLASS to access PUBLIC and LEAVE
[13Nov2025 07:43:46.855] [main/TRACE] [mixin/]: Added class metadata for net/minecraft/util/datafix/fixes/ItemStackComponentizationFix$ItemStackData to metadata cache
[13Nov2025 07:43:46.856] [main/TRACE] [mixin/]: Added class metadata for com/mojang/datafixers/DSL$TypeReference to metadata cache
[13Nov2025 07:43:46.858] [main/TRACE] [mixin/]: Added class metadata for net/geforcemods/securitycraft/SCTags$Blocks to metadata cache
[13Nov2025 07:43:46.861] [main/TRACE] [mixin/]: Added class metadata for net/minecraft/world/item/component/Tool$Rule to metadata cache
[13Nov2025 07:43:46.862] [main/TRACE] [mixin/]: Added class metadata for net/minecraft/world/level/ClipContext$Block to metadata cache
[13Nov2025 07:43:46.862] [main/TRACE] [mixin/]: Added class metadata for net/minecraft/world/level/ClipContext$Fluid to metadata cache
[13Nov2025 07:43:46.862] [main/TRACE] [mixin/]: Added class metadata for net/minecraft/world/phys/HitResult$Type to metadata cache
[13Nov2025 07:43:46.869] [main/TRACE] [mixin/]: Added class metadata for ovh/corail/tombstone/helper/UpdaterHandler$PoolType to metadata cache
[13Nov2025 07:43:46.871] [main/DEBUG] [net.neoforged.accesstransformer.AccessTransformer/AXFORM]: Transforming net.minecraft.world.level.block.state.BlockBehaviour$Properties FIELD mapColor to access PUBLIC and LEAVE
[13Nov2025 07:43:46.871] [main/DEBUG] [net.neoforged.accesstransformer.AccessTransformer/AXFORM]: Transforming net.minecraft.world.level.block.state.BlockBehaviour$Properties FIELD hasCollision to access PUBLIC and REMOVEFINAL
[13Nov2025 07:43:46.871] [main/DEBUG] [net.neoforged.accesstransformer.AccessTransformer/AXFORM]: Transforming net.minecraft.world.level.block.state.BlockBehaviour$Properties FIELD soundType to access PUBLIC and REMOVEFINAL
[13Nov2025 07:43:46.871] [main/DEBUG] [net.neoforged.accesstransformer.AccessTransformer/AXFORM]: Transforming net.minecraft.world.level.block.state.BlockBehaviour$Properties FIELD lightEmission to access PUBLIC and REMOVEFINAL
[13Nov2025 07:43:46.871] [main/DEBUG] [net.neoforged.accesstransformer.AccessTransformer/AXFORM]: Transforming net.minecraft.world.level.block.state.BlockBehaviour$Properties FIELD explosionResistance to access PUBLIC and REMOVEFINAL
[13Nov2025 07:43:46.871] [main/DEBUG] [net.neoforged.accesstransformer.AccessTransformer/AXFORM]: Transforming net.minecraft.world.level.block.state.BlockBehaviour$Properties FIELD destroyTime to access PUBLIC and REMOVEFINAL
[13Nov2025 07:43:46.871] [main/DEBUG] [net.neoforged.accesstransformer.AccessTransformer/AXFORM]: Transforming net.minecraft.world.level.block.state.BlockBehaviour$Properties FIELD requiresCorrectToolForDrops to access PUBLIC and REMOVEFINAL
[13Nov2025 07:43:46.872] [main/DEBUG] [net.neoforged.accesstransformer.AccessTransformer/AXFORM]: Transforming net.minecraft.world.level.block.state.BlockBehaviour$Properties FIELD isRandomlyTicking to access PUBLIC and REMOVEFINAL
[13Nov2025 07:43:46.872] [main/DEBUG] [net.neoforged.accesstransformer.AccessTransformer/AXFORM]: Transforming net.minecraft.world.level.block.state.BlockBehaviour$Properties FIELD friction to access PUBLIC and REMOVEFINAL
[13Nov2025 07:43:46.872] [main/DEBUG] [net.neoforged.accesstransformer.AccessTransformer/AXFORM]: Transforming net.minecraft.world.level.block.state.BlockBehaviour$Properties FIELD speedFactor to access PUBLIC and REMOVEFINAL
[13Nov2025 07:43:46.872] [main/DEBUG] [net.neoforged.accesstransformer.AccessTransformer/AXFORM]: Transforming net.minecraft.world.level.block.state.BlockBehaviour$Properties FIELD jumpFactor to access PUBLIC and REMOVEFINAL
[13Nov2025 07:43:46.872] [main/DEBUG] [net.neoforged.accesstransformer.AccessTransformer/AXFORM]: Transforming net.minecraft.world.level.block.state.BlockBehaviour$Properties FIELD drops to access PUBLIC and LEAVE
[13Nov2025 07:43:46.872] [main/DEBUG] [net.neoforged.accesstransformer.AccessTransformer/AXFORM]: Transforming net.minecraft.world.level.block.state.BlockBehaviour$Properties FIELD canOcclude to access PUBLIC and REMOVEFINAL
[13Nov2025 07:43:46.872] [main/DEBUG] [net.neoforged.accesstransformer.AccessTransformer/AXFORM]: Transforming net.minecraft.world.level.block.state.BlockBehaviour$Properties FIELD isAir to access PUBLIC and REMOVEFINAL
[13Nov2025 07:43:46.872] [main/DEBUG] [net.neoforged.accesstransformer.AccessTransformer/AXFORM]: Transforming net.minecraft.world.level.block.state.BlockBehaviour$Properties FIELD ignitedByLava to access PUBLIC and LEAVE
[13Nov2025 07:43:46.872] [main/DEBUG] [net.neoforged.accesstransformer.AccessTransformer/AXFORM]: Transforming net.minecraft.world.level.block.state.BlockBehaviour$Properties FIELD liquid to access PUBLIC and LEAVE
[13Nov2025 07:43:46.872] [main/DEBUG] [net.neoforged.accesstransformer.AccessTransformer/AXFORM]: Transforming net.minecraft.world.level.block.state.BlockBehaviour$Properties FIELD forceSolidOff to access PUBLIC and LEAVE
[13Nov2025 07:43:46.872] [main/DEBUG] [net.neoforged.accesstransformer.AccessTransformer/AXFORM]: Transforming net.minecraft.world.level.block.state.BlockBehaviour$Properties FIELD forceSolidOn to access PUBLIC and LEAVE
[13Nov2025 07:43:46.872] [main/DEBUG] [net.neoforged.accesstransformer.AccessTransformer/AXFORM]: Transforming net.minecraft.world.level.block.state.BlockBehaviour$Properties FIELD pushReaction to access PUBLIC and LEAVE
[13Nov2025 07:43:46.872] [main/DEBUG] [net.neoforged.accesstransformer.AccessTransformer/AXFORM]: Transforming net.minecraft.world.level.block.state.BlockBehaviour$Properties FIELD spawnTerrainParticles to access PUBLIC and LEAVE
[13Nov2025 07:43:46.872] [main/DEBUG] [net.neoforged.accesstransformer.AccessTransformer/AXFORM]: Transforming net.minecraft.world.level.block.state.BlockBehaviour$Properties FIELD instrument to access PUBLIC and LEAVE
[13Nov2025 07:43:46.872] [main/DEBUG] [net.neoforged.accesstransformer.AccessTransformer/AXFORM]: Transforming net.minecraft.world.level.block.state.BlockBehaviour$Properties FIELD replaceable to access PUBLIC and LEAVE
[13Nov2025 07:43:46.872] [main/DEBUG] [net.neoforged.accesstransformer.AccessTransformer/AXFORM]: Transforming net.minecraft.world.level.block.state.BlockBehaviour$Properties FIELD isValidSpawn to access PUBLIC and REMOVEFINAL
[13Nov2025 07:43:46.872] [main/DEBUG] [net.neoforged.accesstransformer.AccessTransformer/AXFORM]: Transforming net.minecraft.world.level.block.state.BlockBehaviour$Properties FIELD isRedstoneConductor to access PUBLIC and REMOVEFINAL
[13Nov2025 07:43:46.872] [main/DEBUG] [net.neoforged.accesstransformer.AccessTransformer/AXFORM]: Transforming net.minecraft.world.level.block.state.BlockBehaviour$Properties FIELD isSuffocating to access PUBLIC and REMOVEFINAL
[13Nov2025 07:43:46.872] [main/DEBUG] [net.neoforged.accesstransformer.AccessTransformer/AXFORM]: Transforming net.minecraft.world.level.block.state.BlockBehaviour$Properties FIELD isViewBlocking to access PUBLIC and REMOVEFINAL
[13Nov2025 07:43:46.872] [main/DEBUG] [net.neoforged.accesstransformer.AccessTransformer/AXFORM]: Transforming net.minecraft.world.level.block.state.BlockBehaviour$Properties FIELD hasPostProcess to access PUBLIC and REMOVEFINAL
[13Nov2025 07:43:46.872] [main/DEBUG] [net.neoforged.accesstransformer.AccessTransformer/AXFORM]: Transforming net.minecraft.world.level.block.state.BlockBehaviour$Properties FIELD emissiveRendering to access PUBLIC and REMOVEFINAL
[13Nov2025 07:43:46.872] [main/DEBUG] [net.neoforged.accesstransformer.AccessTransformer/AXFORM]: Transforming net.minecraft.world.level.block.state.BlockBehaviour$Properties FIELD dynamicShape to access PUBLIC and REMOVEFINAL
[13Nov2025 07:43:46.872] [main/DEBUG] [net.neoforged.accesstransformer.AccessTransformer/AXFORM]: Transforming net.minecraft.world.level.block.state.BlockBehaviour$Properties FIELD requiredFeatures to access PUBLIC and LEAVE
[13Nov2025 07:43:46.872] [main/DEBUG] [net.neoforged.accesstransformer.AccessTransformer/AXFORM]: Transforming net.minecraft.world.level.block.state.BlockBehaviour$Properties FIELD offsetFunction to access PUBLIC and LEAVE
[13Nov2025 07:43:46.872] [main/DEBUG] [net.neoforged.accesstransformer.AccessTransformer/AXFORM]: Transforming net.minecraft.world.level.block.state.BlockBehaviour$Properties METHOD <init>()V to access PUBLIC and LEAVE
[13Nov2025 07:43:46.873] [main/TRACE] [mixin/]: Added class metadata for net/minecraft/world/level/block/state/BlockBehaviour$Properties to metadata cache
[13Nov2025 07:43:46.874] [main/TRACE] [mixin/]: Added class metadata for net/minecraft/world/level/block/AbstractChestBlock to metadata cache
[13Nov2025 07:43:46.875] [main/TRACE] [mixin/]: Added class metadata for ovh/corail/tombstone/config/SharedConfigTombstone$Enchantments to metadata cache
[13Nov2025 07:43:46.875] [main/TRACE] [mixin/]: Added class metadata for net/neoforged/neoforge/common/ModConfigSpec$ConfigValue to metadata cache
[13Nov2025 07:43:46.880] [main/TRACE] [mixin/]: Added class metadata for ovh/corail/tombstone/config/ConfigTombstone$Alignment to metadata cache
[13Nov2025 07:43:46.882] [main/TRACE] [mixin/]: Added class metadata for dev/architectury/event/events/common/PlayerEvent$FillBucket to metadata cache
[13Nov2025 07:43:46.882] [main/TRACE] [mixin/]: Added class metadata for net/neoforged/neoforge/event/level/ChunkDataEvent$Load to metadata cache
[13Nov2025 07:43:46.883] [main/TRACE] [mixin/]: Added class metadata for dev/architectury/event/forge/EventHandlerImplCommon$LevelEventAttachment to metadata cache
[13Nov2025 07:43:46.884] [main/TRACE] [mixin/]: Added class metadata for dev/architectury/event/events/common/BlockEvent$FallingLand to metadata cache
[13Nov2025 07:43:46.885] [main/TRACE] [mixin/]: Added class metadata for dev/architectury/event/events/common/LightningEvent$Strike to metadata cache
[13Nov2025 07:43:46.885] [main/TRACE] [mixin/]: Added class metadata for com/iafenvoy/uranus/event/EntityEvents$Tracking to metadata cache
[13Nov2025 07:43:46.886] [main/TRACE] [mixin/]: Added class metadata for com/iafenvoy/uranus/event/LivingEntityEvents$Fall to metadata cache
[13Nov2025 07:43:46.886] [main/TRACE] [mixin/]: Added class metadata for com/iafenvoy/uranus/event/LivingEntityEvents$DamageCallback to metadata cache
[13Nov2025 07:43:46.887] [main/TRACE] [mixin/]: Added class metadata for com/iafenvoy/uranus/event/PlayerEvents$PlayerLoggedInOrOut to metadata cache
[13Nov2025 07:43:46.888] [main/TRACE] [mixin/]: Added class metadata for net/minecraft/world/entity/Entity$RemovalReason to metadata cache
[13Nov2025 07:43:46.888] [main/TRACE] [mixin/]: Added class metadata for com/iafenvoy/uranus/event/EntityEvents$JoinWorld to metadata cache
[13Nov2025 07:43:46.890] [main/TRACE] [mixin/]: Added class metadata for com/mrcrayfish/furniture/refurbished/electricity/ElectricityTicker$Access to metadata cache
[13Nov2025 07:43:46.891] [main/TRACE] [mixin/]: Added class metadata for com/mrcrayfish/furniture/refurbished/electricity/LinkManager$Access to metadata cache
[13Nov2025 07:43:46.891] [main/TRACE] [mixin/]: Added class metadata for net/minecraft/world/entity/vehicle/AbstractMinecart$Type to metadata cache
[13Nov2025 07:43:46.892] [main/TRACE] [mixin/]: Added class metadata for net/minecraft/world/level/biome/MobSpawnSettings$MobSpawnCost to metadata cache
[13Nov2025 07:43:46.893] [main/TRACE] [mixin/]: Added class metadata for net/minecraft/util/thread/StrictQueue$IntRunnable to metadata cache
[13Nov2025 07:43:46.896] [main/TRACE] [mixin/]: Added class metadata for team/creative/playerrevive/PlayerReviveConfig$Bleeding to metadata cache
[13Nov2025 07:43:46.897] [main/TRACE] [mixin/]: Added class metadata for net/minecraft/world/level/levelgen/NoiseChunk$BlockStateFiller to metadata cache
[13Nov2025 07:43:46.900] [main/TRACE] [mixin/]: Added class metadata for net/minecraft/core/BlockPos$MutableBlockPos to metadata cache
[13Nov2025 07:43:46.901] [main/DEBUG] [net.neoforged.accesstransformer.AccessTransformer/AXFORM]: Transforming net.minecraft.world.level.levelgen.SurfaceRules$SurfaceRule CLASS to access PUBLIC and LEAVE
[13Nov2025 07:43:46.901] [main/TRACE] [mixin/]: Added class metadata for net/minecraft/world/level/levelgen/SurfaceRules$SurfaceRule to metadata cache
[13Nov2025 07:43:46.902] [main/TRACE] [mixin/]: Added class metadata for net/minecraft/world/level/levelgen/SurfaceRules$RuleSource to metadata cache
[13Nov2025 07:43:46.905] [main/DEBUG] [mixin/]: Prepared 372 mixins in 2.593 sec (7.0ms avg) (0ms load, 0ms transform, 0ms plugin)
[13Nov2025 07:43:47.146] [main/DEBUG] [io.netty.util.ResourceLeakDetector/]: -Dio.netty.leakDetection.level: simple
[13Nov2025 07:43:47.147] [main/DEBUG] [io.netty.util.ResourceLeakDetector/]: -Dio.netty.leakDetection.targetRecords: 4
[13Nov2025 07:43:47.367] [main/INFO] [MixinExtras|Service/]: Initializing MixinExtras via com.llamalad7.mixinextras.service.MixinExtrasServiceImpl(version=0.5.0).
[13Nov2025 07:43:47.368] [main/DEBUG] [mixin/]: Registering new injector for @SugarWrapper with com.llamalad7.mixinextras.sugar.impl.SugarWrapperInjectionInfo
[13Nov2025 07:43:47.369] [main/DEBUG] [mixin/]: Registering new injector for @FactoryRedirectWrapper with com.llamalad7.mixinextras.wrapper.factory.FactoryRedirectWrapperInjectionInfo
[13Nov2025 07:43:47.369] [main/DEBUG] [mixin/]: Registering new injector for @ExpressionInjectorWrapper with com.llamalad7.mixinextras.expression.impl.wrapper.ExpressionInjectorWrapperInjectionInfo
[13Nov2025 07:43:47.377] [main/DEBUG] [mixin/]: Mixing access.INbtCompound from c2me-base.mixins.json into net.minecraft.nbt.CompoundTag
[13Nov2025 07:43:47.416] [main/DEBUG] [mixin/]: Mixing MixinIdentifier from c2me-opts-allocs.mixins.json into net.minecraft.resources.ResourceLocation
[13Nov2025 07:43:47.497] [main/WARN] [net.minecraft.SystemReport/]: Failed retrieving info for group hardware
java.lang.NoClassDefFoundError: com/sun/jna/Platform
	at MC-BOOTSTRAP/com.github.oshi@6.4.10/oshi.SystemInfo.<clinit>(SystemInfo.java:40) ~[oshi-core-6.4.10.jar%2395!/:6.4.10]
	at TRANSFORMER/minecraft@1.21.1/net.minecraft.SystemReport.lambda$new$2(SystemReport.java:56) ~[server-1.21.1-20240808.144430-srg.jar%23154!/:?]
	at TRANSFORMER/minecraft@1.21.1/net.minecraft.SystemReport.ignoreErrors(SystemReport.java:87) ~[server-1.21.1-20240808.144430-srg.jar%23154!/:?]
	at TRANSFORMER/minecraft@1.21.1/net.minecraft.SystemReport.<init>(SystemReport.java:56) ~[server-1.21.1-20240808.144430-srg.jar%23154!/:?]
	at TRANSFORMER/minecraft@1.21.1/net.minecraft.CrashReport.<init>(CrashReport.java:32) ~[server-1.21.1-20240808.144430-srg.jar%23154!/:?]
	at TRANSFORMER/minecraft@1.21.1/net.minecraft.CrashReport.preload(CrashReport.java:206) ~[server-1.21.1-20240808.144430-srg.jar%23154!/:?]
	at TRANSFORMER/minecraft@1.21.1/net.minecraft.server.Main.main(Main.java:115) ~[server-1.21.1-20240808.144430-srg.jar%23154!/:?]
	at java.base/jdk.internal.reflect.DirectMethodHandleAccessor.invoke(DirectMethodHandleAccessor.java:103) ~[?:?]
	at java.base/java.lang.reflect.Method.invoke(Method.java:580) ~[?:?]
	at MC-BOOTSTRAP/fml_loader@4.0.41/net.neoforged.fml.loading.targets.CommonLaunchHandler.runTarget(CommonLaunchHandler.java:136) ~[loader-4.0.41.jar%2357!/:4.0]
	at MC-BOOTSTRAP/fml_loader@4.0.41/net.neoforged.fml.loading.targets.CommonLaunchHandler.serverService(CommonLaunchHandler.java:128) ~[loader-4.0.41.jar%2357!/:4.0]
	at MC-BOOTSTRAP/fml_loader@4.0.41/net.neoforged.fml.loading.targets.CommonServerLaunchHandler.runService(CommonServerLaunchHandler.java:32) ~[loader-4.0.41.jar%2357!/:4.0]
	at MC-BOOTSTRAP/fml_loader@4.0.41/net.neoforged.fml.loading.targets.CommonLaunchHandler.lambda$launchService$4(CommonLaunchHandler.java:118) ~[loader-4.0.41.jar%2357!/:4.0]
	at MC-BOOTSTRAP/cpw.mods.modlauncher@11.0.5/cpw.mods.modlauncher.LaunchServiceHandlerDecorator.launch(LaunchServiceHandlerDecorator.java:30) [modlauncher-11.0.5.jar%2362!/:?]
	at MC-BOOTSTRAP/cpw.mods.modlauncher@11.0.5/cpw.mods.modlauncher.LaunchServiceHandler.launch(LaunchServiceHandler.java:53) [modlauncher-11.0.5.jar%2362!/:?]
	at MC-BOOTSTRAP/cpw.mods.modlauncher@11.0.5/cpw.mods.modlauncher.LaunchServiceHandler.launch(LaunchServiceHandler.java:71) [modlauncher-11.0.5.jar%2362!/:?]
	at MC-BOOTSTRAP/cpw.mods.modlauncher@11.0.5/cpw.mods.modlauncher.Launcher.run(Launcher.java:103) [modlauncher-11.0.5.jar%2362!/:?]
	at MC-BOOTSTRAP/cpw.mods.modlauncher@11.0.5/cpw.mods.modlauncher.Launcher.main(Launcher.java:74) [modlauncher-11.0.5.jar%2362!/:?]
	at MC-BOOTSTRAP/cpw.mods.modlauncher@11.0.5/cpw.mods.modlauncher.BootstrapLaunchConsumer.accept(BootstrapLaunchConsumer.java:26) [modlauncher-11.0.5.jar%2362!/:?]
	at MC-BOOTSTRAP/cpw.mods.modlauncher@11.0.5/cpw.mods.modlauncher.BootstrapLaunchConsumer.accept(BootstrapLaunchConsumer.java:23) [modlauncher-11.0.5.jar%2362!/:?]
	at cpw.mods.bootstraplauncher@2.0.2/cpw.mods.bootstraplauncher.BootstrapLauncher.run(BootstrapLauncher.java:210) [bootstraplauncher-2.0.2.jar:?]
	at cpw.mods.bootstraplauncher@2.0.2/cpw.mods.bootstraplauncher.BootstrapLauncher.main(BootstrapLauncher.java:69) [bootstraplauncher-2.0.2.jar:?]
	at java.base/jdk.internal.reflect.DirectMethodHandleAccessor.invoke(DirectMethodHandleAccessor.java:103) ~[?:?]
	at java.base/java.lang.reflect.Method.invoke(Method.java:580) ~[?:?]
	at net.neoforged.serverstarterjar.Main.mainLaunch(Main.java:297) [vanilla.jar:0.1.34]
	at net.neoforged.serverstarterjar.Main.main(Main.java:76) [vanilla.jar:0.1.34]
	at java.base/jdk.internal.reflect.DirectMethodHandleAccessor.invoke(DirectMethodHandleAccessor.java:103) ~[?:?]
	at java.base/java.lang.reflect.Method.invoke(Method.java:580) ~[?:?]
	at net.neoforged.serverstarterjar.Main8.main(Main8.java:19) [vanilla.jar:0.1.34]
Caused by: java.lang.ClassNotFoundException: com.sun.jna.Platform
	at java.base/jdk.internal.loader.BuiltinClassLoader.loadClass(BuiltinClassLoader.java:641) ~[?:?]
	at java.base/java.lang.ClassLoader.loadClass(ClassLoader.java:526) ~[?:?]
	at cpw.mods.securejarhandler/cpw.mods.cl.ModuleClassLoader.loadClass(ModuleClassLoader.java:216) ~[securejarhandler-3.0.8.jar:?]
	at java.base/java.lang.ClassLoader.loadClass(ClassLoader.java:526) ~[?:?]
	... 29 more
[13Nov2025 07:43:47.507] [main/DEBUG] [mixin/]: Mixing MixinUtil from c2me-opts-allocs.mixins.json into net.minecraft.Util
[13Nov2025 07:43:47.508] [main/DEBUG] [mixin/]: Renaming synthetic method lambda$combineCancellable$2(Ljava/util/concurrent/CompletableFuture;Ljava/util/List;Ljava/lang/Object;Ljava/lang/Throwable;)V to md277493$c2me_opts_allocs$lambda$combineCancellable$2$0 in c2me-opts-allocs.mixins.json:MixinUtil from mod c2me_opts_allocs
[13Nov2025 07:43:47.508] [main/DEBUG] [mixin/]: Renaming synthetic method lambda$combineCancellable$1(Ljava/util/concurrent/CompletableFuture;)V to md277493$c2me_opts_allocs$lambda$combineCancellable$1$1 in c2me-opts-allocs.mixins.json:MixinUtil from mod c2me_opts_allocs
[13Nov2025 07:43:47.509] [main/DEBUG] [mixin/]: Renaming synthetic method lambda$combine$0(Ljava/util/concurrent/CompletableFuture;Ljava/lang/Object;Ljava/lang/Throwable;)V to md277493$c2me_opts_allocs$lambda$combine$0$2 in c2me-opts-allocs.mixins.json:MixinUtil from mod c2me_opts_allocs
[13Nov2025 07:43:47.861] [main/DEBUG] [mixin/]: Mixing MappedRegistryAccessor from neoforge.mixins.json into net.minecraft.core.MappedRegistry
[13Nov2025 07:43:48.073] [main/DEBUG] [mixin/]: Mixing inject.MixinBlock from architectury-common.mixins.json into net.minecraft.world.level.block.Block
[13Nov2025 07:43:48.075] [main/DEBUG] [mixin/]: architectury-common.mixins.json:inject.MixinBlock from mod architectury: Class version 65 required is higher than the class version supported by the current version of Mixin (JAVA_16 supports class version 60)
[13Nov2025 07:43:48.075] [main/DEBUG] [mixin/]: Mixing tlcache.MixinBlock from c2me-opts-worldgen-vanilla.mixins.json into net.minecraft.world.level.block.Block
[13Nov2025 07:43:48.079] [main/DEBUG] [mixin/]: Renaming synthetic method lambda$static$0()Lit/unimi/dsi/fastutil/objects/Object2BooleanLinkedOpenHashMap; to md277493$c2me_opts_worldgen_vanilla$lambda$static$0$0 in c2me-opts-worldgen-vanilla.mixins.json:tlcache.MixinBlock from mod c2me_opts_worldgen_vanilla
[13Nov2025 07:43:48.123] [main/DEBUG] [mixin/]: Mixing MixinBlockStateBase from sereneseasons.mixins.json into net.minecraft.world.level.block.state.BlockBehaviour$BlockStateBase
[13Nov2025 07:43:48.123] [main/DEBUG] [mixin/]: sereneseasons.mixins.json:MixinBlockStateBase from mod sereneseasons: Class version 65 required is higher than the class version supported by the current version of Mixin (JAVA_17 supports class version 61)
[13Nov2025 07:43:48.125] [main/DEBUG] [mixin/]: Mixing fluidcollision.BlockStateBaseMixin from expandability-common.mixins.json into net.minecraft.world.level.block.state.BlockBehaviour$BlockStateBase
[13Nov2025 07:43:48.126] [main/DEBUG] [mixin/]: expandability-common.mixins.json:fluidcollision.BlockStateBaseMixin from mod expandability: Class version 65 required is higher than the class version supported by the current version of Mixin (JAVA_17 supports class version 61)
[13Nov2025 07:43:48.159] [main/DEBUG] [mixin/]: sereneseasons.mixins.json:MixinBlockStateBase from mod sereneseasons->@Inject::onRandomTick(Lnet/minecraft/server/level/ServerLevel;Lnet/minecraft/core/BlockPos;Lnet/minecraft/util/RandomSource;Lorg/spongepowered/asm/mixin/injection/callback/CallbackInfo;)V does use it's CallbackInfo
[13Nov2025 07:43:48.166] [main/DEBUG] [mixin/]: Mixing access.IState from c2me-base.mixins.json into net.minecraft.world.level.block.state.StateHolder
[13Nov2025 07:43:48.197] [main/DEBUG] [mixin/]: Mixing ability.damageimmunity.EntityMixin from mixins.artifacts.common.json into net.minecraft.world.entity.Entity
[13Nov2025 07:43:48.199] [main/DEBUG] [mixin/]: Renaming synthetic method lambda$isInvulnerableTo$0(Lnet/minecraft/world/entity/LivingEntity;Lnet/minecraft/world/damagesource/DamageSource;Lartifacts/component/ability/DamageImmunity;)Z to md277493$artifacts$lambda$isInvulnerableTo$0$0 in mixins.artifacts.common.json:ability.damageimmunity.EntityMixin from mod artifacts
[13Nov2025 07:43:48.209] [main/DEBUG] [mixin/]: Mixing ability.fluidcollision.EntityMixin from mixins.artifacts.common.json into net.minecraft.world.entity.Entity
[13Nov2025 07:43:48.240] [main/DEBUG] [mixin/]: Mixing accessors.EntityAccessor from mixins.artifacts.common.json into net.minecraft.world.entity.Entity
[13Nov2025 07:43:48.240] [main/DEBUG] [mixin/]: Mixing attribute.flatulence.EntityMixin from mixins.artifacts.common.json into net.minecraft.world.entity.Entity
[13Nov2025 07:43:48.247] [main/DEBUG] [mixin/]: Mixing item.umbrella.EntityMixin from mixins.artifacts.common.json into net.minecraft.world.entity.Entity
[13Nov2025 07:43:48.248] [main/DEBUG] [mixin/]: Mixing AccessorEntity from curios.mixins.json into net.minecraft.world.entity.Entity
[13Nov2025 07:43:48.249] [main/DEBUG] [mixin/]: Mixing EntityMixin from tombstone.mixins.json into net.minecraft.world.entity.Entity
[13Nov2025 07:43:48.249] [main/DEBUG] [mixin/]: Renaming synthetic method lambda$methodDeflection$0(Lnet/minecraft/world/entity/projectile/Projectile;Lnet/minecraft/world/entity/Entity;Lnet/minecraft/util/RandomSource;)V to md277493$tombstone$lambda$methodDeflection$0$1 in tombstone.mixins.json:EntityMixin from mod tombstone
[13Nov2025 07:43:48.263] [main/DEBUG] [mixin/]: Mixing EntityMixin from uranus.mixins.json into net.minecraft.world.entity.Entity
[13Nov2025 07:43:48.263] [main/DEBUG] [mixin/]: uranus.mixins.json:EntityMixin from mod uranus: Class version 65 required is higher than the class version supported by the current version of Mixin (JAVA_17 supports class version 61)
[13Nov2025 07:43:48.265] [main/DEBUG] [mixin/]: Mixing EntityAccessor from refurbished_furniture.common.mixins.json into net.minecraft.world.entity.Entity
[13Nov2025 07:43:48.266] [main/DEBUG] [mixin/]: Mixing EntityMixin from refurbished_furniture.common.mixins.json into net.minecraft.world.entity.Entity
[13Nov2025 07:43:48.271] [main/DEBUG] [mixin/]: Mixing swimming.EntityMixin from expandability-common.mixins.json into net.minecraft.world.entity.Entity
[13Nov2025 07:43:48.271] [main/DEBUG] [mixin/]: expandability-common.mixins.json:swimming.EntityMixin from mod expandability: Class version 65 required is higher than the class version supported by the current version of Mixin (JAVA_17 supports class version 61)
[13Nov2025 07:43:48.296] [main/DEBUG] [mixin/]: Mixing swimming.EntityMixin from expandability.mixins.json into net.minecraft.world.entity.Entity
[13Nov2025 07:43:48.297] [main/DEBUG] [mixin/]: expandability.mixins.json:swimming.EntityMixin from mod expandability: Class version 65 required is higher than the class version supported by the current version of Mixin (JAVA_17 supports class version 61)
[13Nov2025 07:43:48.372] [main/DEBUG] [mixin/]: mixins.artifacts.common.json:ability.fluidcollision.EntityMixin from mod artifacts->@Inject::playWaterStepSound(Lnet/minecraft/core/BlockPos;Lnet/minecraft/world/level/block/state/BlockState;Lorg/spongepowered/asm/mixin/injection/callback/CallbackInfo;)V doesn't use it's CallbackInfo
[13Nov2025 07:43:48.373] [main/DEBUG] [mixin/]: mixins.artifacts.common.json:ability.fluidcollision.EntityMixin from mod artifacts->@Inject::playWaterStepSound(Lnet/minecraft/core/BlockPos;Lnet/minecraft/world/level/block/state/BlockState;Lorg/spongepowered/asm/mixin/injection/callback/CallbackInfo;)V has 0 override(s) in child classes
[13Nov2025 07:43:48.373] [main/DEBUG] [mixin/]: mixins.artifacts.common.json:ability.fluidcollision.EntityMixin from mod artifacts->@Inject::playWaterStepSound(Lnet/minecraft/core/BlockPos;Lnet/minecraft/world/level/block/state/BlockState;Lorg/spongepowered/asm/mixin/injection/callback/CallbackInfo;)V won't be passed a CallbackInfo as a result
[13Nov2025 07:43:48.373] [main/DEBUG] [mixin/]: mixins.artifacts.common.json:ability.fluidcollision.EntityMixin from mod artifacts->@Inject::spawnWaterSprintParticle(Lorg/spongepowered/asm/mixin/injection/callback/CallbackInfo;)V doesn't use it's CallbackInfo
[13Nov2025 07:43:48.373] [main/DEBUG] [mixin/]: mixins.artifacts.common.json:ability.fluidcollision.EntityMixin from mod artifacts->@Inject::spawnWaterSprintParticle(Lorg/spongepowered/asm/mixin/injection/callback/CallbackInfo;)V has 0 override(s) in child classes
[13Nov2025 07:43:48.373] [main/DEBUG] [mixin/]: mixins.artifacts.common.json:ability.fluidcollision.EntityMixin from mod artifacts->@Inject::spawnWaterSprintParticle(Lorg/spongepowered/asm/mixin/injection/callback/CallbackInfo;)V won't be passed a CallbackInfo as a result
[13Nov2025 07:43:48.373] [main/DEBUG] [mixin/]: mixins.artifacts.common.json:attribute.flatulence.EntityMixin from mod artifacts->@Inject::setShiftKeyDown(ZLorg/spongepowered/asm/mixin/injection/callback/CallbackInfo;)V doesn't use it's CallbackInfo
[13Nov2025 07:43:48.373] [main/DEBUG] [mixin/]: mixins.artifacts.common.json:attribute.flatulence.EntityMixin from mod artifacts->@Inject::setShiftKeyDown(ZLorg/spongepowered/asm/mixin/injection/callback/CallbackInfo;)V has 0 override(s) in child classes
[13Nov2025 07:43:48.373] [main/DEBUG] [mixin/]: mixins.artifacts.common.json:attribute.flatulence.EntityMixin from mod artifacts->@Inject::setShiftKeyDown(ZLorg/spongepowered/asm/mixin/injection/callback/CallbackInfo;)V won't be passed a CallbackInfo as a result
[13Nov2025 07:43:48.374] [main/DEBUG] [mixin/]: tombstone.mixins.json:EntityMixin from mod tombstone->@Inject::methodIsAlliedTo(Lnet/minecraft/world/entity/Entity;Lorg/spongepowered/asm/mixin/injection/callback/CallbackInfoReturnable;)V does use it's CallbackInfoReturnable
[13Nov2025 07:43:48.374] [main/DEBUG] [mixin/]: tombstone.mixins.json:EntityMixin from mod tombstone->@Inject::methodIsInvisibleTo(Lnet/minecraft/world/entity/player/Player;Lorg/spongepowered/asm/mixin/injection/callback/CallbackInfoReturnable;)V does use it's CallbackInfoReturnable
[13Nov2025 07:43:48.374] [main/DEBUG] [mixin/]: tombstone.mixins.json:EntityMixin from mod tombstone->@Inject::methodDeflection(Lnet/minecraft/world/entity/projectile/Projectile;Lorg/spongepowered/asm/mixin/injection/callback/CallbackInfoReturnable;)V does use it's CallbackInfoReturnable
[13Nov2025 07:43:48.374] [main/DEBUG] [mixin/]: uranus.mixins.json:EntityMixin from mod uranus->@Inject::onDropItem(Lnet/minecraft/world/item/ItemStack;FLorg/spongepowered/asm/mixin/injection/callback/CallbackInfoReturnable;)V doesn't use it's CallbackInfoReturnable
[13Nov2025 07:43:48.374] [main/DEBUG] [mixin/]: uranus.mixins.json:EntityMixin from mod uranus->@Inject::onDropItem(Lnet/minecraft/world/item/ItemStack;FLorg/spongepowered/asm/mixin/injection/callback/CallbackInfoReturnable;)V has 0 override(s) in child classes
[13Nov2025 07:43:48.374] [main/DEBUG] [mixin/]: uranus.mixins.json:EntityMixin from mod uranus->@Inject::onDropItem(Lnet/minecraft/world/item/ItemStack;FLorg/spongepowered/asm/mixin/injection/callback/CallbackInfoReturnable;)V won't be passed a CallbackInfoReturnable as a result
[13Nov2025 07:43:48.374] [main/DEBUG] [mixin/]: refurbished_furniture.common.mixins.json:EntityMixin from mod refurbished_furniture->@Inject::refurbishedFurnitureJumpFactor(Lorg/spongepowered/asm/mixin/injection/callback/CallbackInfoReturnable;)V does use it's CallbackInfoReturnable
[13Nov2025 07:43:48.422] [main/DEBUG] [mixin/]: Mixing ability.posteatingeffects.PlayerMixin from mixins.artifacts.common.json into net.minecraft.world.entity.player.Player
[13Nov2025 07:43:48.429] [main/DEBUG] [mixin/]: Mixing attribute.PlayerMixin from mixins.artifacts.common.json into net.minecraft.world.entity.player.Player
[13Nov2025 07:43:48.432] [main/DEBUG] [mixin/]: Mixing mobeffect.magnetism.PlayerMixin from mixins.artifacts.common.json into net.minecraft.world.entity.player.Player
[13Nov2025 07:43:48.434] [main/DEBUG] [mixin/]: Mixing ability.sinking.PlayerMixin from mixins.artifacts.neoforge.json into net.minecraft.world.entity.player.Player
[13Nov2025 07:43:48.438] [main/DEBUG] [mixin/]: Mixing PlayerEntityMixin from uranus.mixins.json into net.minecraft.world.entity.player.Player
[13Nov2025 07:43:48.439] [main/DEBUG] [mixin/]: uranus.mixins.json:PlayerEntityMixin from mod uranus: Class version 65 required is higher than the class version supported by the current version of Mixin (JAVA_17 supports class version 61)
[13Nov2025 07:43:48.441] [main/DEBUG] [mixin/]: Mixing swimming.PlayerMixin from expandability-common.mixins.json into net.minecraft.world.entity.player.Player
[13Nov2025 07:43:48.441] [main/DEBUG] [mixin/]: expandability-common.mixins.json:swimming.PlayerMixin from mod expandability: Class version 65 required is higher than the class version supported by the current version of Mixin (JAVA_17 supports class version 61)
[13Nov2025 07:43:48.443] [main/DEBUG] [mixin/]: Mixing PlayerMixin from playerrevive.mixins.json into net.minecraft.world.entity.player.Player
[13Nov2025 07:43:48.443] [main/DEBUG] [mixin/]: playerrevive.mixins.json:PlayerMixin from mod playerrevive: Class version 65 required is higher than the class version supported by the current version of Mixin (JAVA_17 supports class version 61)
[13Nov2025 07:43:48.502] [main/DEBUG] [mixin/]: mixins.artifacts.common.json:ability.posteatingeffects.PlayerMixin from mod artifacts->@Inject::eat(Lnet/minecraft/world/level/Level;Lnet/minecraft/world/item/ItemStack;Lnet/minecraft/world/food/FoodProperties;Lorg/spongepowered/asm/mixin/injection/callback/CallbackInfoReturnable;)V doesn't use it's CallbackInfoReturnable
[13Nov2025 07:43:48.502] [main/DEBUG] [mixin/]: mixins.artifacts.common.json:ability.posteatingeffects.PlayerMixin from mod artifacts->@Inject::eat(Lnet/minecraft/world/level/Level;Lnet/minecraft/world/item/ItemStack;Lnet/minecraft/world/food/FoodProperties;Lorg/spongepowered/asm/mixin/injection/callback/CallbackInfoReturnable;)V has 0 override(s) in child classes
[13Nov2025 07:43:48.503] [main/DEBUG] [mixin/]: mixins.artifacts.common.json:ability.posteatingeffects.PlayerMixin from mod artifacts->@Inject::eat(Lnet/minecraft/world/level/Level;Lnet/minecraft/world/item/ItemStack;Lnet/minecraft/world/food/FoodProperties;Lorg/spongepowered/asm/mixin/injection/callback/CallbackInfoReturnable;)V won't be passed a CallbackInfoReturnable as a result
[13Nov2025 07:43:48.503] [main/DEBUG] [mixin/]: mixins.artifacts.common.json:mobeffect.magnetism.PlayerMixin from mod artifacts->@Inject::setItemThrower(Lnet/minecraft/world/item/ItemStack;ZZLorg/spongepowered/asm/mixin/injection/callback/CallbackInfoReturnable;)V does use it's CallbackInfoReturnable
[13Nov2025 07:43:48.503] [main/DEBUG] [mixin/]: mixins.artifacts.common.json:mobeffect.magnetism.PlayerMixin from mod artifacts->@Inject::setItemThrower(Lnet/minecraft/world/item/ItemStack;ZZLorg/spongepowered/asm/mixin/injection/callback/CallbackInfoReturnable;)V does use it's CallbackInfoReturnable
[13Nov2025 07:43:48.503] [main/DEBUG] [mixin/]: playerrevive.mixins.json:PlayerMixin from mod playerrevive->@Inject::isBleeding(Lorg/spongepowered/asm/mixin/injection/callback/CallbackInfoReturnable;)V does use it's CallbackInfoReturnable
[13Nov2025 07:43:48.530] [main/DEBUG] [mixin/]: Mixing common.LivingEntityMixin from geckolib.mixins.json into net.minecraft.world.entity.LivingEntity
[13Nov2025 07:43:48.531] [main/DEBUG] [mixin/]: geckolib.mixins.json:common.LivingEntityMixin from mod geckolib: Class version 65 required is higher than the class version supported by the current version of Mixin (JAVA_17 supports class version 61)
[13Nov2025 07:43:48.538] [main/DEBUG] [mixin/]: Mixing ability.LivingEntityMixin from mixins.artifacts.common.json into net.minecraft.world.entity.LivingEntity
[13Nov2025 07:43:48.544] [main/DEBUG] [mixin/]: Mixing ability.deathprotectionteleport.LivingEntityMixin from mixins.artifacts.common.json into net.minecraft.world.entity.LivingEntity
[13Nov2025 07:43:48.575] [main/DEBUG] [mixin/]: Mixing ability.hurtsound.LivingEntityMixin from mixins.artifacts.common.json into net.minecraft.world.entity.LivingEntity
[13Nov2025 07:43:48.578] [main/DEBUG] [mixin/]: Mixing accessors.LivingEntityAccessor from mixins.artifacts.common.json into net.minecraft.world.entity.LivingEntity
[13Nov2025 07:43:48.578] [main/DEBUG] [mixin/]: Mixing attribute.LivingEntityMixin from mixins.artifacts.common.json into net.minecraft.world.entity.LivingEntity
[13Nov2025 07:43:48.580] [main/DEBUG] [mixin/]: Mixing attribute.invincibilityticks.LivingEntityMixin from mixins.artifacts.common.json into net.minecraft.world.entity.LivingEntity
[13Nov2025 07:43:48.583] [main/DEBUG] [mixin/]: Mixing ability.slipresistance.LivingEntityMixin from mixins.artifacts.neoforge.json into net.minecraft.world.entity.LivingEntity
[13Nov2025 07:43:48.586] [main/DEBUG] [mixin/]: Mixing LivingEntityMixin from iceandfire.mixins.json into net.minecraft.world.entity.LivingEntity
[13Nov2025 07:43:48.595] [main/DEBUG] [mixin/]: Mixing MixinLivingEntity from curios.neoforge.mixins.json into net.minecraft.world.entity.LivingEntity
[13Nov2025 07:43:48.598] [main/DEBUG] [mixin/]: Mixing LivingEntityMixin from tombstone.mixins.json into net.minecraft.world.entity.LivingEntity
[13Nov2025 07:43:48.609] [main/DEBUG] [mixin/]: Mixing LivingEntityMixin from uranus.mixins.json into net.minecraft.world.entity.LivingEntity
[13Nov2025 07:43:48.609] [main/DEBUG] [mixin/]: uranus.mixins.json:LivingEntityMixin from mod uranus: Class version 65 required is higher than the class version supported by the current version of Mixin (JAVA_17 supports class version 61)
[13Nov2025 07:43:48.611] [main/DEBUG] [mixin/]: Mixing LivingEntityMixin from refurbished_furniture.common.mixins.json into net.minecraft.world.entity.LivingEntity
[13Nov2025 07:43:48.613] [main/DEBUG] [mixin/]: Mixing swimming.LivingEntityMixin from expandability-common.mixins.json into net.minecraft.world.entity.LivingEntity
[13Nov2025 07:43:48.613] [main/DEBUG] [mixin/]: expandability-common.mixins.json:swimming.LivingEntityMixin from mod expandability: Class version 65 required is higher than the class version supported by the current version of Mixin (JAVA_17 supports class version 61)
[13Nov2025 07:43:48.616] [main/DEBUG] [mixin/]: Mixing swimming.LivingEntityMixin from expandability.mixins.json into net.minecraft.world.entity.LivingEntity
[13Nov2025 07:43:48.617] [main/DEBUG] [mixin/]: expandability.mixins.json:swimming.LivingEntityMixin from mod expandability: Class version 65 required is higher than the class version supported by the current version of Mixin (JAVA_17 supports class version 61)
[13Nov2025 07:43:48.678] [main/DEBUG] [mixin/]: mixins.artifacts.common.json:ability.LivingEntityMixin from mod artifacts->@Inject::handleEquipmentChanges(Ljava/util/Map;Lorg/spongepowered/asm/mixin/injection/callback/CallbackInfo;)V doesn't use it's CallbackInfo
[13Nov2025 07:43:48.678] [main/DEBUG] [mixin/]: mixins.artifacts.common.json:ability.LivingEntityMixin from mod artifacts->@Inject::handleEquipmentChanges(Ljava/util/Map;Lorg/spongepowered/asm/mixin/injection/callback/CallbackInfo;)V has 0 override(s) in child classes
[13Nov2025 07:43:48.678] [main/DEBUG] [mixin/]: mixins.artifacts.common.json:ability.LivingEntityMixin from mod artifacts->@Inject::handleEquipmentChanges(Ljava/util/Map;Lorg/spongepowered/asm/mixin/injection/callback/CallbackInfo;)V won't be passed a CallbackInfo as a result
[13Nov2025 07:43:48.678] [main/DEBUG] [mixin/]: mixins.artifacts.common.json:ability.deathprotectionteleport.LivingEntityMixin from mod artifacts->@Inject::checkTotemDeathProtection(Lnet/minecraft/world/damagesource/DamageSource;Lorg/spongepowered/asm/mixin/injection/callback/CallbackInfoReturnable;)V does use it's CallbackInfoReturnable
[13Nov2025 07:43:48.678] [main/DEBUG] [mixin/]: mixins.artifacts.common.json:ability.hurtsound.LivingEntityMixin from mod artifacts->@Inject::onServerPlayHurtSound(Lorg/spongepowered/asm/mixin/injection/callback/CallbackInfo;)V doesn't use it's CallbackInfo
[13Nov2025 07:43:48.678] [main/DEBUG] [mixin/]: mixins.artifacts.common.json:ability.hurtsound.LivingEntityMixin from mod artifacts->@Inject::onServerPlayHurtSound(Lorg/spongepowered/asm/mixin/injection/callback/CallbackInfo;)V has 0 override(s) in child classes
[13Nov2025 07:43:48.678] [main/DEBUG] [mixin/]: mixins.artifacts.common.json:ability.hurtsound.LivingEntityMixin from mod artifacts->@Inject::onServerPlayHurtSound(Lorg/spongepowered/asm/mixin/injection/callback/CallbackInfo;)V won't be passed a CallbackInfo as a result
[13Nov2025 07:43:48.678] [main/DEBUG] [mixin/]: mixins.artifacts.common.json:attribute.invincibilityticks.LivingEntityMixin from mod artifacts->@Inject::hurt(Lnet/minecraft/world/damagesource/DamageSource;FLorg/spongepowered/asm/mixin/injection/callback/CallbackInfoReturnable;)V doesn't use it's CallbackInfoReturnable
[13Nov2025 07:43:48.678] [main/DEBUG] [mixin/]: mixins.artifacts.common.json:attribute.invincibilityticks.LivingEntityMixin from mod artifacts->@Inject::hurt(Lnet/minecraft/world/damagesource/DamageSource;FLorg/spongepowered/asm/mixin/injection/callback/CallbackInfoReturnable;)V has 0 override(s) in child classes
[13Nov2025 07:43:48.678] [main/DEBUG] [mixin/]: mixins.artifacts.common.json:attribute.invincibilityticks.LivingEntityMixin from mod artifacts->@Inject::hurt(Lnet/minecraft/world/damagesource/DamageSource;FLorg/spongepowered/asm/mixin/injection/callback/CallbackInfoReturnable;)V won't be passed a CallbackInfoReturnable as a result
[13Nov2025 07:43:48.678] [main/DEBUG] [mixin/]: mixins.artifacts.common.json:attribute.invincibilityticks.LivingEntityMixin from mod artifacts->@Inject::handleDamageEvent(Lnet/minecraft/world/damagesource/DamageSource;Lorg/spongepowered/asm/mixin/injection/callback/CallbackInfo;)V doesn't use it's CallbackInfo
[13Nov2025 07:43:48.678] [main/DEBUG] [mixin/]: mixins.artifacts.common.json:attribute.invincibilityticks.LivingEntityMixin from mod artifacts->@Inject::handleDamageEvent(Lnet/minecraft/world/damagesource/DamageSource;Lorg/spongepowered/asm/mixin/injection/callback/CallbackInfo;)V has 0 override(s) in child classes
[13Nov2025 07:43:48.678] [main/DEBUG] [mixin/]: mixins.artifacts.common.json:attribute.invincibilityticks.LivingEntityMixin from mod artifacts->@Inject::handleDamageEvent(Lnet/minecraft/world/damagesource/DamageSource;Lorg/spongepowered/asm/mixin/injection/callback/CallbackInfo;)V won't be passed a CallbackInfo as a result
[13Nov2025 07:43:48.679] [main/DEBUG] [mixin/]: iceandfire.mixins.json:LivingEntityMixin from mod iceandfire->@Inject::onEntityTick(Lorg/spongepowered/asm/mixin/injection/callback/CallbackInfo;)V doesn't use it's CallbackInfo
[13Nov2025 07:43:48.679] [main/DEBUG] [mixin/]: iceandfire.mixins.json:LivingEntityMixin from mod iceandfire->@Inject::onEntityTick(Lorg/spongepowered/asm/mixin/injection/callback/CallbackInfo;)V has 0 override(s) in child classes
[13Nov2025 07:43:48.679] [main/DEBUG] [mixin/]: iceandfire.mixins.json:LivingEntityMixin from mod iceandfire->@Inject::onEntityTick(Lorg/spongepowered/asm/mixin/injection/callback/CallbackInfo;)V won't be passed a CallbackInfo as a result
[13Nov2025 07:43:48.679] [main/DEBUG] [mixin/]: iceandfire.mixins.json:LivingEntityMixin from mod iceandfire->@Inject::onSwingHand(Lnet/minecraft/world/InteractionHand;ZLorg/spongepowered/asm/mixin/injection/callback/CallbackInfo;)V doesn't use it's CallbackInfo
[13Nov2025 07:43:48.679] [main/DEBUG] [mixin/]: iceandfire.mixins.json:LivingEntityMixin from mod iceandfire->@Inject::onSwingHand(Lnet/minecraft/world/InteractionHand;ZLorg/spongepowered/asm/mixin/injection/callback/CallbackInfo;)V has 0 override(s) in child classes
[13Nov2025 07:43:48.679] [main/DEBUG] [mixin/]: iceandfire.mixins.json:LivingEntityMixin from mod iceandfire->@Inject::onSwingHand(Lnet/minecraft/world/InteractionHand;ZLorg/spongepowered/asm/mixin/injection/callback/CallbackInfo;)V won't be passed a CallbackInfo as a result
[13Nov2025 07:43:48.679] [main/DEBUG] [mixin/]: iceandfire.mixins.json:LivingEntityMixin from mod iceandfire->@Inject::handleFrozenEffectRemove(Lnet/minecraft/world/effect/MobEffectInstance;Lorg/spongepowered/asm/mixin/injection/callback/CallbackInfo;)V doesn't use it's CallbackInfo
[13Nov2025 07:43:48.679] [main/DEBUG] [mixin/]: iceandfire.mixins.json:LivingEntityMixin from mod iceandfire->@Inject::handleFrozenEffectRemove(Lnet/minecraft/world/effect/MobEffectInstance;Lorg/spongepowered/asm/mixin/injection/callback/CallbackInfo;)V has 0 override(s) in child classes
[13Nov2025 07:43:48.679] [main/DEBUG] [mixin/]: iceandfire.mixins.json:LivingEntityMixin from mod iceandfire->@Inject::handleFrozenEffectRemove(Lnet/minecraft/world/effect/MobEffectInstance;Lorg/spongepowered/asm/mixin/injection/callback/CallbackInfo;)V won't be passed a CallbackInfo as a result
[13Nov2025 07:43:48.679] [main/DEBUG] [mixin/]: curios.neoforge.mixins.json:MixinLivingEntity from mod curios->@Inject::curio$canFreeze(Lorg/spongepowered/asm/mixin/injection/callback/CallbackInfoReturnable;)V does use it's CallbackInfoReturnable
[13Nov2025 07:43:48.679] [main/DEBUG] [mixin/]: tombstone.mixins.json:LivingEntityMixin from mod tombstone->@Inject::methodCanAttack(Lnet/minecraft/world/entity/LivingEntity;Lorg/spongepowered/asm/mixin/injection/callback/CallbackInfoReturnable;)V does use it's CallbackInfoReturnable
[13Nov2025 07:43:48.679] [main/DEBUG] [mixin/]: tombstone.mixins.json:LivingEntityMixin from mod tombstone->@Inject::methodHurt(Lnet/minecraft/world/damagesource/DamageSource;FLorg/spongepowered/asm/mixin/injection/callback/CallbackInfoReturnable;)V does use it's CallbackInfoReturnable
[13Nov2025 07:43:48.679] [main/DEBUG] [mixin/]: tombstone.mixins.json:LivingEntityMixin from mod tombstone->@Inject::methodHurt(Lnet/minecraft/world/damagesource/DamageSource;FLorg/spongepowered/asm/mixin/injection/callback/CallbackInfoReturnable;)V does use it's CallbackInfoReturnable
[13Nov2025 07:43:48.679] [main/DEBUG] [mixin/]: tombstone.mixins.json:LivingEntityMixin from mod tombstone->@Inject::methodHurt(Lnet/minecraft/world/damagesource/DamageSource;FLorg/spongepowered/asm/mixin/injection/callback/CallbackInfoReturnable;)V does use it's CallbackInfoReturnable
[13Nov2025 07:43:48.679] [main/DEBUG] [mixin/]: tombstone.mixins.json:LivingEntityMixin from mod tombstone->@Inject::methodHurt(Lnet/minecraft/world/damagesource/DamageSource;FLorg/spongepowered/asm/mixin/injection/callback/CallbackInfoReturnable;)V does use it's CallbackInfoReturnable
[13Nov2025 07:43:48.680] [main/DEBUG] [mixin/]: tombstone.mixins.json:LivingEntityMixin from mod tombstone->@Inject::methodHurt(Lnet/minecraft/world/damagesource/DamageSource;FLorg/spongepowered/asm/mixin/injection/callback/CallbackInfoReturnable;)V does use it's CallbackInfoReturnable
[13Nov2025 07:43:48.680] [main/DEBUG] [mixin/]: tombstone.mixins.json:LivingEntityMixin from mod tombstone->@Inject::methodHurt(Lnet/minecraft/world/damagesource/DamageSource;FLorg/spongepowered/asm/mixin/injection/callback/CallbackInfoReturnable;)V does use it's CallbackInfoReturnable
[13Nov2025 07:43:48.680] [main/DEBUG] [mixin/]: tombstone.mixins.json:LivingEntityMixin from mod tombstone->@Inject::methodHurt(Lnet/minecraft/world/damagesource/DamageSource;FLorg/spongepowered/asm/mixin/injection/callback/CallbackInfoReturnable;)V does use it's CallbackInfoReturnable
[13Nov2025 07:43:48.680] [main/DEBUG] [mixin/]: tombstone.mixins.json:LivingEntityMixin from mod tombstone->@Inject::methodSetLastHurtByPlayer(Lnet/minecraft/world/entity/player/Player;Lorg/spongepowered/asm/mixin/injection/callback/CallbackInfo;)V does use it's CallbackInfo
[13Nov2025 07:43:48.680] [main/DEBUG] [mixin/]: uranus.mixins.json:LivingEntityMixin from mod uranus->@Inject::onSwingHand(Lnet/minecraft/world/InteractionHand;ZLorg/spongepowered/asm/mixin/injection/callback/CallbackInfo;)V does use it's CallbackInfo
[13Nov2025 07:43:48.680] [main/DEBUG] [mixin/]: uranus.mixins.json:LivingEntityMixin from mod uranus->@Inject::onEntityFall(FFLnet/minecraft/world/damagesource/DamageSource;Lorg/spongepowered/asm/mixin/injection/callback/CallbackInfoReturnable;)V doesn't use it's CallbackInfoReturnable
[13Nov2025 07:43:48.680] [main/DEBUG] [mixin/]: uranus.mixins.json:LivingEntityMixin from mod uranus->@Inject::onEntityFall(FFLnet/minecraft/world/damagesource/DamageSource;Lorg/spongepowered/asm/mixin/injection/callback/CallbackInfoReturnable;)V has 0 override(s) in child classes
[13Nov2025 07:43:48.680] [main/DEBUG] [mixin/]: uranus.mixins.json:LivingEntityMixin from mod uranus->@Inject::onEntityFall(FFLnet/minecraft/world/damagesource/DamageSource;Lorg/spongepowered/asm/mixin/injection/callback/CallbackInfoReturnable;)V won't be passed a CallbackInfoReturnable as a result
[13Nov2025 07:43:48.680] [main/DEBUG] [mixin/]: refurbished_furniture.common.mixins.json:LivingEntityMixin from mod refurbished_furniture->@Inject::refurbishedFurnitureOnJump(Lorg/spongepowered/asm/mixin/injection/callback/CallbackInfo;)V doesn't use it's CallbackInfo
[13Nov2025 07:43:48.680] [main/DEBUG] [mixin/]: refurbished_furniture.common.mixins.json:LivingEntityMixin from mod refurbished_furniture->@Inject::refurbishedFurnitureOnJump(Lorg/spongepowered/asm/mixin/injection/callback/CallbackInfo;)V has 0 override(s) in child classes
[13Nov2025 07:43:48.680] [main/DEBUG] [mixin/]: refurbished_furniture.common.mixins.json:LivingEntityMixin from mod refurbished_furniture->@Inject::refurbishedFurnitureOnJump(Lorg/spongepowered/asm/mixin/injection/callback/CallbackInfo;)V won't be passed a CallbackInfo as a result
[13Nov2025 07:43:48.680] [main/DEBUG] [mixin/]: expandability-common.mixins.json:swimming.LivingEntityMixin from mod expandability->@Inject::resetFallHeight(Lorg/spongepowered/asm/mixin/injection/callback/CallbackInfo;)V doesn't use it's CallbackInfo
[13Nov2025 07:43:48.680] [main/DEBUG] [mixin/]: expandability-common.mixins.json:swimming.LivingEntityMixin from mod expandability->@Inject::resetFallHeight(Lorg/spongepowered/asm/mixin/injection/callback/CallbackInfo;)V has 0 override(s) in child classes
[13Nov2025 07:43:48.680] [main/DEBUG] [mixin/]: expandability-common.mixins.json:swimming.LivingEntityMixin from mod expandability->@Inject::resetFallHeight(Lorg/spongepowered/asm/mixin/injection/callback/CallbackInfo;)V won't be passed a CallbackInfo as a result
[13Nov2025 07:43:48.743] [main/DEBUG] [mixin/]: Mixing MixinLevel from sereneseasons.mixins.json into net.minecraft.world.level.Level
[13Nov2025 07:43:48.743] [main/DEBUG] [mixin/]: sereneseasons.mixins.json:MixinLevel from mod sereneseasons: Class version 65 required is higher than the class version supported by the current version of Mixin (JAVA_17 supports class version 61)
[13Nov2025 07:43:48.746] [main/DEBUG] [mixin/]: Mixing LevelMixin from refurbished_furniture.common.mixins.json into net.minecraft.world.level.Level
[13Nov2025 07:43:48.752] [main/DEBUG] [mixin/]: Mixing threading_detections.random_instances.MixinWorld from c2me-fixes-worldgen-threading-issues.mixins.json into net.minecraft.world.level.Level
[13Nov2025 07:43:48.752] [main/DEBUG] [mixin/]: Renaming synthetic method lambda$redirectWorldRandomInit$0()Ljava/lang/Thread; to md277493$c2me_fixes_worldgen_threading_issues$lambda$redirectWorldRandomInit$0$0 in c2me-fixes-worldgen-threading-issues.mixins.json:threading_detections.random_instances.MixinWorld from mod c2me_fixes_worldgen_threading_issues
[13Nov2025 07:43:48.755] [main/DEBUG] [mixin/]: Mixing mid_tick_chunk_tasks.MixinWorld from c2me-opts-scheduling.mixins.json into net.minecraft.world.level.Level
[13Nov2025 07:43:48.756] [main/DEBUG] [mixin/]: Mixing MixinWorld from c2me-notickvd.mixins.json into net.minecraft.world.level.Level
[13Nov2025 07:43:48.774] [main/DEBUG] [mixin/]: sereneseasons.mixins.json:MixinLevel from mod sereneseasons->@Inject::onIsRainingAt(Lnet/minecraft/core/BlockPos;Lorg/spongepowered/asm/mixin/injection/callback/CallbackInfoReturnable;)V does use it's CallbackInfoReturnable
[13Nov2025 07:43:48.774] [main/DEBUG] [mixin/]: refurbished_furniture.common.mixins.json:LevelMixin from mod refurbished_furniture->@Inject::refurbishedFurniture$TickBlockEntitiesHead(Lorg/spongepowered/asm/mixin/injection/callback/CallbackInfo;)V doesn't use it's CallbackInfo
[13Nov2025 07:43:48.774] [main/DEBUG] [mixin/]: refurbished_furniture.common.mixins.json:LevelMixin from mod refurbished_furniture->@Inject::refurbishedFurniture$TickBlockEntitiesHead(Lorg/spongepowered/asm/mixin/injection/callback/CallbackInfo;)V has 0 override(s) in child classes
[13Nov2025 07:43:48.774] [main/DEBUG] [mixin/]: refurbished_furniture.common.mixins.json:LevelMixin from mod refurbished_furniture->@Inject::refurbishedFurniture$TickBlockEntitiesHead(Lorg/spongepowered/asm/mixin/injection/callback/CallbackInfo;)V won't be passed a CallbackInfo as a result
[13Nov2025 07:43:48.774] [main/DEBUG] [mixin/]: c2me-opts-scheduling.mixins.json:mid_tick_chunk_tasks.MixinWorld from mod c2me_opts_scheduling->@Inject::onPostTickEntity(Lorg/spongepowered/asm/mixin/injection/callback/CallbackInfo;)V doesn't use it's CallbackInfo
[13Nov2025 07:43:48.774] [main/DEBUG] [mixin/]: c2me-opts-scheduling.mixins.json:mid_tick_chunk_tasks.MixinWorld from mod c2me_opts_scheduling->@Inject::onPostTickEntity(Lorg/spongepowered/asm/mixin/injection/callback/CallbackInfo;)V has 0 override(s) in child classes
[13Nov2025 07:43:48.774] [main/DEBUG] [mixin/]: c2me-opts-scheduling.mixins.json:mid_tick_chunk_tasks.MixinWorld from mod c2me_opts_scheduling->@Inject::onPostTickEntity(Lorg/spongepowered/asm/mixin/injection/callback/CallbackInfo;)V won't be passed a CallbackInfo as a result
[13Nov2025 07:43:48.787] [main/DEBUG] [mixin/]: Mixing MixinServerLevel from glitchcore.mixins.json into net.minecraft.server.level.ServerLevel
[13Nov2025 07:43:48.787] [main/DEBUG] [mixin/]: glitchcore.mixins.json:MixinServerLevel from mod glitchcore: Class version 65 required is higher than the class version supported by the current version of Mixin (JAVA_17 supports class version 61)
[13Nov2025 07:43:48.789] [main/DEBUG] [mixin/]: Mixing MixinServerLevel from sereneseasons.mixins.json into net.minecraft.server.level.ServerLevel
[13Nov2025 07:43:48.789] [main/DEBUG] [mixin/]: sereneseasons.mixins.json:MixinServerLevel from mod sereneseasons: Class version 65 required is higher than the class version supported by the current version of Mixin (JAVA_17 supports class version 61)
[13Nov2025 07:43:48.790] [main/DEBUG] [mixin/]: Mixing ServerLevelMixin from refurbished_furniture.common.mixins.json into net.minecraft.server.level.ServerLevel
[13Nov2025 07:43:48.801] [main/DEBUG] [mixin/]: Mixing mid_tick_chunk_tasks.MixinServerWorld from c2me-opts-scheduling.mixins.json into net.minecraft.server.level.ServerLevel
[13Nov2025 07:43:48.803] [main/DEBUG] [mixin/]: Mixing shutdown.MixinServerWorld from c2me-opts-scheduling.mixins.json into net.minecraft.server.level.ServerLevel
[13Nov2025 07:43:48.817] [main/DEBUG] [mixin/]: glitchcore.mixins.json:MixinServerLevel from mod glitchcore->@Inject::onAddPlayer(Lnet/minecraft/server/level/ServerPlayer;Lorg/spongepowered/asm/mixin/injection/callback/CallbackInfo;)V doesn't use it's CallbackInfo
[13Nov2025 07:43:48.817] [main/DEBUG] [mixin/]: glitchcore.mixins.json:MixinServerLevel from mod glitchcore->@Inject::onAddPlayer(Lnet/minecraft/server/level/ServerPlayer;Lorg/spongepowered/asm/mixin/injection/callback/CallbackInfo;)V has 0 override(s) in child classes
[13Nov2025 07:43:48.817] [main/DEBUG] [mixin/]: glitchcore.mixins.json:MixinServerLevel from mod glitchcore->@Inject::onAddPlayer(Lnet/minecraft/server/level/ServerPlayer;Lorg/spongepowered/asm/mixin/injection/callback/CallbackInfo;)V won't be passed a CallbackInfo as a result
[13Nov2025 07:43:48.818] [main/DEBUG] [mixin/]: c2me-opts-scheduling.mixins.json:mid_tick_chunk_tasks.MixinServerWorld from mod c2me_opts_scheduling->@Inject::onPostTickBlockAndFluid(Lorg/spongepowered/asm/mixin/injection/callback/CallbackInfo;)V doesn't use it's CallbackInfo
[13Nov2025 07:43:48.818] [main/DEBUG] [mixin/]: c2me-opts-scheduling.mixins.json:mid_tick_chunk_tasks.MixinServerWorld from mod c2me_opts_scheduling->@Inject::onPostTickBlockAndFluid(Lorg/spongepowered/asm/mixin/injection/callback/CallbackInfo;)V has 0 override(s) in child classes
[13Nov2025 07:43:48.818] [main/DEBUG] [mixin/]: c2me-opts-scheduling.mixins.json:mid_tick_chunk_tasks.MixinServerWorld from mod c2me_opts_scheduling->@Inject::onPostTickBlockAndFluid(Lorg/spongepowered/asm/mixin/injection/callback/CallbackInfo;)V won't be passed a CallbackInfo as a result
[13Nov2025 07:43:48.818] [main/DEBUG] [mixin/]: c2me-opts-scheduling.mixins.json:mid_tick_chunk_tasks.MixinServerWorld from mod c2me_opts_scheduling->@Inject::onPostTickBlockAndFluid(Lorg/spongepowered/asm/mixin/injection/callback/CallbackInfo;)V doesn't use it's CallbackInfo
[13Nov2025 07:43:48.818] [main/DEBUG] [mixin/]: c2me-opts-scheduling.mixins.json:mid_tick_chunk_tasks.MixinServerWorld from mod c2me_opts_scheduling->@Inject::onPostTickBlockAndFluid(Lorg/spongepowered/asm/mixin/injection/callback/CallbackInfo;)V has 0 override(s) in child classes
[13Nov2025 07:43:48.818] [main/DEBUG] [mixin/]: c2me-opts-scheduling.mixins.json:mid_tick_chunk_tasks.MixinServerWorld from mod c2me_opts_scheduling->@Inject::onPostTickBlockAndFluid(Lorg/spongepowered/asm/mixin/injection/callback/CallbackInfo;)V won't be passed a CallbackInfo as a result
[13Nov2025 07:43:48.818] [main/DEBUG] [mixin/]: c2me-opts-scheduling.mixins.json:shutdown.MixinServerWorld from mod c2me_opts_scheduling->@Inject::replaceEntityFlushLogic(Lnet/minecraft/util/ProgressListener;ZZLorg/spongepowered/asm/mixin/injection/callback/CallbackInfo;)V doesn't use it's CallbackInfo
[13Nov2025 07:43:48.818] [main/DEBUG] [mixin/]: c2me-opts-scheduling.mixins.json:shutdown.MixinServerWorld from mod c2me_opts_scheduling->@Inject::replaceEntityFlushLogic(Lnet/minecraft/util/ProgressListener;ZZLorg/spongepowered/asm/mixin/injection/callback/CallbackInfo;)V has 0 override(s) in child classes
[13Nov2025 07:43:48.818] [main/DEBUG] [mixin/]: c2me-opts-scheduling.mixins.json:shutdown.MixinServerWorld from mod c2me_opts_scheduling->@Inject::replaceEntityFlushLogic(Lnet/minecraft/util/ProgressListener;ZZLorg/spongepowered/asm/mixin/injection/callback/CallbackInfo;)V won't be passed a CallbackInfo as a result
[13Nov2025 07:43:48.829] [main/DEBUG] [mixin/]: Mixing mobeffect.magnetism.ItemEntityMixin from mixins.artifacts.common.json into net.minecraft.world.entity.item.ItemEntity
[13Nov2025 07:43:48.831] [main/DEBUG] [mixin/]: Mixing ItemEntityMixin from usefulbackpacks.mixins.json into net.minecraft.world.entity.item.ItemEntity
[13Nov2025 07:43:48.831] [main/DEBUG] [mixin/]: usefulbackpacks.mixins.json:ItemEntityMixin from mod usefulbackpacks: Class version 65 required is higher than the class version supported by the current version of Mixin (JAVA_17 supports class version 61)
[13Nov2025 07:43:48.840] [main/DEBUG] [mixin/]: usefulbackpacks.mixins.json:ItemEntityMixin from mod usefulbackpacks->@Inject::usefulbackpacks$drop(Lnet/minecraft/world/entity/player/Player;Lorg/spongepowered/asm/mixin/injection/callback/CallbackInfo;)V does use it's CallbackInfo
[13Nov2025 07:43:48.845] [main/DEBUG] [mixin/]: Generating mapped inner class net/minecraft/world/level/block/Block$Anonymous$48cb195695cc4befaec1168eb533d034 (originally com/ishland/c2me/opts/worldgen/vanilla/mixin/tlcache/MixinBlock$1)
[13Nov2025 07:43:48.877] [main/DEBUG] [mixin/]: Mixing ShapesMixin from creativecore.mixins.json into net.minecraft.world.phys.shapes.Shapes
[13Nov2025 07:43:48.954] [main/DEBUG] [mixin/]: creativecore.mixins.json:ShapesMixin from mod creativecore->@Inject::joinUnoptimized(Lnet/minecraft/world/phys/shapes/VoxelShape;Lnet/minecraft/world/phys/shapes/VoxelShape;Lnet/minecraft/world/phys/shapes/BooleanOp;Lorg/spongepowered/asm/mixin/injection/callback/CallbackInfoReturnable;)V does use it's CallbackInfoReturnable
[13Nov2025 07:43:48.954] [main/DEBUG] [mixin/]: creativecore.mixins.json:ShapesMixin from mod creativecore->@Inject::joinUnoptimized(Lnet/minecraft/world/phys/shapes/VoxelShape;Lnet/minecraft/world/phys/shapes/VoxelShape;Lnet/minecraft/world/phys/shapes/BooleanOp;Lorg/spongepowered/asm/mixin/injection/callback/CallbackInfoReturnable;)V does use it's CallbackInfoReturnable
[13Nov2025 07:43:48.954] [main/DEBUG] [mixin/]: creativecore.mixins.json:ShapesMixin from mod creativecore->@Inject::joinUnoptimized(Lnet/minecraft/world/phys/shapes/VoxelShape;Lnet/minecraft/world/phys/shapes/VoxelShape;Lnet/minecraft/world/phys/shapes/BooleanOp;Lorg/spongepowered/asm/mixin/injection/callback/CallbackInfoReturnable;)V does use it's CallbackInfoReturnable
[13Nov2025 07:43:48.955] [main/DEBUG] [mixin/]: creativecore.mixins.json:ShapesMixin from mod creativecore->@Inject::joinIsNotEmpty(Lnet/minecraft/world/phys/shapes/VoxelShape;Lnet/minecraft/world/phys/shapes/VoxelShape;Lnet/minecraft/world/phys/shapes/BooleanOp;Lorg/spongepowered/asm/mixin/injection/callback/CallbackInfoReturnable;)V does use it's CallbackInfoReturnable
[13Nov2025 07:43:48.955] [main/DEBUG] [mixin/]: creativecore.mixins.json:ShapesMixin from mod creativecore->@Inject::joinIsNotEmpty(Lnet/minecraft/world/phys/shapes/VoxelShape;Lnet/minecraft/world/phys/shapes/VoxelShape;Lnet/minecraft/world/phys/shapes/BooleanOp;Lorg/spongepowered/asm/mixin/injection/callback/CallbackInfoReturnable;)V does use it's CallbackInfoReturnable
[13Nov2025 07:43:48.955] [main/DEBUG] [mixin/]: creativecore.mixins.json:ShapesMixin from mod creativecore->@Inject::joinIsNotEmpty(Lnet/minecraft/world/phys/shapes/VoxelShape;Lnet/minecraft/world/phys/shapes/VoxelShape;Lnet/minecraft/world/phys/shapes/BooleanOp;Lorg/spongepowered/asm/mixin/injection/callback/CallbackInfoReturnable;)V does use it's CallbackInfoReturnable
[13Nov2025 07:43:48.960] [main/DEBUG] [mixin/]: Mixing VoxelShapeAccessor from creativecore.mixins.json into net.minecraft.world.phys.shapes.VoxelShape
[13Nov2025 07:43:49.187] [main/DEBUG] [mixin/]: Mixing neoforge.LiquidBlockAccessor from architectury.mixins.json into net.minecraft.world.level.block.LiquidBlock
[13Nov2025 07:43:49.188] [main/DEBUG] [mixin/]: architectury.mixins.json:neoforge.LiquidBlockAccessor from mod architectury: Class version 65 required is higher than the class version supported by the current version of Mixin (JAVA_16 supports class version 60)
[13Nov2025 07:43:49.188] [main/DEBUG] [mixin/]: Mixing inject.MixinLiquidBlock from architectury-common.mixins.json into net.minecraft.world.level.block.LiquidBlock
[13Nov2025 07:43:49.188] [main/DEBUG] [mixin/]: architectury-common.mixins.json:inject.MixinLiquidBlock from mod architectury: Class version 65 required is higher than the class version supported by the current version of Mixin (JAVA_16 supports class version 60)
[13Nov2025 07:43:49.200] [main/DEBUG] [mixin/]: Mixing WebBlockMixin from tombstone.mixins.json into net.minecraft.world.level.block.WebBlock
[13Nov2025 07:43:49.205] [main/DEBUG] [mixin/]: tombstone.mixins.json:WebBlockMixin from mod tombstone->@Inject::methodEntityInside(Lnet/minecraft/world/level/block/state/BlockState;Lnet/minecraft/world/level/Level;Lnet/minecraft/core/BlockPos;Lnet/minecraft/world/entity/Entity;Lorg/spongepowered/asm/mixin/injection/callback/CallbackInfo;)V does use it's CallbackInfo
[13Nov2025 07:43:49.220] [main/DEBUG] [mixin/]: Mixing ChestBlockMixin from tombstone.mixins.json into net.minecraft.world.level.block.ChestBlock
[13Nov2025 07:43:49.226] [main/DEBUG] [mixin/]: tombstone.mixins.json:ChestBlockMixin from mod tombstone->@Inject::methodGetTicker(Lnet/minecraft/world/level/Level;Lnet/minecraft/world/level/block/state/BlockState;Lnet/minecraft/world/level/block/entity/BlockEntityType;Lorg/spongepowered/asm/mixin/injection/callback/CallbackInfoReturnable;)V does use it's CallbackInfoReturnable
[13Nov2025 07:43:49.305] [main/DEBUG] [mixin/]: Mixing swimming.BubbleColumnBlockMixin from expandability-common.mixins.json into net.minecraft.world.level.block.BubbleColumnBlock
[13Nov2025 07:43:49.305] [main/DEBUG] [mixin/]: expandability-common.mixins.json:swimming.BubbleColumnBlockMixin from mod expandability: Class version 65 required is higher than the class version supported by the current version of Mixin (JAVA_17 supports class version 61)
[13Nov2025 07:43:49.308] [main/DEBUG] [mixin/]: expandability-common.mixins.json:swimming.BubbleColumnBlockMixin from mod expandability->@Inject::cancelBubbleColumnDrag(Lnet/minecraft/world/level/block/state/BlockState;Lnet/minecraft/world/level/Level;Lnet/minecraft/core/BlockPos;Lnet/minecraft/world/entity/Entity;Lorg/spongepowered/asm/mixin/injection/callback/CallbackInfo;)V does use it's CallbackInfo
[13Nov2025 07:43:49.331] [main/DEBUG] [mixin/]: Mixing ability.walkonpowdersnow.PowderSnowBlockMixin from mixins.artifacts.common.json into net.minecraft.world.level.block.PowderSnowBlock
[13Nov2025 07:43:49.333] [main/DEBUG] [mixin/]: Mixing MixinPowderSnowBlock from curios.neoforge.mixins.json into net.minecraft.world.level.block.PowderSnowBlock
[13Nov2025 07:43:49.337] [main/DEBUG] [mixin/]: curios.neoforge.mixins.json:MixinPowderSnowBlock from mod curios->@Inject::curios$canEntityWalkOnPowderSnow(Lnet/minecraft/world/entity/Entity;Lorg/spongepowered/asm/mixin/injection/callback/CallbackInfoReturnable;)V does use it's CallbackInfoReturnable
[13Nov2025 07:43:49.337] [main/DEBUG] [mixin/]: curios.neoforge.mixins.json:MixinPowderSnowBlock from mod curios->@Inject::curios$canEntityWalkOnPowderSnow(Lnet/minecraft/world/entity/Entity;Lorg/spongepowered/asm/mixin/injection/callback/CallbackInfoReturnable;)V does use it's CallbackInfoReturnable
[13Nov2025 07:43:49.393] [main/DEBUG] [mixin/]: Mixing inject.MixinEntityType from architectury-common.mixins.json into net.minecraft.world.entity.EntityType
[13Nov2025 07:43:49.393] [main/DEBUG] [mixin/]: architectury-common.mixins.json:inject.MixinEntityType from mod architectury: Class version 65 required is higher than the class version supported by the current version of Mixin (JAVA_16 supports class version 60)
[13Nov2025 07:43:49.421] [main/DEBUG] [mixin/]: Mixing inject.MixinFluid from architectury-common.mixins.json into net.minecraft.world.level.material.Fluid
[13Nov2025 07:43:49.421] [main/DEBUG] [mixin/]: architectury-common.mixins.json:inject.MixinFluid from mod architectury: Class version 65 required is higher than the class version supported by the current version of Mixin (JAVA_16 supports class version 60)
[13Nov2025 07:43:49.423] [main/DEBUG] [mixin/]: Mixing access.IFlowableFluid from c2me-base.mixins.json into net.minecraft.world.level.material.FlowingFluid
[13Nov2025 07:43:49.459] [main/DEBUG] [mixin/]: Mixing threading.MixinRandomizedIntBlockStateProvider from c2me-fixes-worldgen-threading-issues.mixins.json into net.minecraft.world.level.levelgen.feature.stateproviders.RandomizedIntStateProvider
[13Nov2025 07:43:49.477] [main/DEBUG] [mixin/]: Mixing BlockEntityMixin from refurbished_furniture.common.mixins.json into net.minecraft.world.level.block.entity.BlockEntity
[13Nov2025 07:43:49.477] [main/DEBUG] [mixin/]: Mixing BlockEntityMixin from collective_neoforge.mixins.json into net.minecraft.world.level.block.entity.BlockEntity
[13Nov2025 07:43:49.481] [main/DEBUG] [mixin/]: Mixing access.IBlockEntity from c2me-base.mixins.json into net.minecraft.world.level.block.entity.BlockEntity
[13Nov2025 07:43:49.484] [main/DEBUG] [mixin/]: refurbished_furniture.common.mixins.json:BlockEntityMixin from mod refurbished_furniture->@Inject::refurbishedFurniture$SetLevelTail(Lnet/minecraft/world/level/Level;Lorg/spongepowered/asm/mixin/injection/callback/CallbackInfo;)V doesn't use it's CallbackInfo
[13Nov2025 07:43:49.484] [main/DEBUG] [mixin/]: refurbished_furniture.common.mixins.json:BlockEntityMixin from mod refurbished_furniture->@Inject::refurbishedFurniture$SetLevelTail(Lnet/minecraft/world/level/Level;Lorg/spongepowered/asm/mixin/injection/callback/CallbackInfo;)V has 0 override(s) in child classes
[13Nov2025 07:43:49.484] [main/DEBUG] [mixin/]: refurbished_furniture.common.mixins.json:BlockEntityMixin from mod refurbished_furniture->@Inject::refurbishedFurniture$SetLevelTail(Lnet/minecraft/world/level/Level;Lorg/spongepowered/asm/mixin/injection/callback/CallbackInfo;)V won't be passed a CallbackInfo as a result
[13Nov2025 07:43:49.484] [main/DEBUG] [mixin/]: collective_neoforge.mixins.json:BlockEntityMixin from mod collective->@Inject::setLevel(Lnet/minecraft/world/level/Level;Lorg/spongepowered/asm/mixin/injection/callback/CallbackInfo;)V doesn't use it's CallbackInfo
[13Nov2025 07:43:49.484] [main/DEBUG] [mixin/]: collective_neoforge.mixins.json:BlockEntityMixin from mod collective->@Inject::setLevel(Lnet/minecraft/world/level/Level;Lorg/spongepowered/asm/mixin/injection/callback/CallbackInfo;)V has 0 override(s) in child classes
[13Nov2025 07:43:49.484] [main/DEBUG] [mixin/]: collective_neoforge.mixins.json:BlockEntityMixin from mod collective->@Inject::setLevel(Lnet/minecraft/world/level/Level;Lorg/spongepowered/asm/mixin/injection/callback/CallbackInfo;)V won't be passed a CallbackInfo as a result
[13Nov2025 07:43:49.484] [main/DEBUG] [mixin/]: collective_neoforge.mixins.json:BlockEntityMixin from mod collective->@Inject::setRemoved(Lorg/spongepowered/asm/mixin/injection/callback/CallbackInfo;)V doesn't use it's CallbackInfo
[13Nov2025 07:43:49.484] [main/DEBUG] [mixin/]: collective_neoforge.mixins.json:BlockEntityMixin from mod collective->@Inject::setRemoved(Lorg/spongepowered/asm/mixin/injection/callback/CallbackInfo;)V has 0 override(s) in child classes
[13Nov2025 07:43:49.484] [main/DEBUG] [mixin/]: collective_neoforge.mixins.json:BlockEntityMixin from mod collective->@Inject::setRemoved(Lorg/spongepowered/asm/mixin/injection/callback/CallbackInfo;)V won't be passed a CallbackInfo as a result
[13Nov2025 07:43:49.487] [main/DEBUG] [mixin/]: Mixing BrushableBlockEntityMixin from tombstone.mixins.json into net.minecraft.world.level.block.entity.BrushableBlockEntity
[13Nov2025 07:43:49.497] [main/DEBUG] [mixin/]: tombstone.mixins.json:BrushableBlockEntityMixin from mod tombstone->@Inject::methodUnpackLootTable(Lnet/minecraft/world/entity/player/Player;Lorg/spongepowered/asm/mixin/injection/callback/CallbackInfo;)V does use it's CallbackInfo
[13Nov2025 07:43:49.497] [main/DEBUG] [mixin/]: tombstone.mixins.json:BrushableBlockEntityMixin from mod tombstone->@Inject::methodUnpackLootTable(Lnet/minecraft/world/entity/player/Player;Lorg/spongepowered/asm/mixin/injection/callback/CallbackInfo;)V does use it's CallbackInfo
[13Nov2025 07:43:49.499] [main/DEBUG] [mixin/]: Mixing MixinFallingBlockEntity from architectury.mixins.json into net.minecraft.world.entity.item.FallingBlockEntity
[13Nov2025 07:43:49.499] [main/DEBUG] [mixin/]: architectury.mixins.json:MixinFallingBlockEntity from mod architectury: Class version 65 required is higher than the class version supported by the current version of Mixin (JAVA_16 supports class version 60)
[13Nov2025 07:43:49.509] [main/DEBUG] [mixin/]: architectury.mixins.json:MixinFallingBlockEntity from mod architectury->@Inject::handleLand(Lorg/spongepowered/asm/mixin/injection/callback/CallbackInfo;Lnet/minecraft/world/level/block/Block;Lnet/minecraft/core/BlockPos;ZZDLnet/minecraft/world/level/block/state/BlockState;)V doesn't use it's CallbackInfo
[13Nov2025 07:43:49.509] [main/DEBUG] [mixin/]: architectury.mixins.json:MixinFallingBlockEntity from mod architectury->@Inject::handleLand(Lorg/spongepowered/asm/mixin/injection/callback/CallbackInfo;Lnet/minecraft/world/level/block/Block;Lnet/minecraft/core/BlockPos;ZZDLnet/minecraft/world/level/block/state/BlockState;)V has 0 override(s) in child classes
[13Nov2025 07:43:49.509] [main/DEBUG] [mixin/]: architectury.mixins.json:MixinFallingBlockEntity from mod architectury->@Inject::handleLand(Lorg/spongepowered/asm/mixin/injection/callback/CallbackInfo;Lnet/minecraft/world/level/block/Block;Lnet/minecraft/core/BlockPos;ZZDLnet/minecraft/world/level/block/state/BlockState;)V won't be passed a CallbackInfo as a result
[13Nov2025 07:43:49.688] [main/DEBUG] [mixin/]: Mixing accessors.MobAccessor from mixins.artifacts.common.json into net.minecraft.world.entity.Mob
[13Nov2025 07:43:49.688] [main/DEBUG] [mixin/]: Mixing MobEntityMixin from iceandfire.mixins.json into net.minecraft.world.entity.Mob
[13Nov2025 07:43:49.691] [main/DEBUG] [mixin/]: Mixing MobMixin from tombstone.mixins.json into net.minecraft.world.entity.Mob
[13Nov2025 07:43:49.692] [main/DEBUG] [mixin/]: Renaming synthetic method lambda$methodSetTarget$0(Lnet/minecraft/world/entity/LivingEntity;Ljava/util/UUID;)Ljava/lang/Boolean; to md277493$tombstone$lambda$methodSetTarget$0$0 in tombstone.mixins.json:MobMixin from mod tombstone
[13Nov2025 07:43:49.700] [main/DEBUG] [mixin/]: iceandfire.mixins.json:MobEntityMixin from mod iceandfire->@Inject::dropHandler(Lnet/minecraft/world/damagesource/DamageSource;ZLorg/spongepowered/asm/mixin/injection/callback/CallbackInfo;)V doesn't use it's CallbackInfo
[13Nov2025 07:43:49.700] [main/DEBUG] [mixin/]: iceandfire.mixins.json:MobEntityMixin from mod iceandfire->@Inject::dropHandler(Lnet/minecraft/world/damagesource/DamageSource;ZLorg/spongepowered/asm/mixin/injection/callback/CallbackInfo;)V has 0 override(s) in child classes
[13Nov2025 07:43:49.700] [main/DEBUG] [mixin/]: iceandfire.mixins.json:MobEntityMixin from mod iceandfire->@Inject::dropHandler(Lnet/minecraft/world/damagesource/DamageSource;ZLorg/spongepowered/asm/mixin/injection/callback/CallbackInfo;)V won't be passed a CallbackInfo as a result
[13Nov2025 07:43:49.700] [main/DEBUG] [mixin/]: tombstone.mixins.json:MobMixin from mod tombstone->@Inject::methodIsSunBurnTick(Lorg/spongepowered/asm/mixin/injection/callback/CallbackInfoReturnable;)V does use it's CallbackInfoReturnable
[13Nov2025 07:43:49.700] [main/DEBUG] [mixin/]: tombstone.mixins.json:MobMixin from mod tombstone->@Inject::methodCheckDespawn(Lorg/spongepowered/asm/mixin/injection/callback/CallbackInfo;)V does use it's CallbackInfo
[13Nov2025 07:43:49.700] [main/DEBUG] [mixin/]: tombstone.mixins.json:MobMixin from mod tombstone->@Inject::methodTick(Lorg/spongepowered/asm/mixin/injection/callback/CallbackInfo;)V doesn't use it's CallbackInfo
[13Nov2025 07:43:49.700] [main/DEBUG] [mixin/]: tombstone.mixins.json:MobMixin from mod tombstone->@Inject::methodTick(Lorg/spongepowered/asm/mixin/injection/callback/CallbackInfo;)V has 0 override(s) in child classes
[13Nov2025 07:43:49.700] [main/DEBUG] [mixin/]: tombstone.mixins.json:MobMixin from mod tombstone->@Inject::methodTick(Lorg/spongepowered/asm/mixin/injection/callback/CallbackInfo;)V won't be passed a CallbackInfo as a result
[13Nov2025 07:43:49.700] [main/DEBUG] [mixin/]: tombstone.mixins.json:MobMixin from mod tombstone->@Inject::methodCanBeLeashed(Lorg/spongepowered/asm/mixin/injection/callback/CallbackInfoReturnable;)V does use it's CallbackInfoReturnable
[13Nov2025 07:43:49.700] [main/DEBUG] [mixin/]: tombstone.mixins.json:MobMixin from mod tombstone->@Inject::methodSetTarget(Lnet/minecraft/world/entity/LivingEntity;Lorg/spongepowered/asm/mixin/injection/callback/CallbackInfo;)V does use it's CallbackInfo
[13Nov2025 07:43:49.707] [main/DEBUG] [mixin/]: Mixing MonsterMixin from tombstone.mixins.json into net.minecraft.world.entity.monster.Monster
[13Nov2025 07:43:49.709] [main/DEBUG] [mixin/]: tombstone.mixins.json:MonsterMixin from mod tombstone->@Inject::methodIsPreventingPlayerRest(Lnet/minecraft/world/entity/player/Player;Lorg/spongepowered/asm/mixin/injection/callback/CallbackInfoReturnable;)V does use it's CallbackInfoReturnable
[13Nov2025 07:43:49.709] [main/DEBUG] [mixin/]: tombstone.mixins.json:MonsterMixin from mod tombstone->@Inject::methodGetWalkTargetValue(Lnet/minecraft/core/BlockPos;Lnet/minecraft/world/level/LevelReader;Lorg/spongepowered/asm/mixin/injection/callback/CallbackInfoReturnable;)V does use it's CallbackInfoReturnable
[13Nov2025 07:43:49.781] [main/DEBUG] [mixin/]: Mixing BlockEntityTypeAccessor from neoforge.mixins.json into net.minecraft.world.level.block.entity.BlockEntityType
[13Nov2025 07:43:49.824] [main/DEBUG] [mixin/]: Mixing common.AbstractContainerMenuMixin from geckolib.mixins.json into net.minecraft.world.inventory.AbstractContainerMenu
[13Nov2025 07:43:49.825] [main/DEBUG] [mixin/]: geckolib.mixins.json:common.AbstractContainerMenuMixin from mod geckolib: Class version 65 required is higher than the class version supported by the current version of Mixin (JAVA_17 supports class version 61)
[13Nov2025 07:43:49.953] [main/DEBUG] [mixin/]: Mixing ItemStackMixin from mutantmonsters.common.mixins.json into net.minecraft.world.item.ItemStack
[13Nov2025 07:43:49.954] [main/DEBUG] [mixin/]: mutantmonsters.common.mixins.json:ItemStackMixin from mod mutantmonsters: Class version 65 required is higher than the class version supported by the current version of Mixin (JAVA_17 supports class version 61)
[13Nov2025 07:43:49.954] [main/DEBUG] [mixin/]: Mixing common.ItemStackMixin from geckolib.mixins.json into net.minecraft.world.item.ItemStack
[13Nov2025 07:43:49.955] [main/DEBUG] [mixin/]: geckolib.mixins.json:common.ItemStackMixin from mod geckolib: Class version 65 required is higher than the class version supported by the current version of Mixin (JAVA_17 supports class version 61)
[13Nov2025 07:43:49.956] [main/DEBUG] [mixin/]: Mixing item.ItemStackMixin from mixins.artifacts.common.json into net.minecraft.world.item.ItemStack
[13Nov2025 07:43:49.960] [main/DEBUG] [mixin/]: Mixing MixinItemStack from glitchcore.mixins.json into net.minecraft.world.item.ItemStack
[13Nov2025 07:43:49.960] [main/DEBUG] [mixin/]: glitchcore.mixins.json:MixinItemStack from mod glitchcore: Class version 65 required is higher than the class version supported by the current version of Mixin (JAVA_17 supports class version 61)
[13Nov2025 07:43:49.967] [main/DEBUG] [mixin/]: mutantmonsters.common.mixins.json:ItemStackMixin from mod mutantmonsters->@Inject::canBeHurtBy(Lnet/minecraft/world/damagesource/DamageSource;Lorg/spongepowered/asm/mixin/injection/callback/CallbackInfoReturnable;)V does use it's CallbackInfoReturnable
[13Nov2025 07:43:49.967] [main/DEBUG] [mixin/]: mixins.artifacts.common.json:item.ItemStackMixin from mod artifacts->@Inject::getTooltipLines(Lnet/minecraft/world/item/Item$TooltipContext;Lnet/minecraft/world/entity/player/Player;Lnet/minecraft/world/item/TooltipFlag;Lorg/spongepowered/asm/mixin/injection/callback/CallbackInfoReturnable;Ljava/util/List;)V doesn't use it's CallbackInfoReturnable
[13Nov2025 07:43:49.967] [main/DEBUG] [mixin/]: glitchcore.mixins.json:MixinItemStack from mod glitchcore->@Inject::onUse(Lnet/minecraft/world/level/Level;Lnet/minecraft/world/entity/player/Player;Lnet/minecraft/world/InteractionHand;Lorg/spongepowered/asm/mixin/injection/callback/CallbackInfoReturnable;)V does use it's CallbackInfoReturnable
[13Nov2025 07:43:49.967] [main/DEBUG] [mixin/]: glitchcore.mixins.json:MixinItemStack from mod glitchcore->@Inject::onFinishUsingItemBegin(Lnet/minecraft/world/level/Level;Lnet/minecraft/world/entity/LivingEntity;Lorg/spongepowered/asm/mixin/injection/callback/CallbackInfoReturnable;)V doesn't use it's CallbackInfoReturnable
[13Nov2025 07:43:49.967] [main/DEBUG] [mixin/]: glitchcore.mixins.json:MixinItemStack from mod glitchcore->@Inject::onFinishUsingItem(Lnet/minecraft/world/level/Level;Lnet/minecraft/world/entity/LivingEntity;Lorg/spongepowered/asm/mixin/injection/callback/CallbackInfoReturnable;)V does use it's CallbackInfoReturnable
[13Nov2025 07:43:49.974] [main/DEBUG] [mixin/]: Mixing ItemStackExtensionMixin from tombstone.mixins.json into net.neoforged.neoforge.common.extensions.IItemStackExtension
[13Nov2025 07:43:49.980] [main/DEBUG] [mixin/]: tombstone.mixins.json:ItemStackExtensionMixin from mod tombstone->@Inject::methodIsPrimaryItemFor(Lnet/minecraft/core/Holder;Lorg/spongepowered/asm/mixin/injection/callback/CallbackInfoReturnable;)V does use it's CallbackInfoReturnable
[13Nov2025 07:43:49.981] [main/DEBUG] [mixin/]: tombstone.mixins.json:ItemStackExtensionMixin from mod tombstone->@Inject::methodSupportsEnchantment(Lnet/minecraft/core/Holder;Lorg/spongepowered/asm/mixin/injection/callback/CallbackInfoReturnable;)V does use it's CallbackInfoReturnable
[13Nov2025 07:43:49.985] [main/DEBUG] [mixin/]: Mixing MixinBiome from sereneseasons.mixins.json into net.minecraft.world.level.biome.Biome
[13Nov2025 07:43:49.985] [main/DEBUG] [mixin/]: sereneseasons.mixins.json:MixinBiome from mod sereneseasons: Class version 65 required is higher than the class version supported by the current version of Mixin (JAVA_17 supports class version 61)
[13Nov2025 07:43:49.987] [main/DEBUG] [mixin/]: sereneseasons.mixins.json:MixinBiome from mod sereneseasons->@Inject::onShouldSnow(Lnet/minecraft/world/level/LevelReader;Lnet/minecraft/core/BlockPos;Lorg/spongepowered/asm/mixin/injection/callback/CallbackInfoReturnable;)V does use it's CallbackInfoReturnable
[13Nov2025 07:43:50.535] [main/DEBUG] [mixin/]: Mixing MixinServerPlayer from glitchcore.neoforge.mixins.json into net.minecraft.server.level.ServerPlayer
[13Nov2025 07:43:50.535] [main/DEBUG] [mixin/]: glitchcore.neoforge.mixins.json:MixinServerPlayer from mod glitchcore: Class version 65 required is higher than the class version supported by the current version of Mixin (JAVA_17 supports class version 61)
[13Nov2025 07:43:50.536] [main/DEBUG] [mixin/]: Mixing common.ServerPlayerMixin from uteamcore.mixins.json into net.minecraft.server.level.ServerPlayer
[13Nov2025 07:43:50.536] [main/DEBUG] [mixin/]: uteamcore.mixins.json:common.ServerPlayerMixin from mod uteamcore: Class version 65 required is higher than the class version supported by the current version of Mixin (JAVA_17 supports class version 61)
[13Nov2025 07:43:50.536] [main/DEBUG] [mixin/]: Mixing swimming.server.ServerPlayerMixin from expandability-common.mixins.json into net.minecraft.server.level.ServerPlayer
[13Nov2025 07:43:50.537] [main/DEBUG] [mixin/]: expandability-common.mixins.json:swimming.server.ServerPlayerMixin from mod expandability: Class version 65 required is higher than the class version supported by the current version of Mixin (JAVA_17 supports class version 61)
[13Nov2025 07:43:50.537] [main/DEBUG] [mixin/]: Mixing ServerPlayerMixin from playerrevive.mixins.json into net.minecraft.server.level.ServerPlayer
[13Nov2025 07:43:50.537] [main/DEBUG] [mixin/]: playerrevive.mixins.json:ServerPlayerMixin from mod playerrevive: Class version 65 required is higher than the class version supported by the current version of Mixin (JAVA_17 supports class version 61)
[13Nov2025 07:43:50.538] [main/DEBUG] [mixin/]: Mixing ServerPlayerMixin from tombstone.mixins.json into net.minecraft.server.level.ServerPlayer
[13Nov2025 07:43:50.538] [main/DEBUG] [mixin/]: Renaming synthetic method lambda$static$0()Ljava/lang/Boolean; to md277493$tombstone$lambda$static$0$0 in tombstone.mixins.json:ServerPlayerMixin from mod tombstone
[13Nov2025 07:43:50.540] [main/DEBUG] [mixin/]: Mixing camera.ServerPlayerMixin from securitycraft.mixins.json into net.minecraft.server.level.ServerPlayer
[13Nov2025 07:43:50.546] [main/DEBUG] [mixin/]: glitchcore.neoforge.mixins.json:MixinServerPlayer from mod glitchcore->@Inject::onChangeDimension(Lnet/minecraft/world/level/portal/DimensionTransition;Lorg/spongepowered/asm/mixin/injection/callback/CallbackInfoReturnable;)V doesn't use it's CallbackInfoReturnable
[13Nov2025 07:43:50.546] [main/DEBUG] [mixin/]: glitchcore.neoforge.mixins.json:MixinServerPlayer from mod glitchcore->@Inject::onChangeDimension(Lnet/minecraft/world/level/portal/DimensionTransition;Lorg/spongepowered/asm/mixin/injection/callback/CallbackInfoReturnable;)V has 0 override(s) in child classes
[13Nov2025 07:43:50.546] [main/DEBUG] [mixin/]: glitchcore.neoforge.mixins.json:MixinServerPlayer from mod glitchcore->@Inject::onChangeDimension(Lnet/minecraft/world/level/portal/DimensionTransition;Lorg/spongepowered/asm/mixin/injection/callback/CallbackInfoReturnable;)V won't be passed a CallbackInfoReturnable as a result
[13Nov2025 07:43:50.546] [main/DEBUG] [mixin/]: uteamcore.mixins.json:common.ServerPlayerMixin from mod uteamcore->@Inject::uteamcore$initMenu(Lnet/minecraft/world/inventory/AbstractContainerMenu;Lorg/spongepowered/asm/mixin/injection/callback/CallbackInfo;)V doesn't use it's CallbackInfo
[13Nov2025 07:43:50.546] [main/DEBUG] [mixin/]: uteamcore.mixins.json:common.ServerPlayerMixin from mod uteamcore->@Inject::uteamcore$initMenu(Lnet/minecraft/world/inventory/AbstractContainerMenu;Lorg/spongepowered/asm/mixin/injection/callback/CallbackInfo;)V has 0 override(s) in child classes
[13Nov2025 07:43:50.546] [main/DEBUG] [mixin/]: uteamcore.mixins.json:common.ServerPlayerMixin from mod uteamcore->@Inject::uteamcore$initMenu(Lnet/minecraft/world/inventory/AbstractContainerMenu;Lorg/spongepowered/asm/mixin/injection/callback/CallbackInfo;)V won't be passed a CallbackInfo as a result
[13Nov2025 07:43:50.546] [main/DEBUG] [mixin/]: playerrevive.mixins.json:ServerPlayerMixin from mod playerrevive->@Inject::getPermissionLevel(Lorg/spongepowered/asm/mixin/injection/callback/CallbackInfoReturnable;)V does use it's CallbackInfoReturnable
[13Nov2025 07:43:50.546] [main/DEBUG] [mixin/]: tombstone.mixins.json:ServerPlayerMixin from mod tombstone->@Inject::methodMayInteract(Lnet/minecraft/world/level/Level;Lnet/minecraft/core/BlockPos;Lorg/spongepowered/asm/mixin/injection/callback/CallbackInfoReturnable;)V does use it's CallbackInfoReturnable
[13Nov2025 07:43:50.546] [main/DEBUG] [mixin/]: tombstone.mixins.json:ServerPlayerMixin from mod tombstone->@Inject::methodGiveExperiencePoints(ILorg/spongepowered/asm/mixin/injection/callback/CallbackInfo;)V does use it's CallbackInfo
[13Nov2025 07:43:50.727] [main/DEBUG] [mixin/]: Mixing threading.math.MixinDirectionTransformation from c2me-fixes-worldgen-threading-issues.mixins.json into com.mojang.math.OctahedralGroup
[13Nov2025 07:43:50.729] [main/DEBUG] [mixin/]: c2me-fixes-worldgen-threading-issues.mixins.json:threading.math.MixinDirectionTransformation from mod c2me_fixes_worldgen_threading_issues->@Inject::onInit(Lorg/spongepowered/asm/mixin/injection/callback/CallbackInfo;)V doesn't use it's CallbackInfo
[13Nov2025 07:43:50.926] [main/DEBUG] [mixin/]: Mixing ItemMixin from uteamcore.mixins.json into net.minecraft.world.item.Item
[13Nov2025 07:43:50.927] [main/DEBUG] [mixin/]: uteamcore.mixins.json:ItemMixin from mod uteamcore: Class version 65 required is higher than the class version supported by the current version of Mixin (JAVA_17 supports class version 61)
[13Nov2025 07:43:50.929] [main/DEBUG] [mixin/]: Mixing inject.MixinItem from architectury-common.mixins.json into net.minecraft.world.item.Item
[13Nov2025 07:43:50.929] [main/DEBUG] [mixin/]: architectury-common.mixins.json:inject.MixinItem from mod architectury: Class version 65 required is higher than the class version supported by the current version of Mixin (JAVA_16 supports class version 60)
[13Nov2025 07:43:50.930] [main/DEBUG] [mixin/]: Mixing ItemMixin from tombstone.mixins.json into net.minecraft.world.item.Item
[13Nov2025 07:43:50.941] [main/DEBUG] [mixin/]: architectury-common.mixins.json:inject.MixinItem from mod architectury->@Inject::init(Lnet/minecraft/world/item/Item$Properties;Lorg/spongepowered/asm/mixin/injection/callback/CallbackInfo;)V doesn't use it's CallbackInfo
[13Nov2025 07:43:50.941] [main/DEBUG] [mixin/]: architectury-common.mixins.json:inject.MixinItem from mod architectury->@Inject::init(Lnet/minecraft/world/item/Item$Properties;Lorg/spongepowered/asm/mixin/injection/callback/CallbackInfo;)V has 0 override(s) in child classes
[13Nov2025 07:43:50.941] [main/DEBUG] [mixin/]: architectury-common.mixins.json:inject.MixinItem from mod architectury->@Inject::init(Lnet/minecraft/world/item/Item$Properties;Lorg/spongepowered/asm/mixin/injection/callback/CallbackInfo;)V won't be passed a CallbackInfo as a result
[13Nov2025 07:43:50.941] [main/DEBUG] [mixin/]: tombstone.mixins.json:ItemMixin from mod tombstone->@Inject::methodGetName(Lnet/minecraft/world/item/ItemStack;Lorg/spongepowered/asm/mixin/injection/callback/CallbackInfoReturnable;)V does use it's CallbackInfoReturnable
[13Nov2025 07:43:50.950] [main/DEBUG] [mixin/]: Mixing reinforced.SwordItemMixin from securitycraft.mixins.json into net.minecraft.world.item.SwordItem
[13Nov2025 07:43:50.957] [main/DEBUG] [mixin/]: Mixing neoforge.MixinBucketItem from architectury.mixins.json into net.minecraft.world.item.BucketItem
[13Nov2025 07:43:50.957] [main/DEBUG] [mixin/]: architectury.mixins.json:neoforge.MixinBucketItem from mod architectury: Class version 65 required is higher than the class version supported by the current version of Mixin (JAVA_16 supports class version 60)
[13Nov2025 07:43:50.958] [main/DEBUG] [mixin/]: Mixing neoforge.BucketItemAccessor from architectury.mixins.json into net.minecraft.world.item.BucketItem
[13Nov2025 07:43:50.958] [main/DEBUG] [mixin/]: architectury.mixins.json:neoforge.BucketItemAccessor from mod architectury: Class version 65 required is higher than the class version supported by the current version of Mixin (JAVA_16 supports class version 60)
[13Nov2025 07:43:50.958] [main/DEBUG] [mixin/]: Mixing inject.MixinBucketItem from architectury-common.mixins.json into net.minecraft.world.item.BucketItem
[13Nov2025 07:43:50.958] [main/DEBUG] [mixin/]: architectury-common.mixins.json:inject.MixinBucketItem from mod architectury: Class version 65 required is higher than the class version supported by the current version of Mixin (JAVA_16 supports class version 60)
[13Nov2025 07:43:50.960] [main/DEBUG] [mixin/]: architectury.mixins.json:neoforge.MixinBucketItem from mod architectury->@Inject::fillBucket(Lnet/minecraft/world/level/Level;Lnet/minecraft/world/entity/player/Player;Lnet/minecraft/world/InteractionHand;Lorg/spongepowered/asm/mixin/injection/callback/CallbackInfoReturnable;Lnet/minecraft/world/item/ItemStack;Lnet/minecraft/world/phys/BlockHitResult;)V does use it's CallbackInfoReturnable
[13Nov2025 07:43:50.966] [main/DEBUG] [mixin/]: Mixing BoneMealItemMixin from collective_neoforge.mixins.json into net.minecraft.world.item.BoneMealItem
[13Nov2025 07:43:50.968] [main/DEBUG] [mixin/]: collective_neoforge.mixins.json:BoneMealItemMixin from mod collective->@Inject::BoneMealItem_useOn(Lnet/minecraft/world/item/context/UseOnContext;Lorg/spongepowered/asm/mixin/injection/callback/CallbackInfoReturnable;)V does use it's CallbackInfoReturnable
[13Nov2025 07:43:50.968] [main/DEBUG] [mixin/]: collective_neoforge.mixins.json:BoneMealItemMixin from mod collective->@Inject::growCrop(Lnet/minecraft/world/item/ItemStack;Lnet/minecraft/world/level/Level;Lnet/minecraft/core/BlockPos;Lorg/spongepowered/asm/mixin/injection/callback/CallbackInfoReturnable;)V doesn't use it's CallbackInfoReturnable
[13Nov2025 07:43:50.970] [main/DEBUG] [mixin/]: Mixing reinforced.ShearsItemMixin from securitycraft.mixins.json into net.minecraft.world.item.ShearsItem
[13Nov2025 07:43:50.973] [main/DEBUG] [mixin/]: Mixing ability.enderpearlhungercost.EnderPearlItemMixin from mixins.artifacts.common.json into net.minecraft.world.item.EnderpearlItem
[13Nov2025 07:43:50.973] [main/DEBUG] [mixin/]: Renaming synthetic method lambda$shouldConsumeEnderPearl$1(Lartifacts/component/ability/EnderPearlHungerCost;)Ljava/lang/Integer; to md277493$artifacts$lambda$shouldConsumeEnderPearl$1$0 in mixins.artifacts.common.json:ability.enderpearlhungercost.EnderPearlItemMixin from mod artifacts
[13Nov2025 07:43:50.973] [main/DEBUG] [mixin/]: Renaming synthetic method lambda$shouldConsumeEnderPearl$0(Lartifacts/component/ability/EnderPearlHungerCost;)Ljava/lang/Integer; to md277493$artifacts$lambda$shouldConsumeEnderPearl$0$1 in mixins.artifacts.common.json:ability.enderpearlhungercost.EnderPearlItemMixin from mod artifacts
[13Nov2025 07:43:50.979] [main/DEBUG] [mixin/]: Mixing PotionItemMixin from tombstone.mixins.json into net.minecraft.world.item.PotionItem
[13Nov2025 07:43:50.979] [main/DEBUG] [mixin/]: Renaming synthetic method lambda$applyAlchemistPerk$2(Lnet/minecraft/world/effect/MobEffectInstance;)V to md277493$tombstone$lambda$applyAlchemistPerk$2$0 in tombstone.mixins.json:PotionItemMixin from mod tombstone
[13Nov2025 07:43:50.979] [main/DEBUG] [mixin/]: Renaming synthetic method lambda$applyAlchemistPerk$1(Lnet/minecraft/world/effect/MobEffectInstance;)Ljava/lang/Integer; to md277493$tombstone$lambda$applyAlchemistPerk$1$1 in tombstone.mixins.json:PotionItemMixin from mod tombstone
[13Nov2025 07:43:50.979] [main/DEBUG] [mixin/]: Renaming synthetic method lambda$methodAppendHoverText$0(Lnet/minecraft/world/item/alchemy/PotionContents;Ljava/util/List;Lnet/minecraft/world/item/ItemStack;Lnet/minecraft/world/item/Item$TooltipContext;Lorg/spongepowered/asm/mixin/injection/callback/CallbackInfo;Lnet/minecraft/world/entity/player/Player;)V to md277493$tombstone$lambda$methodAppendHoverText$0$2 in tombstone.mixins.json:PotionItemMixin from mod tombstone
[13Nov2025 07:43:50.985] [main/DEBUG] [mixin/]: tombstone.mixins.json:PotionItemMixin from mod tombstone->@Inject::methodAppendHoverText(Lnet/minecraft/world/item/ItemStack;Lnet/minecraft/world/item/Item$TooltipContext;Ljava/util/List;Lnet/minecraft/world/item/TooltipFlag;Lorg/spongepowered/asm/mixin/injection/callback/CallbackInfo;)V does use it's CallbackInfo
[13Nov2025 07:43:50.985] [main/DEBUG] [mixin/]: tombstone.mixins.json:PotionItemMixin from mod tombstone->@Inject::methodFinishUsingItemHead(Lnet/minecraft/world/item/ItemStack;Lnet/minecraft/world/level/Level;Lnet/minecraft/world/entity/LivingEntity;Lorg/spongepowered/asm/mixin/injection/callback/CallbackInfoReturnable;)V doesn't use it's CallbackInfoReturnable
[13Nov2025 07:43:50.985] [main/DEBUG] [mixin/]: tombstone.mixins.json:PotionItemMixin from mod tombstone->@Inject::methodFinishUsingItemHead(Lnet/minecraft/world/item/ItemStack;Lnet/minecraft/world/level/Level;Lnet/minecraft/world/entity/LivingEntity;Lorg/spongepowered/asm/mixin/injection/callback/CallbackInfoReturnable;)V has 0 override(s) in child classes
[13Nov2025 07:43:50.985] [main/DEBUG] [mixin/]: tombstone.mixins.json:PotionItemMixin from mod tombstone->@Inject::methodFinishUsingItemHead(Lnet/minecraft/world/item/ItemStack;Lnet/minecraft/world/level/Level;Lnet/minecraft/world/entity/LivingEntity;Lorg/spongepowered/asm/mixin/injection/callback/CallbackInfoReturnable;)V won't be passed a CallbackInfoReturnable as a result
[13Nov2025 07:43:50.985] [main/DEBUG] [mixin/]: tombstone.mixins.json:PotionItemMixin from mod tombstone->@Inject::methodFinishUsingItemReturn(Lnet/minecraft/world/item/ItemStack;Lnet/minecraft/world/level/Level;Lnet/minecraft/world/entity/LivingEntity;Lorg/spongepowered/asm/mixin/injection/callback/CallbackInfoReturnable;)V doesn't use it's CallbackInfoReturnable
[13Nov2025 07:43:50.985] [main/DEBUG] [mixin/]: tombstone.mixins.json:PotionItemMixin from mod tombstone->@Inject::methodFinishUsingItemReturn(Lnet/minecraft/world/item/ItemStack;Lnet/minecraft/world/level/Level;Lnet/minecraft/world/entity/LivingEntity;Lorg/spongepowered/asm/mixin/injection/callback/CallbackInfoReturnable;)V has 0 override(s) in child classes
[13Nov2025 07:43:50.986] [main/DEBUG] [mixin/]: tombstone.mixins.json:PotionItemMixin from mod tombstone->@Inject::methodFinishUsingItemReturn(Lnet/minecraft/world/item/ItemStack;Lnet/minecraft/world/level/Level;Lnet/minecraft/world/entity/LivingEntity;Lorg/spongepowered/asm/mixin/injection/callback/CallbackInfoReturnable;)V won't be passed a CallbackInfoReturnable as a result
[13Nov2025 07:43:50.986] [main/DEBUG] [mixin/]: tombstone.mixins.json:PotionItemMixin from mod tombstone->@Inject::methodFinishUsingItemReturn(Lnet/minecraft/world/item/ItemStack;Lnet/minecraft/world/level/Level;Lnet/minecraft/world/entity/LivingEntity;Lorg/spongepowered/asm/mixin/injection/callback/CallbackInfoReturnable;)V doesn't use it's CallbackInfoReturnable
[13Nov2025 07:43:50.986] [main/DEBUG] [mixin/]: tombstone.mixins.json:PotionItemMixin from mod tombstone->@Inject::methodFinishUsingItemReturn(Lnet/minecraft/world/item/ItemStack;Lnet/minecraft/world/level/Level;Lnet/minecraft/world/entity/LivingEntity;Lorg/spongepowered/asm/mixin/injection/callback/CallbackInfoReturnable;)V has 0 override(s) in child classes
[13Nov2025 07:43:50.986] [main/DEBUG] [mixin/]: tombstone.mixins.json:PotionItemMixin from mod tombstone->@Inject::methodFinishUsingItemReturn(Lnet/minecraft/world/item/ItemStack;Lnet/minecraft/world/level/Level;Lnet/minecraft/world/entity/LivingEntity;Lorg/spongepowered/asm/mixin/injection/callback/CallbackInfoReturnable;)V won't be passed a CallbackInfoReturnable as a result
[13Nov2025 07:43:50.999] [main/DEBUG] [mixin/]: Mixing suspiciousmines.BrushItemMixin from securitycraft.mixins.json into net.minecraft.world.item.BrushItem
[13Nov2025 07:43:50.999] [main/DEBUG] [mixin/]: Renaming synthetic method lambda$securitycraft$makeSuspiciousMinesBrushablePartTwo$0(Lnet/minecraft/world/entity/Entity;)Z to md277493$securitycraft$lambda$securitycraft$makeSuspiciousMinesBrushablePartTwo$0$0 in securitycraft.mixins.json:suspiciousmines.BrushItemMixin from mod securitycraft
[13Nov2025 07:43:51.011] [main/DEBUG] [mixin/]: securitycraft.mixins.json:suspiciousmines.BrushItemMixin from mod securitycraft->@Inject::securitycraft$makeSuspiciousMinesBrushablePartTwo(Lnet/minecraft/world/entity/player/Player;Lorg/spongepowered/asm/mixin/injection/callback/CallbackInfoReturnable;)V does use it's CallbackInfoReturnable
[13Nov2025 07:43:51.012] [main/DEBUG] [mixin/]: securitycraft.mixins.json:suspiciousmines.BrushItemMixin from mod securitycraft->@Inject::securitycraft$checkForSuspiciousMine(Lnet/minecraft/world/level/Level;Lnet/minecraft/world/entity/LivingEntity;Lnet/minecraft/world/item/ItemStack;ILorg/spongepowered/asm/mixin/injection/callback/CallbackInfo;)V does use it's CallbackInfo
[13Nov2025 07:43:51.036] [main/DEBUG] [mixin/]: Mixing inject.MixinItemProperties from architectury-common.mixins.json into net.minecraft.world.item.Item$Properties
[13Nov2025 07:43:51.037] [main/DEBUG] [mixin/]: architectury-common.mixins.json:inject.MixinItemProperties from mod architectury: Class version 65 required is higher than the class version supported by the current version of Mixin (JAVA_16 supports class version 60)
[13Nov2025 07:43:51.070] [main/DEBUG] [mixin/]: Mixing accessor.NewRegistryEventNeoForgeAccessor from puzzleslib.neoforge.mixins.json into net.neoforged.neoforge.registries.NewRegistryEvent
[13Nov2025 07:43:51.070] [main/DEBUG] [mixin/]: puzzleslib.neoforge.mixins.json:accessor.NewRegistryEventNeoForgeAccessor from mod puzzleslib: Class version 65 required is higher than the class version supported by the current version of Mixin (JAVA_17 supports class version 61)
[13Nov2025 07:43:51.070] [main/DEBUG] [mixin/]: Renaming @Invoker method puzzleslib$callInit()Lnet/neoforged/neoforge/registries/NewRegistryEvent; to callInit$puzzleslib_$md$277493$0 in puzzleslib.neoforge.mixins.json:accessor.NewRegistryEventNeoForgeAccessor from mod puzzleslib
[13Nov2025 07:43:51.082] [main/DEBUG] [mixin/]: Mixing accessor.LootContextParamSetsAccessor from mutantmonsters.common.mixins.json into net.minecraft.world.level.storage.loot.parameters.LootContextParamSets
[13Nov2025 07:43:51.083] [main/DEBUG] [mixin/]: mutantmonsters.common.mixins.json:accessor.LootContextParamSetsAccessor from mod mutantmonsters: Class version 65 required is higher than the class version supported by the current version of Mixin (JAVA_17 supports class version 61)
[13Nov2025 07:43:51.083] [main/DEBUG] [mixin/]: Renaming @Accessor method mutantmonsters$getRegistry()Lcom/google/common/collect/BiMap; to getRegistry$mutantmonsters_$md$277493$0 in mutantmonsters.common.mixins.json:accessor.LootContextParamSetsAccessor from mod mutantmonsters
[13Nov2025 07:43:51.108] [main/DEBUG] [mixin/]: Mixing MixinNbtPredicate from curios.neoforge.mixins.json into net.minecraft.advancements.critereon.NbtPredicate
[13Nov2025 07:43:51.154] [main/DEBUG] [mixin/]: Mixing threading.MixinChunk from c2me-fixes-worldgen-threading-issues.mixins.json into net.minecraft.world.level.chunk.ChunkAccess
[13Nov2025 07:43:51.158] [main/DEBUG] [mixin/]: Mixing LevelChunkMixin from refurbished_furniture.common.mixins.json into net.minecraft.world.level.chunk.LevelChunk
[13Nov2025 07:43:51.158] [main/DEBUG] [mixin/]: Mixing fluid_postprocessing.MixinWorldChunk from c2me-rewrites-chunk-system.mixins.json into net.minecraft.world.level.chunk.LevelChunk
[13Nov2025 07:43:51.159] [main/DEBUG] [mixin/]: Mixing access.IWorldChunk from c2me-base.mixins.json into net.minecraft.world.level.chunk.LevelChunk
[13Nov2025 07:43:51.159] [main/DEBUG] [mixin/]: Mixing MixinWorldChunk from c2me-notickvd.mixins.json into net.minecraft.world.level.chunk.LevelChunk
[13Nov2025 07:43:51.161] [main/DEBUG] [mixin/]: refurbished_furniture.common.mixins.json:LevelChunkMixin from mod refurbished_furniture->@Inject::refurbishedFurniture$AfterRemoveBlockEntity(Lnet/minecraft/core/BlockPos;Lorg/spongepowered/asm/mixin/injection/callback/CallbackInfo;Lnet/minecraft/world/level/block/entity/BlockEntity;)V doesn't use it's CallbackInfo
[13Nov2025 07:43:51.161] [main/DEBUG] [mixin/]: refurbished_furniture.common.mixins.json:LevelChunkMixin from mod refurbished_furniture->@Inject::refurbishedFurniture$AfterRemoveBlockEntity(Lnet/minecraft/core/BlockPos;Lorg/spongepowered/asm/mixin/injection/callback/CallbackInfo;Lnet/minecraft/world/level/block/entity/BlockEntity;)V has 0 override(s) in child classes
[13Nov2025 07:43:51.161] [main/DEBUG] [mixin/]: refurbished_furniture.common.mixins.json:LevelChunkMixin from mod refurbished_furniture->@Inject::refurbishedFurniture$AfterRemoveBlockEntity(Lnet/minecraft/core/BlockPos;Lorg/spongepowered/asm/mixin/injection/callback/CallbackInfo;Lnet/minecraft/world/level/block/entity/BlockEntity;)V won't be passed a CallbackInfo as a result
[13Nov2025 07:43:51.209] [main/DEBUG] [mixin/]: Mixing boat.BoatMixin from securitycraft.mixins.json into net.minecraft.world.entity.vehicle.Boat
[13Nov2025 07:43:51.217] [main/DEBUG] [mixin/]: securitycraft.mixins.json:boat.BoatMixin from mod securitycraft->@Inject::securitycraft$fixMC199369(DZLnet/minecraft/world/level/block/state/BlockState;Lnet/minecraft/core/BlockPos;Lorg/spongepowered/asm/mixin/injection/callback/CallbackInfo;)V does use it's CallbackInfo
[13Nov2025 07:43:51.247] [main/DEBUG] [mixin/]: Mixing AbstractMinecartMixin from puzzleslib.common.mixins.json into net.minecraft.world.entity.vehicle.AbstractMinecart
[13Nov2025 07:43:51.247] [main/DEBUG] [mixin/]: puzzleslib.common.mixins.json:AbstractMinecartMixin from mod puzzleslib: Class version 65 required is higher than the class version supported by the current version of Mixin (JAVA_17 supports class version 61)
[13Nov2025 07:43:51.323] [main/DEBUG] [mixin/]: Mixing datafix.ItemStackComponentizationFixMixin from securitycraft.mixins.json into net.minecraft.util.datafix.fixes.ItemStackComponentizationFix
[13Nov2025 07:43:51.326] [main/DEBUG] [mixin/]: securitycraft.mixins.json:datafix.ItemStackComponentizationFixMixin from mod securitycraft->@Inject::securitycraft$fixItemStacks(Lnet/minecraft/util/datafix/fixes/ItemStackComponentizationFix$ItemStackData;Lcom/mojang/serialization/Dynamic;Lorg/spongepowered/asm/mixin/injection/callback/CallbackInfo;)V doesn't use it's CallbackInfo
[13Nov2025 07:43:51.578] [main/DEBUG] [mixin/]: Mixing MixinV1460 from curios.neoforge.mixins.json into net.minecraft.util.datafix.schemas.V1460
[13Nov2025 07:43:51.579] [main/DEBUG] [mixin/]: Mixing datafix.V1460Mixin from securitycraft.mixins.json into net.minecraft.util.datafix.schemas.V1460
[13Nov2025 07:43:51.584] [main/DEBUG] [mixin/]: curios.neoforge.mixins.json:MixinV1460 from mod curios->@Inject::captureSchema(Lcom/mojang/datafixers/schemas/Schema;Ljava/util/Map;Ljava/util/Map;Lorg/spongepowered/asm/mixin/injection/callback/CallbackInfo;)V doesn't use it's CallbackInfo
[13Nov2025 07:43:51.584] [main/DEBUG] [mixin/]: curios.neoforge.mixins.json:MixinV1460 from mod curios->@Inject::captureSchema(Lcom/mojang/datafixers/schemas/Schema;Ljava/util/Map;Ljava/util/Map;Lorg/spongepowered/asm/mixin/injection/callback/CallbackInfo;)V has 0 override(s) in child classes
[13Nov2025 07:43:51.584] [main/DEBUG] [mixin/]: curios.neoforge.mixins.json:MixinV1460 from mod curios->@Inject::captureSchema(Lcom/mojang/datafixers/schemas/Schema;Ljava/util/Map;Ljava/util/Map;Lorg/spongepowered/asm/mixin/injection/callback/CallbackInfo;)V won't be passed a CallbackInfo as a result
[13Nov2025 07:43:51.585] [main/DEBUG] [mixin/]: securitycraft.mixins.json:datafix.V1460Mixin from mod securitycraft->@Inject::securitycraft$registerBlockEntities(Lcom/mojang/datafixers/schemas/Schema;Lorg/spongepowered/asm/mixin/injection/callback/CallbackInfoReturnable;)V doesn't use it's CallbackInfoReturnable
[13Nov2025 07:43:51.585] [main/DEBUG] [mixin/]: securitycraft.mixins.json:datafix.V1460Mixin from mod securitycraft->@Inject::securitycraft$registerBlockEntities(Lcom/mojang/datafixers/schemas/Schema;Lorg/spongepowered/asm/mixin/injection/callback/CallbackInfoReturnable;)V has 0 override(s) in child classes
[13Nov2025 07:43:51.585] [main/DEBUG] [mixin/]: securitycraft.mixins.json:datafix.V1460Mixin from mod securitycraft->@Inject::securitycraft$registerBlockEntities(Lcom/mojang/datafixers/schemas/Schema;Lorg/spongepowered/asm/mixin/injection/callback/CallbackInfoReturnable;)V won't be passed a CallbackInfoReturnable as a result
[13Nov2025 07:43:51.585] [main/DEBUG] [mixin/]: securitycraft.mixins.json:datafix.V1460Mixin from mod securitycraft->@Inject::securitycraft$registerEntities(Lcom/mojang/datafixers/schemas/Schema;Lorg/spongepowered/asm/mixin/injection/callback/CallbackInfoReturnable;)V doesn't use it's CallbackInfoReturnable
[13Nov2025 07:43:51.585] [main/DEBUG] [mixin/]: securitycraft.mixins.json:datafix.V1460Mixin from mod securitycraft->@Inject::securitycraft$registerEntities(Lcom/mojang/datafixers/schemas/Schema;Lorg/spongepowered/asm/mixin/injection/callback/CallbackInfoReturnable;)V has 0 override(s) in child classes
[13Nov2025 07:43:51.585] [main/DEBUG] [mixin/]: securitycraft.mixins.json:datafix.V1460Mixin from mod securitycraft->@Inject::securitycraft$registerEntities(Lcom/mojang/datafixers/schemas/Schema;Lorg/spongepowered/asm/mixin/injection/callback/CallbackInfoReturnable;)V won't be passed a CallbackInfoReturnable as a result
[13Nov2025 07:43:51.585] [main/DEBUG] [mixin/]: securitycraft.mixins.json:datafix.V1460Mixin from mod securitycraft->@Inject::securitycraft$captureSchema(Lcom/mojang/datafixers/schemas/Schema;Lorg/spongepowered/asm/mixin/injection/callback/CallbackInfoReturnable;)V doesn't use it's CallbackInfoReturnable
[13Nov2025 07:43:51.912] [main/DEBUG] [mixin/]: Mixing ability.enderpearldamageimmunity.ThrownEnderPearlMixin from mixins.artifacts.common.json into net.minecraft.world.entity.projectile.ThrownEnderpearl
[13Nov2025 07:43:51.961] [main/DEBUG] [mixin/]: Mixing MixinLightningBolt from architectury-common.mixins.json into net.minecraft.world.entity.LightningBolt
[13Nov2025 07:43:51.961] [main/DEBUG] [mixin/]: architectury-common.mixins.json:MixinLightningBolt from mod architectury: Class version 65 required is higher than the class version supported by the current version of Mixin (JAVA_16 supports class version 60)
[13Nov2025 07:43:51.965] [main/DEBUG] [mixin/]: architectury-common.mixins.json:MixinLightningBolt from mod architectury->@Inject::handleLightning(Lorg/spongepowered/asm/mixin/injection/callback/CallbackInfo;Ljava/util/List;)V doesn't use it's CallbackInfo
[13Nov2025 07:43:51.965] [main/DEBUG] [mixin/]: architectury-common.mixins.json:MixinLightningBolt from mod architectury->@Inject::handleLightning(Lorg/spongepowered/asm/mixin/injection/callback/CallbackInfo;Ljava/util/List;)V has 0 override(s) in child classes
[13Nov2025 07:43:51.965] [main/DEBUG] [mixin/]: architectury-common.mixins.json:MixinLightningBolt from mod architectury->@Inject::handleLightning(Lorg/spongepowered/asm/mixin/injection/callback/CallbackInfo;Ljava/util/List;)V won't be passed a CallbackInfo as a result
[13Nov2025 07:43:51.985] [main/DEBUG] [mixin/]: Mixing ability.phantomrepellent.PhantomSweepAttackGoalMixin from mixins.artifacts.common.json into net.minecraft.world.entity.monster.Phantom$PhantomSweepAttackGoal
[13Nov2025 07:43:52.089] [main/DEBUG] [mixin/]: Mixing accessor.RavagerAccessor from mutantmonsters.common.mixins.json into net.minecraft.world.entity.monster.Ravager
[13Nov2025 07:43:52.089] [main/DEBUG] [mixin/]: mutantmonsters.common.mixins.json:accessor.RavagerAccessor from mod mutantmonsters: Class version 65 required is higher than the class version supported by the current version of Mixin (JAVA_17 supports class version 61)
[13Nov2025 07:43:52.175] [main/DEBUG] [mixin/]: Mixing BaseSpawnerMixin from collective_neoforge.mixins.json into net.minecraft.world.level.BaseSpawner
[13Nov2025 07:43:52.178] [main/DEBUG] [mixin/]: collective_neoforge.mixins.json:BaseSpawnerMixin from mod collective->@Inject::BaseSpawner_serverTickprivate(Lnet/minecraft/server/level/ServerLevel;Lnet/minecraft/core/BlockPos;Lorg/spongepowered/asm/mixin/injection/callback/CallbackInfo;ZLnet/minecraft/util/RandomSource;Lnet/minecraft/world/level/SpawnData;ILnet/minecraft/nbt/CompoundTag;Ljava/util/Optional;Lnet/minecraft/nbt/ListTag;IDDDLnet/minecraft/core/BlockPos;Lnet/minecraft/world/entity/Entity;ILnet/minecraft/world/entity/Mob;)V doesn't use it's CallbackInfo
[13Nov2025 07:43:52.178] [main/DEBUG] [mixin/]: collective_neoforge.mixins.json:BaseSpawnerMixin from mod collective->@Inject::BaseSpawner_serverTickprivate(Lnet/minecraft/server/level/ServerLevel;Lnet/minecraft/core/BlockPos;Lorg/spongepowered/asm/mixin/injection/callback/CallbackInfo;ZLnet/minecraft/util/RandomSource;Lnet/minecraft/world/level/SpawnData;ILnet/minecraft/nbt/CompoundTag;Ljava/util/Optional;Lnet/minecraft/nbt/ListTag;IDDDLnet/minecraft/core/BlockPos;Lnet/minecraft/world/entity/Entity;ILnet/minecraft/world/entity/Mob;)V has 0 override(s) in child classes
[13Nov2025 07:43:52.178] [main/DEBUG] [mixin/]: collective_neoforge.mixins.json:BaseSpawnerMixin from mod collective->@Inject::BaseSpawner_serverTickprivate(Lnet/minecraft/server/level/ServerLevel;Lnet/minecraft/core/BlockPos;Lorg/spongepowered/asm/mixin/injection/callback/CallbackInfo;ZLnet/minecraft/util/RandomSource;Lnet/minecraft/world/level/SpawnData;ILnet/minecraft/nbt/CompoundTag;Ljava/util/Optional;Lnet/minecraft/nbt/ListTag;IDDDLnet/minecraft/core/BlockPos;Lnet/minecraft/world/entity/Entity;ILnet/minecraft/world/entity/Mob;)V won't be passed a CallbackInfo as a result
[13Nov2025 07:43:52.202] [main/DEBUG] [mixin/]: Mixing attribute.villagerreputation.VillagerMixin from mixins.artifacts.common.json into net.minecraft.world.entity.npc.Villager
[13Nov2025 07:43:52.204] [main/DEBUG] [mixin/]: Mixing accessor.VillagerAccessor from tombstone.mixins.json into net.minecraft.world.entity.npc.Villager
[13Nov2025 07:43:52.464] [main/DEBUG] [mixin/]: Mixing inject.MixinFoodPropertiesBuilder from architectury-common.mixins.json into net.minecraft.world.food.FoodProperties$Builder
[13Nov2025 07:43:52.465] [main/DEBUG] [mixin/]: architectury-common.mixins.json:inject.MixinFoodPropertiesBuilder from mod architectury: Class version 65 required is higher than the class version supported by the current version of Mixin (JAVA_16 supports class version 60)
[13Nov2025 07:43:52.858] [main/DEBUG] [mixin/]: Mixing potion.BrewingStandMenuMixin from securitycraft.mixins.json into net.minecraft.world.inventory.BrewingStandMenu
[13Nov2025 07:43:52.865] [main/DEBUG] [mixin/]: Mixing structures.StructureProcessorAccessor from mss-common.mixins.json into net.minecraft.world.level.levelgen.structure.templatesystem.StructureProcessor
[13Nov2025 07:43:52.865] [main/DEBUG] [mixin/]: Mixing structures.StructureProcessorAccessor from mvs-common.mixins.json into net.minecraft.world.level.levelgen.structure.templatesystem.StructureProcessor
[13Nov2025 07:43:52.866] [main/DEBUG] [mixin/]: Unexpected: Registered method callGetType()Lnet/minecraft/world/level/levelgen/structure/templatesystem/StructureProcessorType; in net.minecraft.world.level.levelgen.structure.templatesystem.StructureProcessor was not merged
[13Nov2025 07:43:52.894] [main/DEBUG] [mixin/]: Mixing MixinInventory from curios.neoforge.mixins.json into net.minecraft.world.entity.player.Inventory
[13Nov2025 07:43:52.895] [main/DEBUG] [mixin/]: Mixing MixinInventory from architectury.mixins.json into net.minecraft.world.entity.player.Inventory
[13Nov2025 07:43:52.895] [main/DEBUG] [mixin/]: architectury.mixins.json:MixinInventory from mod architectury: Class version 65 required is higher than the class version supported by the current version of Mixin (JAVA_16 supports class version 60)
[13Nov2025 07:43:52.896] [main/DEBUG] [mixin/]: Mixing PlayerInventoryMixin from uranus.mixins.json into net.minecraft.world.entity.player.Inventory
[13Nov2025 07:43:52.896] [main/DEBUG] [mixin/]: uranus.mixins.json:PlayerInventoryMixin from mod uranus: Class version 65 required is higher than the class version supported by the current version of Mixin (JAVA_17 supports class version 61)
[13Nov2025 07:43:52.898] [main/DEBUG] [mixin/]: curios.neoforge.mixins.json:MixinInventory from mod curios->@Inject::curios$containsStack(Lnet/minecraft/world/item/ItemStack;Lorg/spongepowered/asm/mixin/injection/callback/CallbackInfoReturnable;)V does use it's CallbackInfoReturnable
[13Nov2025 07:43:52.898] [main/DEBUG] [mixin/]: curios.neoforge.mixins.json:MixinInventory from mod curios->@Inject::curios$containsTag(Lnet/minecraft/tags/TagKey;Lorg/spongepowered/asm/mixin/injection/callback/CallbackInfoReturnable;)V does use it's CallbackInfoReturnable
[13Nov2025 07:43:52.899] [main/DEBUG] [mixin/]: curios.neoforge.mixins.json:MixinInventory from mod curios->@Inject::curios$contains(Ljava/util/function/Predicate;Lorg/spongepowered/asm/mixin/injection/callback/CallbackInfoReturnable;)V does use it's CallbackInfoReturnable
[13Nov2025 07:43:52.899] [main/DEBUG] [mixin/]: curios.neoforge.mixins.json:MixinInventory from mod curios->@Inject::curios$hasAnyMatching(Ljava/util/function/Predicate;Lorg/spongepowered/asm/mixin/injection/callback/CallbackInfoReturnable;)V does use it's CallbackInfoReturnable
[13Nov2025 07:43:52.899] [main/DEBUG] [mixin/]: architectury.mixins.json:MixinInventory from mod architectury->@Inject::updateItems(Lorg/spongepowered/asm/mixin/injection/callback/CallbackInfo;)V doesn't use it's CallbackInfo
[13Nov2025 07:43:52.899] [main/DEBUG] [mixin/]: architectury.mixins.json:MixinInventory from mod architectury->@Inject::updateItems(Lorg/spongepowered/asm/mixin/injection/callback/CallbackInfo;)V has 0 override(s) in child classes
[13Nov2025 07:43:52.899] [main/DEBUG] [mixin/]: architectury.mixins.json:MixinInventory from mod architectury->@Inject::updateItems(Lorg/spongepowered/asm/mixin/injection/callback/CallbackInfo;)V won't be passed a CallbackInfo as a result
[13Nov2025 07:43:52.899] [main/DEBUG] [mixin/]: uranus.mixins.json:PlayerInventoryMixin from mod uranus->@Inject::onInventoryTick(Lorg/spongepowered/asm/mixin/injection/callback/CallbackInfo;)V doesn't use it's CallbackInfo
[13Nov2025 07:43:52.899] [main/DEBUG] [mixin/]: uranus.mixins.json:PlayerInventoryMixin from mod uranus->@Inject::onInventoryTick(Lorg/spongepowered/asm/mixin/injection/callback/CallbackInfo;)V has 0 override(s) in child classes
[13Nov2025 07:43:52.899] [main/DEBUG] [mixin/]: uranus.mixins.json:PlayerInventoryMixin from mod uranus->@Inject::onInventoryTick(Lorg/spongepowered/asm/mixin/injection/callback/CallbackInfo;)V won't be passed a CallbackInfo as a result
[13Nov2025 07:43:52.911] [main/DEBUG] [mixin/]: Mixing accessor.ShapedRecipeAccessor from tombstone.mixins.json into net.minecraft.world.item.crafting.ShapedRecipe
[13Nov2025 07:43:52.955] [main/DEBUG] [mixin/]: Mixing accessor.ShapelessRecipeAccessor from tombstone.mixins.json into net.minecraft.world.item.crafting.ShapelessRecipe
[13Nov2025 07:43:53.047] [main/DEBUG] [mixin/]: Mixing ability.enchantment.EnchantedCountIncreaseFunctionMixin from mixins.artifacts.common.json into net.minecraft.world.level.storage.loot.functions.EnchantedCountIncreaseFunction
[13Nov2025 07:43:53.049] [main/DEBUG] [mixin/]: Mixing MixinEnchantedCountIncreaseFunction from curios.neoforge.mixins.json into net.minecraft.world.level.storage.loot.functions.EnchantedCountIncreaseFunction
[13Nov2025 07:43:53.049] [main/DEBUG] [mixin/]: Mixing EnchantedCountIncreaseFunctionNeoForgeMixin from puzzleslib.neoforge.mixins.json into net.minecraft.world.level.storage.loot.functions.EnchantedCountIncreaseFunction
[13Nov2025 07:43:53.050] [main/DEBUG] [mixin/]: puzzleslib.neoforge.mixins.json:EnchantedCountIncreaseFunctionNeoForgeMixin from mod puzzleslib: Class version 65 required is higher than the class version supported by the current version of Mixin (JAVA_17 supports class version 61)
[13Nov2025 07:43:53.053] [main/DEBUG] [mixin/]: puzzleslib.neoforge.mixins.json:EnchantedCountIncreaseFunctionNeoForgeMixin from mod puzzleslib->@Inject::run(Lnet/minecraft/world/item/ItemStack;Lnet/minecraft/world/level/storage/loot/LootContext;Lorg/spongepowered/asm/mixin/injection/callback/CallbackInfoReturnable;)V doesn't use it's CallbackInfoReturnable
[13Nov2025 07:43:53.053] [main/DEBUG] [mixin/]: puzzleslib.neoforge.mixins.json:EnchantedCountIncreaseFunctionNeoForgeMixin from mod puzzleslib->@Inject::run(Lnet/minecraft/world/item/ItemStack;Lnet/minecraft/world/level/storage/loot/LootContext;Lorg/spongepowered/asm/mixin/injection/callback/CallbackInfoReturnable;)V has 0 override(s) in child classes
[13Nov2025 07:43:53.053] [main/DEBUG] [mixin/]: puzzleslib.neoforge.mixins.json:EnchantedCountIncreaseFunctionNeoForgeMixin from mod puzzleslib->@Inject::run(Lnet/minecraft/world/item/ItemStack;Lnet/minecraft/world/level/storage/loot/LootContext;Lorg/spongepowered/asm/mixin/injection/callback/CallbackInfoReturnable;)V won't be passed a CallbackInfoReturnable as a result
[13Nov2025 07:43:53.073] [main/DEBUG] [mixin/]: Mixing ability.enchantment.ApplyBonusCountMixin from mixins.artifacts.common.json into net.minecraft.world.level.storage.loot.functions.ApplyBonusCount
[13Nov2025 07:43:53.074] [main/DEBUG] [mixin/]: Mixing MixinApplyBonusCount from curios.neoforge.mixins.json into net.minecraft.world.level.storage.loot.functions.ApplyBonusCount
[13Nov2025 07:43:53.132] [main/DEBUG] [mixin/]: Mixing ability.enchantment.LootItemRandomChanceWithEnchantedBonusConditionMixin from mixins.artifacts.common.json into net.minecraft.world.level.storage.loot.predicates.LootItemRandomChanceWithEnchantedBonusCondition
[13Nov2025 07:43:53.133] [main/DEBUG] [mixin/]: Mixing LootItemRandomChanceWithEnchantedBonusConditionNeoForgeMixin from puzzleslib.neoforge.mixins.json into net.minecraft.world.level.storage.loot.predicates.LootItemRandomChanceWithEnchantedBonusCondition
[13Nov2025 07:43:53.133] [main/DEBUG] [mixin/]: puzzleslib.neoforge.mixins.json:LootItemRandomChanceWithEnchantedBonusConditionNeoForgeMixin from mod puzzleslib: Class version 65 required is higher than the class version supported by the current version of Mixin (JAVA_17 supports class version 61)
[13Nov2025 07:43:53.204] [main/DEBUG] [mixin/]: Mixing object_pooling_caching.MixinOreFeature from c2me-opts-allocs.mixins.json into net.minecraft.world.level.levelgen.feature.OreFeature
[13Nov2025 07:43:53.212] [main/DEBUG] [mixin/]: Mixing BasaltColumnsFeatureMixin from mixins.block_factorys_bosses.json into net.minecraft.world.level.levelgen.feature.BasaltColumnsFeature
[13Nov2025 07:43:53.215] [main/DEBUG] [mixin/]: mixins.block_factorys_bosses.json:BasaltColumnsFeatureMixin from mod block_factorys_bosses->@Inject::addAdditionalCannotPlaceOnBlocks(Lorg/spongepowered/asm/mixin/injection/callback/CallbackInfo;)V doesn't use it's CallbackInfo
[13Nov2025 07:43:53.219] [main/DEBUG] [mixin/]: Mixing random_instances.MixinRedirectAtomicSimpleRandom from c2me-opts-worldgen-general.mixins.json into net.minecraft.world.level.levelgen.feature.GeodeFeature
[13Nov2025 07:43:53.223] [main/DEBUG] [mixin/]: Mixing object_pooling_caching.MixinConfiguredFeature from c2me-opts-allocs.mixins.json into net.minecraft.world.level.levelgen.feature.ConfiguredFeature
[13Nov2025 07:43:53.238] [main/DEBUG] [mixin/]: Mixing MixinChunkPos from c2me-opts-math.mixins.json into net.minecraft.world.level.ChunkPos
[13Nov2025 07:43:53.290] [main/DEBUG] [mixin/]: Mixing random_instances.MixinRedirectAtomicSimpleRandom from c2me-opts-worldgen-general.mixins.json into net.minecraft.world.level.levelgen.structure.placement.RandomSpreadStructurePlacement
[13Nov2025 07:43:53.292] [main/DEBUG] [mixin/]: Mixing random_instances.MixinRedirectAtomicSimpleRandomStatic from c2me-opts-worldgen-general.mixins.json into net.minecraft.world.level.levelgen.structure.placement.StructurePlacement
[13Nov2025 07:43:53.303] [main/DEBUG] [mixin/]: Mixing structures.StructurePieceAccessor from mss-common.mixins.json into net.minecraft.world.level.levelgen.structure.StructurePiece
[13Nov2025 07:43:53.303] [main/DEBUG] [mixin/]: Mixing structures.StructurePieceAccessor from mvs-common.mixins.json into net.minecraft.world.level.levelgen.structure.StructurePiece
[13Nov2025 07:43:53.303] [main/DEBUG] [mixin/]: Mixing access.IStructurePiece from c2me-base.mixins.json into net.minecraft.world.level.levelgen.structure.StructurePiece
[13Nov2025 07:43:53.304] [main/DEBUG] [mixin/]: Unexpected: Registered method setBoundingBox(Lnet/minecraft/world/level/levelgen/structure/BoundingBox;)V in net.minecraft.world.level.levelgen.structure.StructurePiece was not merged
[13Nov2025 07:43:53.307] [main/DEBUG] [mixin/]: Mixing threading.MixinMineshaftGeneratorMineshaftCorridor from c2me-fixes-worldgen-threading-issues.mixins.json into net.minecraft.world.level.levelgen.structure.structures.MineshaftPieces$MineShaftCorridor
[13Nov2025 07:43:53.308] [main/DEBUG] [C2ME (c2me-fixes-worldgen-threading-issues) ASM Transformer/]: Making field Lnet/minecraft/world/level/levelgen/structure/structures/MineshaftPieces$MineShaftCorridor;hasPlacedSpider:Z volatile
[13Nov2025 07:43:53.310] [main/DEBUG] [mixin/]: Mixing threading.MixinMineshaftGeneratorMineshaftRoom from c2me-fixes-worldgen-threading-issues.mixins.json into net.minecraft.world.level.levelgen.structure.structures.MineshaftPieces$MineShaftRoom
[13Nov2025 07:43:53.312] [main/DEBUG] [mixin/]: c2me-fixes-worldgen-threading-issues.mixins.json:threading.MixinMineshaftGeneratorMineshaftRoom from mod c2me_fixes_worldgen_threading_issues->@Inject::onInit(Lorg/spongepowered/asm/mixin/injection/callback/CallbackInfo;)V doesn't use it's CallbackInfo
[13Nov2025 07:43:53.312] [main/DEBUG] [mixin/]: c2me-fixes-worldgen-threading-issues.mixins.json:threading.MixinMineshaftGeneratorMineshaftRoom from mod c2me_fixes_worldgen_threading_issues->@Inject::onInit(Lorg/spongepowered/asm/mixin/injection/callback/CallbackInfo;)V has 0 override(s) in child classes
[13Nov2025 07:43:53.312] [main/DEBUG] [mixin/]: c2me-fixes-worldgen-threading-issues.mixins.json:threading.MixinMineshaftGeneratorMineshaftRoom from mod c2me_fixes_worldgen_threading_issues->@Inject::onInit(Lorg/spongepowered/asm/mixin/injection/callback/CallbackInfo;)V won't be passed a CallbackInfo as a result
[13Nov2025 07:43:53.314] [main/DEBUG] [mixin/]: Mixing threading.MixinNetherFortressGeneratorPiece from c2me-fixes-worldgen-threading-issues.mixins.json into net.minecraft.world.level.levelgen.structure.structures.NetherFortressPieces$NetherBridgePiece
[13Nov2025 07:43:53.319] [main/DEBUG] [mixin/]: Mixing threading.MixinNetherFortressGeneratorCorridorLeftTurn from c2me-fixes-worldgen-threading-issues.mixins.json into net.minecraft.world.level.levelgen.structure.structures.NetherFortressPieces$CastleSmallCorridorLeftTurnPiece
[13Nov2025 07:43:53.319] [main/DEBUG] [C2ME (c2me-fixes-worldgen-threading-issues) ASM Transformer/]: Making field Lnet/minecraft/world/level/levelgen/structure/structures/NetherFortressPieces$CastleSmallCorridorLeftTurnPiece;isNeedingChest:Z volatile
[13Nov2025 07:43:53.320] [main/DEBUG] [mixin/]: Mixing threading.MixinNetherFortressGeneratorCorridorRightTurn from c2me-fixes-worldgen-threading-issues.mixins.json into net.minecraft.world.level.levelgen.structure.structures.NetherFortressPieces$CastleSmallCorridorRightTurnPiece
[13Nov2025 07:43:53.321] [main/DEBUG] [C2ME (c2me-fixes-worldgen-threading-issues) ASM Transformer/]: Making field Lnet/minecraft/world/level/levelgen/structure/structures/NetherFortressPieces$CastleSmallCorridorRightTurnPiece;isNeedingChest:Z volatile
[13Nov2025 07:43:53.322] [main/DEBUG] [mixin/]: Mixing threading.MixinNetherFortressGeneratorBridgePlatform from c2me-fixes-worldgen-threading-issues.mixins.json into net.minecraft.world.level.levelgen.structure.structures.NetherFortressPieces$MonsterThrone
[13Nov2025 07:43:53.322] [main/DEBUG] [C2ME (c2me-fixes-worldgen-threading-issues) ASM Transformer/]: Making field Lnet/minecraft/world/level/levelgen/structure/structures/NetherFortressPieces$MonsterThrone;hasPlacedSpawner:Z volatile
[13Nov2025 07:43:53.324] [main/DEBUG] [mixin/]: Mixing threading.MixinNetherFortressGeneratorStart from c2me-fixes-worldgen-threading-issues.mixins.json into net.minecraft.world.level.levelgen.structure.structures.NetherFortressPieces$StartPiece
[13Nov2025 07:43:53.326] [main/DEBUG] [mixin/]: c2me-fixes-worldgen-threading-issues.mixins.json:threading.MixinNetherFortressGeneratorStart from mod c2me_fixes_worldgen_threading_issues->@Inject::onInit(Lorg/spongepowered/asm/mixin/injection/callback/CallbackInfo;)V doesn't use it's CallbackInfo
[13Nov2025 07:43:53.326] [main/DEBUG] [mixin/]: c2me-fixes-worldgen-threading-issues.mixins.json:threading.MixinNetherFortressGeneratorStart from mod c2me_fixes_worldgen_threading_issues->@Inject::onInit(Lorg/spongepowered/asm/mixin/injection/callback/CallbackInfo;)V has 0 override(s) in child classes
[13Nov2025 07:43:53.326] [main/DEBUG] [mixin/]: c2me-fixes-worldgen-threading-issues.mixins.json:threading.MixinNetherFortressGeneratorStart from mod c2me_fixes_worldgen_threading_issues->@Inject::onInit(Lorg/spongepowered/asm/mixin/injection/callback/CallbackInfo;)V won't be passed a CallbackInfo as a result
[13Nov2025 07:43:53.326] [main/DEBUG] [C2ME (c2me-fixes-worldgen-threading-issues) ASM Transformer/]: Making field Lnet/minecraft/world/level/levelgen/structure/structures/NetherFortressPieces$StartPiece;previousPiece:Lnet/minecraft/world/level/levelgen/structure/structures/NetherFortressPieces$PieceWeight; volatile
[13Nov2025 07:43:53.327] [main/DEBUG] [mixin/]: Mixing threading.MixinStrongholdGeneratorChestCorridor from c2me-fixes-worldgen-threading-issues.mixins.json into net.minecraft.world.level.levelgen.structure.structures.StrongholdPieces$ChestCorridor
[13Nov2025 07:43:53.327] [main/DEBUG] [C2ME (c2me-fixes-worldgen-threading-issues) ASM Transformer/]: Making field Lnet/minecraft/world/level/levelgen/structure/structures/StrongholdPieces$ChestCorridor;hasPlacedChest:Z volatile
[13Nov2025 07:43:53.331] [main/DEBUG] [mixin/]: Mixing threading.MixinStrongholdGeneratorPortalRoom from c2me-fixes-worldgen-threading-issues.mixins.json into net.minecraft.world.level.levelgen.structure.structures.StrongholdPieces$PortalRoom
[13Nov2025 07:43:53.331] [main/DEBUG] [C2ME (c2me-fixes-worldgen-threading-issues) ASM Transformer/]: Making field Lnet/minecraft/world/level/levelgen/structure/structures/StrongholdPieces$PortalRoom;hasPlacedSpawner:Z volatile
[13Nov2025 07:43:53.334] [main/DEBUG] [mixin/]: Mixing threading.MixinStrongholdGeneratorSpiralStaircase from c2me-fixes-worldgen-threading-issues.mixins.json into net.minecraft.world.level.levelgen.structure.structures.StrongholdPieces$StairsDown
[13Nov2025 07:43:53.335] [main/DEBUG] [mixin/]: Mixing threading.MixinStrongholdGeneratorStart from c2me-fixes-worldgen-threading-issues.mixins.json into net.minecraft.world.level.levelgen.structure.structures.StrongholdPieces$StartPiece
[13Nov2025 07:43:53.336] [main/DEBUG] [mixin/]: c2me-fixes-worldgen-threading-issues.mixins.json:threading.MixinStrongholdGeneratorStart from mod c2me_fixes_worldgen_threading_issues->@Inject::onInit(Lorg/spongepowered/asm/mixin/injection/callback/CallbackInfo;)V doesn't use it's CallbackInfo
[13Nov2025 07:43:53.336] [main/DEBUG] [mixin/]: c2me-fixes-worldgen-threading-issues.mixins.json:threading.MixinStrongholdGeneratorStart from mod c2me_fixes_worldgen_threading_issues->@Inject::onInit(Lorg/spongepowered/asm/mixin/injection/callback/CallbackInfo;)V has 0 override(s) in child classes
[13Nov2025 07:43:53.336] [main/DEBUG] [mixin/]: c2me-fixes-worldgen-threading-issues.mixins.json:threading.MixinStrongholdGeneratorStart from mod c2me_fixes_worldgen_threading_issues->@Inject::onInit(Lorg/spongepowered/asm/mixin/injection/callback/CallbackInfo;)V won't be passed a CallbackInfo as a result
[13Nov2025 07:43:53.336] [main/DEBUG] [C2ME (c2me-fixes-worldgen-threading-issues) ASM Transformer/]: Making field Lnet/minecraft/world/level/levelgen/structure/structures/StrongholdPieces$StartPiece;previousPiece:Lnet/minecraft/world/level/levelgen/structure/structures/StrongholdPieces$PieceWeight; volatile
[13Nov2025 07:43:53.336] [main/DEBUG] [C2ME (c2me-fixes-worldgen-threading-issues) ASM Transformer/]: Making field Lnet/minecraft/world/level/levelgen/structure/structures/StrongholdPieces$StartPiece;portalRoomPiece:Lnet/minecraft/world/level/levelgen/structure/structures/StrongholdPieces$PortalRoom; volatile
[13Nov2025 07:43:53.338] [main/DEBUG] [mixin/]: Mixing threading.MixinJungleTempleGenerator from c2me-fixes-worldgen-threading-issues.mixins.json into net.minecraft.world.level.levelgen.structure.structures.JungleTemplePiece
[13Nov2025 07:43:53.344] [main/DEBUG] [mixin/]: Mixing threading.MixinShiftableStructurePiece from c2me-fixes-worldgen-threading-issues.mixins.json into net.minecraft.world.level.levelgen.structure.ScatteredFeaturePiece
[13Nov2025 07:43:53.345] [main/DEBUG] [C2ME (c2me-fixes-worldgen-threading-issues) ASM Transformer/]: Making field Lnet/minecraft/world/level/levelgen/structure/ScatteredFeaturePiece;heightPosition:I volatile
[13Nov2025 07:43:53.346] [main/DEBUG] [mixin/]: Mixing structures.StructureTemplateManagerAccessor from mss-common.mixins.json into net.minecraft.world.level.levelgen.structure.templatesystem.StructureTemplateManager
[13Nov2025 07:43:53.346] [main/DEBUG] [mixin/]: Mixing structures.StructureTemplateManagerAccessor from mvs-common.mixins.json into net.minecraft.world.level.levelgen.structure.templatesystem.StructureTemplateManager
[13Nov2025 07:43:53.352] [main/DEBUG] [mixin/]: Mixing threading.MixinSwampHutGenerator from c2me-fixes-worldgen-threading-issues.mixins.json into net.minecraft.world.level.levelgen.structure.structures.SwampHutPiece
[13Nov2025 07:43:53.352] [main/DEBUG] [C2ME (c2me-fixes-worldgen-threading-issues) ASM Transformer/]: Making field Lnet/minecraft/world/level/levelgen/structure/structures/SwampHutPiece;spawnedWitch:Z volatile
[13Nov2025 07:43:53.352] [main/DEBUG] [C2ME (c2me-fixes-worldgen-threading-issues) ASM Transformer/]: Making field Lnet/minecraft/world/level/levelgen/structure/structures/SwampHutPiece;spawnedCat:Z volatile
[13Nov2025 07:43:53.354] [main/DEBUG] [mixin/]: Mixing threading.MixinDesertTempleGenerator from c2me-fixes-worldgen-threading-issues.mixins.json into net.minecraft.world.level.levelgen.structure.structures.DesertPyramidPiece
[13Nov2025 07:43:53.356] [main/DEBUG] [mixin/]: c2me-fixes-worldgen-threading-issues.mixins.json:threading.MixinDesertTempleGenerator from mod c2me_fixes_worldgen_threading_issues->@Inject::onInit(Lorg/spongepowered/asm/mixin/injection/callback/CallbackInfo;)V doesn't use it's CallbackInfo
[13Nov2025 07:43:53.356] [main/DEBUG] [mixin/]: c2me-fixes-worldgen-threading-issues.mixins.json:threading.MixinDesertTempleGenerator from mod c2me_fixes_worldgen_threading_issues->@Inject::onInit(Lorg/spongepowered/asm/mixin/injection/callback/CallbackInfo;)V has 0 override(s) in child classes
[13Nov2025 07:43:53.356] [main/DEBUG] [mixin/]: c2me-fixes-worldgen-threading-issues.mixins.json:threading.MixinDesertTempleGenerator from mod c2me_fixes_worldgen_threading_issues->@Inject::onInit(Lorg/spongepowered/asm/mixin/injection/callback/CallbackInfo;)V won't be passed a CallbackInfo as a result
[13Nov2025 07:43:53.359] [main/DEBUG] [mixin/]: Mixing threading.MixinOceanMonumentGeneratorBase from c2me-fixes-worldgen-threading-issues.mixins.json into net.minecraft.world.level.levelgen.structure.structures.OceanMonumentPieces$MonumentBuilding
[13Nov2025 07:43:53.360] [main/DEBUG] [C2ME (c2me-fixes-worldgen-threading-issues) ASM Transformer/]: Making field Lnet/minecraft/world/level/levelgen/structure/structures/OceanMonumentPieces$MonumentBuilding;sourceRoom:Lnet/minecraft/world/level/levelgen/structure/structures/OceanMonumentPieces$RoomDefinition; volatile
[13Nov2025 07:43:53.360] [main/DEBUG] [C2ME (c2me-fixes-worldgen-threading-issues) ASM Transformer/]: Making field Lnet/minecraft/world/level/levelgen/structure/structures/OceanMonumentPieces$MonumentBuilding;coreRoom:Lnet/minecraft/world/level/levelgen/structure/structures/OceanMonumentPieces$RoomDefinition; volatile
[13Nov2025 07:43:53.370] [main/DEBUG] [mixin/]: Mixing structures.PoolElementStructurePieceAccessor from mss-common.mixins.json into net.minecraft.world.level.levelgen.structure.PoolElementStructurePiece
[13Nov2025 07:43:53.370] [main/DEBUG] [mixin/]: Mixing structures.PoolElementStructurePieceAccessor from mvs-common.mixins.json into net.minecraft.world.level.levelgen.structure.PoolElementStructurePiece
[13Nov2025 07:43:53.371] [main/DEBUG] [mixin/]: Unexpected: Registered method getStructureManager()Lnet/minecraft/world/level/levelgen/structure/templatesystem/StructureTemplateManager; in net.minecraft.world.level.levelgen.structure.PoolElementStructurePiece was not merged
[13Nov2025 07:43:53.371] [main/DEBUG] [mixin/]: Unexpected: Registered method setRotation(Lnet/minecraft/world/level/block/Rotation;)V in net.minecraft.world.level.levelgen.structure.PoolElementStructurePiece was not merged
[13Nov2025 07:43:53.381] [main/DEBUG] [mixin/]: Mixing PlacementBypassMixin from mixins.block_factorys_bosses.json into net.minecraft.world.level.levelgen.structure.structures.JigsawStructure
[13Nov2025 07:43:53.386] [main/DEBUG] [mixin/]: Mixing structures.StructurePoolAccessor from mss-common.mixins.json into net.minecraft.world.level.levelgen.structure.pools.StructureTemplatePool
[13Nov2025 07:43:53.387] [main/DEBUG] [mixin/]: Renaming @Accessor method getCODEC_REFERENCE()Lorg/apache/commons/lang3/mutable/MutableObject; to getCODEC_REFERENCE$mss_$md$277493$0 in mss-common.mixins.json:structures.StructurePoolAccessor from mod mss
[13Nov2025 07:43:53.387] [main/DEBUG] [mixin/]: Mixing structures.StructurePoolAccessor from mvs-common.mixins.json into net.minecraft.world.level.levelgen.structure.pools.StructureTemplatePool
[13Nov2025 07:43:53.387] [main/DEBUG] [mixin/]: Renaming @Accessor method getCODEC_REFERENCE()Lorg/apache/commons/lang3/mutable/MutableObject; to getCODEC_REFERENCE$mvs_$md$277493$1 in mvs-common.mixins.json:structures.StructurePoolAccessor from mod mvs
[13Nov2025 07:43:53.387] [main/DEBUG] [mixin/]: Mixing structures.StructurePoolMixin from mss-neoforge.mixins.json into net.minecraft.world.level.levelgen.structure.pools.StructureTemplatePool
[13Nov2025 07:43:53.387] [main/DEBUG] [mixin/]: Mixing structures.StructurePoolMixin from mvs-neoforge.mixins.json into net.minecraft.world.level.levelgen.structure.pools.StructureTemplatePool
[13Nov2025 07:43:53.390] [main/DEBUG] [mixin/]: Mixing MixinStructurePoolElement from c2me-fixes-chunkio-threading-issues.mixins.json into net.minecraft.world.level.levelgen.structure.pools.StructurePoolElement
[13Nov2025 07:43:53.391] [main/DEBUG] [mixin/]: c2me-fixes-chunkio-threading-issues.mixins.json:MixinStructurePoolElement from mod c2me_fixes_chunkio_threading_issues->@Inject::onCLInit(Lorg/spongepowered/asm/mixin/injection/callback/CallbackInfo;)V doesn't use it's CallbackInfo
[13Nov2025 07:43:53.462] [main/DEBUG] [mixin/]: Mixing accessor.MobSpawnSettingsBuilderNeoForgeAccessor from puzzleslib.neoforge.mixins.json into net.minecraft.world.level.biome.MobSpawnSettings$Builder
[13Nov2025 07:43:53.462] [main/DEBUG] [mixin/]: puzzleslib.neoforge.mixins.json:accessor.MobSpawnSettingsBuilderNeoForgeAccessor from mod puzzleslib: Class version 65 required is higher than the class version supported by the current version of Mixin (JAVA_17 supports class version 61)
[13Nov2025 07:43:53.469] [main/DEBUG] [mixin/]: Mixing access.ISimplexNoiseSampler from c2me-base.mixins.json into net.minecraft.world.level.levelgen.synth.SimplexNoise
[13Nov2025 07:43:53.471] [main/DEBUG] [mixin/]: Mixing access.IMultiNoiseBiomeSource from c2me-base.mixins.json into net.minecraft.world.level.biome.MultiNoiseBiomeSource
[13Nov2025 07:43:53.479] [main/DEBUG] [mixin/]: Mixing the_end_biome_cache.MixinTheEndBiomeSource from c2me-opts-worldgen-vanilla.mixins.json into net.minecraft.world.level.biome.TheEndBiomeSource
[13Nov2025 07:43:53.487] [main/DEBUG] [mixin/]: Mixing threading.MixinNoiseChunkGenerator from c2me-fixes-worldgen-threading-issues.mixins.json into net.minecraft.world.level.levelgen.NoiseBasedChunkGenerator
[13Nov2025 07:43:53.488] [main/DEBUG] [mixin/]: Mixing MixinNoiseChunkGenerator from c2me-rewrites-chunk-system.mixins.json into net.minecraft.world.level.levelgen.NoiseBasedChunkGenerator
[13Nov2025 07:43:53.488] [main/DEBUG] [mixin/]: Mixing random_instances.MixinRedirectAtomicSimpleRandom from c2me-opts-worldgen-general.mixins.json into net.minecraft.world.level.levelgen.NoiseBasedChunkGenerator
[13Nov2025 07:43:53.493] [main/DEBUG] [mixin/]: Mixing MixinChunkGenerator from c2me-rewrites-chunk-system.mixins.json into net.minecraft.world.level.chunk.ChunkGenerator
[13Nov2025 07:43:53.493] [main/DEBUG] [mixin/]: Mixing access.IChunkGenerator from c2me-base.mixins.json into net.minecraft.world.level.chunk.ChunkGenerator
[13Nov2025 07:43:53.493] [main/DEBUG] [mixin/]: Mixing random_instances.MixinRedirectAtomicSimpleRandom from c2me-opts-worldgen-general.mixins.json into net.minecraft.world.level.chunk.ChunkGenerator
[13Nov2025 07:43:53.525] [main/DEBUG] [mixin/]: Mixing surfacebuilder.MixinMaterialRulesSequenceMaterialRule from c2me-opts-allocs.mixins.json into net.minecraft.world.level.levelgen.SurfaceRules$SequenceRuleSource
[13Nov2025 07:43:53.525] [main/DEBUG] [mixin/]: Renaming synthetic method lambda$onInit$0(I)[Lnet/minecraft/world/level/levelgen/SurfaceRules$RuleSource; to md277493$c2me_opts_allocs$lambda$onInit$0$0 in c2me-opts-allocs.mixins.json:surfacebuilder.MixinMaterialRulesSequenceMaterialRule from mod c2me_opts_allocs
[13Nov2025 07:43:53.528] [main/DEBUG] [mixin/]: c2me-opts-allocs.mixins.json:surfacebuilder.MixinMaterialRulesSequenceMaterialRule from mod c2me_opts_allocs->@Inject::onInit(Lorg/spongepowered/asm/mixin/injection/callback/CallbackInfo;)V doesn't use it's CallbackInfo
[13Nov2025 07:43:53.529] [main/DEBUG] [mixin/]: Mixing surfacebuilder.MixinMaterialRulesSequenceBlockStateRule from c2me-opts-allocs.mixins.json into net.minecraft.world.level.levelgen.SurfaceRules$SequenceRule
[13Nov2025 07:43:53.530] [main/DEBUG] [mixin/]: Renaming synthetic method lambda$onInit$0(I)[Lnet/minecraft/world/level/levelgen/SurfaceRules$SurfaceRule; to md277493$c2me_opts_allocs$lambda$onInit$0$0 in c2me-opts-allocs.mixins.json:surfacebuilder.MixinMaterialRulesSequenceBlockStateRule from mod c2me_opts_allocs
[13Nov2025 07:43:53.531] [main/DEBUG] [mixin/]: c2me-opts-allocs.mixins.json:surfacebuilder.MixinMaterialRulesSequenceBlockStateRule from mod c2me_opts_allocs->@Inject::onInit(Lorg/spongepowered/asm/mixin/injection/callback/CallbackInfo;)V doesn't use it's CallbackInfo
[13Nov2025 07:43:53.534] [main/DEBUG] [mixin/]: Mixing access.IInterpolatedNoiseSampler from c2me-base.mixins.json into net.minecraft.world.level.levelgen.synth.BlendedNoise
[13Nov2025 07:43:53.541] [main/DEBUG] [mixin/]: Mixing access.IDensityFunctionTypesWeirdScaledSamplerRarityValueMapper from c2me-base.mixins.json into net.minecraft.world.level.levelgen.DensityFunctions$WeirdScaledSampler$RarityValueMapper
[13Nov2025 07:43:53.544] [main/DEBUG] [mixin/]: Mixing access.IDensityFunctionsCaveScaler from c2me-base.mixins.json into net.minecraft.world.level.levelgen.NoiseRouterData$QuantizedSpaghettiRarity
[13Nov2025 07:43:53.544] [main/DEBUG] [mixin/]: Renaming @Invoker method invokeScaleCaves(D)D to invokeScaleCaves$c2me_base_$md$277493$0 in c2me-base.mixins.json:access.IDensityFunctionsCaveScaler from mod c2me_base
[13Nov2025 07:43:53.544] [main/DEBUG] [mixin/]: Renaming @Invoker method invokeScaleTunnels(D)D to invokeScaleTunnels$c2me_base_$md$277493$1 in c2me-base.mixins.json:access.IDensityFunctionsCaveScaler from mod c2me_base
[13Nov2025 07:43:53.608] [main/DEBUG] [mixin/]: Mixing structures.SinglePoolElementAccessor from mss-common.mixins.json into net.minecraft.world.level.levelgen.structure.pools.SinglePoolElement
[13Nov2025 07:43:53.608] [main/DEBUG] [mixin/]: Mixing structures.SinglePoolElementAccessor from mvs-common.mixins.json into net.minecraft.world.level.levelgen.structure.pools.SinglePoolElement
[13Nov2025 07:43:53.608] [main/DEBUG] [mixin/]: Unexpected: Registered method callGetTemplate(Lnet/minecraft/world/level/levelgen/structure/templatesystem/StructureTemplateManager;)Lnet/minecraft/world/level/levelgen/structure/templatesystem/StructureTemplate; in net.minecraft.world.level.levelgen.structure.pools.SinglePoolElement was not merged
[13Nov2025 07:43:53.612] [main/DEBUG] [mixin/]: Mixing structures.ListPoolElementAccessor from mss-common.mixins.json into net.minecraft.world.level.levelgen.structure.pools.ListPoolElement
[13Nov2025 07:43:53.612] [main/DEBUG] [mixin/]: Mixing structures.ListPoolElementAccessor from mvs-common.mixins.json into net.minecraft.world.level.levelgen.structure.pools.ListPoolElement
[13Nov2025 07:43:53.766] [main/DEBUG] [mixin/]: Mixing MinecraftServerMixin from uranus.mixins.json into net.minecraft.server.MinecraftServer
[13Nov2025 07:43:53.767] [main/DEBUG] [mixin/]: uranus.mixins.json:MinecraftServerMixin from mod uranus: Class version 65 required is higher than the class version supported by the current version of Mixin (JAVA_17 supports class version 61)
[13Nov2025 07:43:53.767] [main/DEBUG] [mixin/]: Mixing asynccatchers.MixinMinecraftServer from c2me-fixes-general-threading-issues.mixins.json into net.minecraft.server.MinecraftServer
[13Nov2025 07:43:53.768] [main/DEBUG] [mixin/]: Mixing MixinMinecraftServer from c2me-rewrites-chunk-system.mixins.json into net.minecraft.server.MinecraftServer
[13Nov2025 07:43:53.772] [main/DEBUG] [mixin/]: Mixing idle_tasks.autosave.enhanced_autosave.MixinMinecraftServer from c2me-opts-scheduling.mixins.json into net.minecraft.server.MinecraftServer
[13Nov2025 07:43:53.773] [main/DEBUG] [mixin/]: Mixing mid_tick_chunk_tasks.MixinMinecraftServer from c2me-opts-scheduling.mixins.json into net.minecraft.server.MinecraftServer
[13Nov2025 07:43:53.774] [main/DEBUG] [mixin/]: Mixing shutdown.MixinMinecraftServer from c2me-opts-scheduling.mixins.json into net.minecraft.server.MinecraftServer
[13Nov2025 07:43:53.774] [main/DEBUG] [mixin/]: Mixing MixinMinecraftServer from c2me-notickvd.mixins.json into net.minecraft.server.MinecraftServer
[13Nov2025 07:43:53.781] [main/DEBUG] [mixin/]: uranus.mixins.json:MinecraftServerMixin from mod uranus->@Inject::onServerCreated(Lorg/spongepowered/asm/mixin/injection/callback/CallbackInfo;)V doesn't use it's CallbackInfo
[13Nov2025 07:43:53.781] [main/DEBUG] [mixin/]: uranus.mixins.json:MinecraftServerMixin from mod uranus->@Inject::onServerCreated(Lorg/spongepowered/asm/mixin/injection/callback/CallbackInfo;)V has 0 override(s) in child classes
[13Nov2025 07:43:53.781] [main/DEBUG] [mixin/]: uranus.mixins.json:MinecraftServerMixin from mod uranus->@Inject::onServerCreated(Lorg/spongepowered/asm/mixin/injection/callback/CallbackInfo;)V won't be passed a CallbackInfo as a result
[13Nov2025 07:43:53.781] [main/DEBUG] [mixin/]: c2me-fixes-general-threading-issues.mixins.json:asynccatchers.MixinMinecraftServer from mod c2me_fixes_general_threading_issues->@Inject::preventAsyncSave(Lorg/spongepowered/asm/mixin/injection/callback/CallbackInfoReturnable;)V doesn't use it's CallbackInfoReturnable
[13Nov2025 07:43:53.781] [main/DEBUG] [mixin/]: c2me-fixes-general-threading-issues.mixins.json:asynccatchers.MixinMinecraftServer from mod c2me_fixes_general_threading_issues->@Inject::preventAsyncSave(Lorg/spongepowered/asm/mixin/injection/callback/CallbackInfoReturnable;)V has 0 override(s) in child classes
[13Nov2025 07:43:53.781] [main/DEBUG] [mixin/]: c2me-fixes-general-threading-issues.mixins.json:asynccatchers.MixinMinecraftServer from mod c2me_fixes_general_threading_issues->@Inject::preventAsyncSave(Lorg/spongepowered/asm/mixin/injection/callback/CallbackInfoReturnable;)V won't be passed a CallbackInfoReturnable as a result
[13Nov2025 07:43:53.781] [main/DEBUG] [mixin/]: c2me-fixes-general-threading-issues.mixins.json:asynccatchers.MixinMinecraftServer from mod c2me_fixes_general_threading_issues->@Inject::preventAsyncSaveAll(Lorg/spongepowered/asm/mixin/injection/callback/CallbackInfoReturnable;)V doesn't use it's CallbackInfoReturnable
[13Nov2025 07:43:53.781] [main/DEBUG] [mixin/]: c2me-fixes-general-threading-issues.mixins.json:asynccatchers.MixinMinecraftServer from mod c2me_fixes_general_threading_issues->@Inject::preventAsyncSaveAll(Lorg/spongepowered/asm/mixin/injection/callback/CallbackInfoReturnable;)V has 0 override(s) in child classes
[13Nov2025 07:43:53.781] [main/DEBUG] [mixin/]: c2me-fixes-general-threading-issues.mixins.json:asynccatchers.MixinMinecraftServer from mod c2me_fixes_general_threading_issues->@Inject::preventAsyncSaveAll(Lorg/spongepowered/asm/mixin/injection/callback/CallbackInfoReturnable;)V won't be passed a CallbackInfoReturnable as a result
[13Nov2025 07:43:53.782] [main/DEBUG] [mixin/]: c2me-rewrites-chunk-system.mixins.json:MixinMinecraftServer from mod c2me_rewrites_chunk_system->@Inject::onTaskWait(Lorg/spongepowered/asm/mixin/injection/callback/CallbackInfo;)V doesn't use it's CallbackInfo
[13Nov2025 07:43:53.782] [main/DEBUG] [mixin/]: c2me-rewrites-chunk-system.mixins.json:MixinMinecraftServer from mod c2me_rewrites_chunk_system->@Inject::onTaskWait(Lorg/spongepowered/asm/mixin/injection/callback/CallbackInfo;)V has 0 override(s) in child classes
[13Nov2025 07:43:53.782] [main/DEBUG] [mixin/]: c2me-rewrites-chunk-system.mixins.json:MixinMinecraftServer from mod c2me_rewrites_chunk_system->@Inject::onTaskWait(Lorg/spongepowered/asm/mixin/injection/callback/CallbackInfo;)V won't be passed a CallbackInfo as a result
[13Nov2025 07:43:53.782] [main/DEBUG] [mixin/]: c2me-opts-scheduling.mixins.json:shutdown.MixinMinecraftServer from mod c2me_opts_scheduling->@Inject::shutdownBeforeRunTasks(Lorg/spongepowered/asm/mixin/injection/callback/CallbackInfo;)V doesn't use it's CallbackInfo
[13Nov2025 07:43:53.782] [main/DEBUG] [mixin/]: c2me-opts-scheduling.mixins.json:shutdown.MixinMinecraftServer from mod c2me_opts_scheduling->@Inject::shutdownBeforeRunTasks(Lorg/spongepowered/asm/mixin/injection/callback/CallbackInfo;)V has 0 override(s) in child classes
[13Nov2025 07:43:53.783] [main/DEBUG] [mixin/]: c2me-opts-scheduling.mixins.json:shutdown.MixinMinecraftServer from mod c2me_opts_scheduling->@Inject::shutdownBeforeRunTasks(Lorg/spongepowered/asm/mixin/injection/callback/CallbackInfo;)V won't be passed a CallbackInfo as a result
[13Nov2025 07:43:53.783] [main/DEBUG] [mixin/]: c2me-notickvd.mixins.json:MixinMinecraftServer from mod c2me_notickvd->@Inject::stopNoTickVD(Lorg/spongepowered/asm/mixin/injection/callback/CallbackInfo;)V doesn't use it's CallbackInfo
[13Nov2025 07:43:53.783] [main/DEBUG] [mixin/]: c2me-notickvd.mixins.json:MixinMinecraftServer from mod c2me_notickvd->@Inject::stopNoTickVD(Lorg/spongepowered/asm/mixin/injection/callback/CallbackInfo;)V has 0 override(s) in child classes
[13Nov2025 07:43:53.783] [main/DEBUG] [mixin/]: c2me-notickvd.mixins.json:MixinMinecraftServer from mod c2me_notickvd->@Inject::stopNoTickVD(Lorg/spongepowered/asm/mixin/injection/callback/CallbackInfo;)V won't be passed a CallbackInfo as a result
[13Nov2025 07:43:53.810] [main/DEBUG] [net.neoforged.fml.ModWorkManager/LOADING]: Using 4 threads for parallel mod-loading
[13Nov2025 07:43:53.816] [main/DEBUG] [net.neoforged.fml.lowcodemod.LowCodeModContainer/LOADING]: Creating LowCodeModContainer for c2me_fixes_worldgen_threading_issues
[13Nov2025 07:43:53.816] [main/DEBUG] [net.neoforged.fml.lowcodemod.LowCodeModContainer/LOADING]: Creating LowCodeModContainer for c2me_threading_lighting
[13Nov2025 07:43:53.818] [main/DEBUG] [net.neoforged.fml.javafmlmod.FMLModContainer/LOADING]: Creating FMLModContainer instance for [fuzs.mutantmonsters.neoforge.MutantMonstersNeoForge]
[13Nov2025 07:43:53.822] [main/DEBUG] [net.neoforged.fml.javafmlmod.FMLModContainer/LOADING]: Creating FMLModContainer instance for [software.bernie.geckolib.GeckoLib]
[13Nov2025 07:43:53.822] [main/DEBUG] [net.neoforged.fml.javafmlmod.FMLModContainer/LOADING]: Creating FMLModContainer instance for [com.finndog.mss.neoforge.MSSNeoforge]
[13Nov2025 07:43:53.822] [main/DEBUG] [net.neoforged.fml.javafmlmod.FMLModContainer/LOADING]: Creating FMLModContainer instance for [com.natamus.treeharvester.ModNeoForge]
[13Nov2025 07:43:53.823] [main/DEBUG] [net.neoforged.fml.javafmlmod.FMLModContainer/LOADING]: Creating FMLModContainer instance for [com.ishland.c2me.rewrites.chunk_serializer.TheMod]
[13Nov2025 07:43:53.823] [main/DEBUG] [net.neoforged.fml.javafmlmod.FMLModContainer/LOADING]: Creating FMLModContainer instance for [mezz.jei.neoforge.JustEnoughItems]
[13Nov2025 07:43:53.824] [main/DEBUG] [net.neoforged.fml.javafmlmod.FMLModContainer/LOADING]: Creating FMLModContainer instance for [commonnetwork.CommonNetworkNeoForge]
[13Nov2025 07:43:53.824] [main/DEBUG] [net.neoforged.fml.lowcodemod.LowCodeModContainer/LOADING]: Creating LowCodeModContainer for c2me_opts_natives_math
[13Nov2025 07:43:53.824] [main/DEBUG] [net.neoforged.fml.javafmlmod.FMLModContainer/LOADING]: Creating FMLModContainer instance for [net.tschipcraft.dynamiclights.neoforge.Init]
[13Nov2025 07:43:53.824] [main/DEBUG] [net.neoforged.fml.javafmlmod.FMLModContainer/LOADING]: Creating FMLModContainer instance for [rainbows.Rainbows]
[13Nov2025 07:43:53.825] [main/DEBUG] [net.neoforged.fml.lowcodemod.LowCodeModContainer/LOADING]: Creating LowCodeModContainer for c2me_fixes_general_threading_issues
[13Nov2025 07:43:53.825] [main/DEBUG] [net.neoforged.fml.javafmlmod.FMLModContainer/LOADING]: Creating FMLModContainer instance for [journeymap.common.JourneymapNeoForge]
[13Nov2025 07:43:53.825] [main/DEBUG] [net.neoforged.fml.javafmlmod.FMLModContainer/LOADING]: Creating FMLModContainer instance for [net.neoforged.neoforge.common.NeoForgeMod]
[13Nov2025 07:43:53.828] [main/DEBUG] [net.neoforged.fml.javafmlmod.FMLModContainer/LOADING]: Creating FMLModContainer instance for [artifacts.neoforge.ArtifactsNeoForge]
[13Nov2025 07:43:53.828] [main/DEBUG] [net.neoforged.fml.javafmlmod.FMLModContainer/LOADING]: Creating FMLModContainer instance for [glitchcore.neoforge.GlitchCoreNeoForge]
[13Nov2025 07:43:53.828] [main/DEBUG] [net.neoforged.fml.javafmlmod.FMLModContainer/LOADING]: Creating FMLModContainer instance for [sereneseasons.neoforge.core.SereneSeasonsNeoForge]
[13Nov2025 07:43:53.829] [main/DEBUG] [net.neoforged.fml.lowcodemod.LowCodeModContainer/LOADING]: Creating LowCodeModContainer for c2me_opts_math
[13Nov2025 07:43:53.829] [main/DEBUG] [net.neoforged.fml.javafmlmod.FMLModContainer/LOADING]: Creating FMLModContainer instance for [info.u_team.u_team_core.UCoreMod]
[13Nov2025 07:43:53.829] [main/DEBUG] [net.neoforged.fml.javafmlmod.FMLModContainer/LOADING]: Creating FMLModContainer instance for [com.ishland.c2me.C2MEMod]
[13Nov2025 07:43:53.830] [main/DEBUG] [net.neoforged.fml.lowcodemod.LowCodeModContainer/LOADING]: Creating LowCodeModContainer for c2me_rewrites_chunk_system
[13Nov2025 07:43:53.830] [main/DEBUG] [net.neoforged.fml.javafmlmod.FMLModContainer/LOADING]: Creating FMLModContainer instance for [com.iafenvoy.iceandfire.neoforge.IceAndFireNeoForge]
[13Nov2025 07:43:53.830] [main/DEBUG] [net.neoforged.fml.javafmlmod.FMLModContainer/LOADING]: Creating FMLModContainer instance for [com.ishland.c2me.base.C2MEBaseMod]
[13Nov2025 07:43:53.830] [main/DEBUG] [net.neoforged.fml.javafmlmod.FMLModContainer/LOADING]: Creating FMLModContainer instance for [me.shedaniel.clothconfig.ClothConfigForge]
[13Nov2025 07:43:53.831] [main/DEBUG] [net.neoforged.fml.javafmlmod.FMLModContainer/LOADING]: Creating FMLModContainer instance for []
[13Nov2025 07:43:53.831] [main/DEBUG] [net.neoforged.fml.lowcodemod.LowCodeModContainer/LOADING]: Creating LowCodeModContainer for c2me_fixes_worldgen_vanilla_bugs
[13Nov2025 07:43:53.831] [main/DEBUG] [net.neoforged.fml.lowcodemod.LowCodeModContainer/LOADING]: Creating LowCodeModContainer for c2me_opts_worldgen_vanilla
[13Nov2025 07:43:53.831] [main/DEBUG] [net.neoforged.fml.javafmlmod.FMLModContainer/LOADING]: Creating FMLModContainer instance for [com.iafenvoy.integration.neoforge.IntegrationNeoForge]
[13Nov2025 07:43:53.831] [main/DEBUG] [net.neoforged.fml.javafmlmod.FMLModContainer/LOADING]: Creating FMLModContainer instance for [twilightforest.TwilightForestMod]
[13Nov2025 07:43:53.833] [main/DEBUG] [net.neoforged.fml.lowcodemod.LowCodeModContainer/LOADING]: Creating LowCodeModContainer for c2me_opts_scheduling
[13Nov2025 07:43:53.833] [main/DEBUG] [net.neoforged.fml.javafmlmod.FMLModContainer/LOADING]: Creating FMLModContainer instance for [net.aurelj.dungeons_arise.DungeonsAriseMain]
[13Nov2025 07:43:53.833] [main/DEBUG] [net.neoforged.fml.javafmlmod.FMLModContainer/LOADING]: Creating FMLModContainer instance for [net.mcreator.him.HimMod]
[13Nov2025 07:43:53.834] [main/DEBUG] [net.neoforged.fml.javafmlmod.FMLModContainer/LOADING]: Creating FMLModContainer instance for [info.u_team.useful_backpacks.UsefulBackpacksMod]
[13Nov2025 07:43:53.834] [main/DEBUG] [net.neoforged.fml.javafmlmod.FMLModContainer/LOADING]: Creating FMLModContainer instance for [net.unusual.blockfactorysbosses.BlockFactorysBossesMod]
[13Nov2025 07:43:53.834] [main/DEBUG] [net.neoforged.fml.lowcodemod.LowCodeModContainer/LOADING]: Creating LowCodeModContainer for c2me_fixes_chunkio_threading_issues
[13Nov2025 07:43:53.834] [main/DEBUG] [net.neoforged.fml.javafmlmod.FMLModContainer/LOADING]: Creating FMLModContainer instance for [com.iafenvoy.jupiter.neoforge.JupiterNeoForge]
[13Nov2025 07:43:53.835] [main/DEBUG] [net.neoforged.fml.javafmlmod.FMLModContainer/LOADING]: Creating FMLModContainer instance for [com.ishland.c2me.client.uncapvd.common.UncapVDInitializer]
[13Nov2025 07:43:53.835] [main/DEBUG] [net.neoforged.fml.javafmlmod.FMLModContainer/LOADING]: Creating FMLModContainer instance for [team.creative.creativecore.CreativeCore]
[13Nov2025 07:43:53.836] [main/DEBUG] [net.neoforged.fml.lowcodemod.LowCodeModContainer/LOADING]: Creating LowCodeModContainer for c2me_server_utils
[13Nov2025 07:43:53.836] [main/DEBUG] [net.neoforged.fml.javafmlmod.FMLModContainer/LOADING]: Creating FMLModContainer instance for [fuzs.forgeconfigapiport.neoforge.impl.ForgeConfigAPIPortNeoForge]
[13Nov2025 07:43:53.836] [main/DEBUG] [net.neoforged.fml.lowcodemod.LowCodeModContainer/LOADING]: Creating LowCodeModContainer for c2me_opts_dfc
[13Nov2025 07:43:53.836] [main/DEBUG] [net.neoforged.fml.javafmlmod.FMLModContainer/LOADING]: Creating FMLModContainer instance for [top.theillusivec4.curios.Curios]
[13Nov2025 07:43:53.837] [main/DEBUG] [net.neoforged.fml.javafmlmod.FMLModContainer/LOADING]: Creating FMLModContainer instance for [net.mcreator.choccosmobs.ChoccosMobsMod]
[13Nov2025 07:43:53.837] [main/DEBUG] [net.neoforged.fml.javafmlmod.FMLModContainer/LOADING]: Creating FMLModContainer instance for [com.natamus.naturallychargedcreepers.ModNeoForge]
[13Nov2025 07:43:53.838] [main/DEBUG] [net.neoforged.fml.javafmlmod.FMLModContainer/LOADING]: Creating FMLModContainer instance for [com.natamus.collective.CollectiveNeoForge]
[13Nov2025 07:43:53.838] [main/DEBUG] [net.neoforged.fml.javafmlmod.FMLModContainer/LOADING]: Creating FMLModContainer instance for [net.geforcemods.securitycraft.SecurityCraft]
[13Nov2025 07:43:53.839] [main/DEBUG] [net.neoforged.fml.javafmlmod.FMLModContainer/LOADING]: Creating FMLModContainer instance for [com.ishland.c2me.notickvd.common.NoTickVDInitializer]
[13Nov2025 07:43:53.839] [main/DEBUG] [net.neoforged.fml.javafmlmod.FMLModContainer/LOADING]: Creating FMLModContainer instance for [com.vsngarcia.neoforge.ElevatorModNeoForge]
[13Nov2025 07:43:53.839] [main/DEBUG] [net.neoforged.fml.javafmlmod.FMLModContainer/LOADING]: Creating FMLModContainer instance for [ovh.corail.tombstone.ModTombstone]
[13Nov2025 07:43:53.840] [main/DEBUG] [net.neoforged.fml.lowcodemod.LowCodeModContainer/LOADING]: Creating LowCodeModContainer for c2me_opts_worldgen_general
[13Nov2025 07:43:53.840] [main/DEBUG] [net.neoforged.fml.lowcodemod.LowCodeModContainer/LOADING]: Creating LowCodeModContainer for c2me_opts_chunkio
[13Nov2025 07:43:53.840] [main/DEBUG] [net.neoforged.fml.javafmlmod.FMLModContainer/LOADING]: Creating FMLModContainer instance for [com.finndog.mvs.neoforge.MVSNeoforge]
[13Nov2025 07:43:53.840] [main/DEBUG] [net.neoforged.fml.javafmlmod.FMLModContainer/LOADING]: Creating FMLModContainer instance for [dev.architectury.neoforge.ArchitecturyNeoForge]
[13Nov2025 07:43:53.840] [main/DEBUG] [net.neoforged.fml.javafmlmod.FMLModContainer/LOADING]: Creating FMLModContainer instance for [com.iafenvoy.uranus.neoforge.UranusNeoForge]
[13Nov2025 07:43:53.841] [main/DEBUG] [net.neoforged.fml.javafmlmod.FMLModContainer/LOADING]: Creating FMLModContainer instance for [squeek.appleskin.AppleSkin]
[13Nov2025 07:43:53.841] [main/DEBUG] [net.neoforged.fml.javafmlmod.FMLModContainer/LOADING]: Creating FMLModContainer instance for [com.mrcrayfish.furniture.refurbished.FurnitureMod]
[13Nov2025 07:43:53.842] [main/DEBUG] [net.neoforged.fml.javafmlmod.FMLModContainer/LOADING]: Creating FMLModContainer instance for [fuzs.puzzleslib.neoforge.impl.PuzzlesLibNeoForge]
[13Nov2025 07:43:53.842] [main/DEBUG] [net.neoforged.fml.javafmlmod.FMLModContainer/LOADING]: Creating FMLModContainer instance for [com.mrcrayfish.framework.FrameworkNeoForge]
[13Nov2025 07:43:53.843] [main/DEBUG] [net.neoforged.fml.lowcodemod.LowCodeModContainer/LOADING]: Creating LowCodeModContainer for c2me_rewrites_chunkio
[13Nov2025 07:43:53.843] [main/DEBUG] [net.neoforged.fml.javafmlmod.FMLModContainer/LOADING]: Creating FMLModContainer instance for [be.florens.expandability.neoforge.ExpandAbilityForge]
[13Nov2025 07:43:53.843] [main/DEBUG] [net.neoforged.fml.javafmlmod.FMLModContainer/LOADING]: Creating FMLModContainer instance for [journeymap.JourneyMapAPI]
[13Nov2025 07:43:53.843] [main/DEBUG] [net.neoforged.fml.javafmlmod.FMLModContainer/LOADING]: Creating FMLModContainer instance for [team.creative.playerrevive.PlayerRevive]
[13Nov2025 07:43:53.844] [main/DEBUG] [net.neoforged.fml.lowcodemod.LowCodeModContainer/LOADING]: Creating LowCodeModContainer for c2me_opts_allocs
[13Nov2025 07:43:53.844] [main/DEBUG] [net.neoforged.fml.javafmlmod.FMLModContainer/LOADING]: Creating FMLModContainer instance for [xxrexraptorxx.extragems.main.ExtraGems]
[13Nov2025 07:43:53.862] [modloading-worker-0/DEBUG] [GeckoLib/]: Loaded software.bernie.geckolib.platform.GeckoLibNeoForge@2cdc65c8 for service interface software.bernie.geckolib.service.GeckoLibPlatform
[13Nov2025 07:43:53.862] [modloading-worker-0/DEBUG] [GeckoLib/]: Loaded software.bernie.geckolib.network.GeckoLibNetworkingNeoForge@216478e7 for service interface software.bernie.geckolib.service.GeckoLibNetworking
[13Nov2025 07:43:53.862] [modloading-worker-0/DEBUG] [net.neoforged.fml.javafmlmod.AutomaticEventSubscriber/LOADING]: Attempting to inject @EventBusSubscriber classes into the eventbus for geckolib
[13Nov2025 07:43:53.864] [modloading-worker-0/DEBUG] [net.neoforged.fml.javafmlmod.AutomaticEventSubscriber/LOADING]: Attempting to inject @EventBusSubscriber classes into the eventbus for c2me_rewrites_chunk_serializer
[13Nov2025 07:43:53.872] [modloading-worker-0/DEBUG] [net.neoforged.fml.javafmlmod.AutomaticEventSubscriber/LOADING]: Attempting to inject @EventBusSubscriber classes into the eventbus for mss
[13Nov2025 07:43:53.872] [modloading-worker-0/DEBUG] [net.neoforged.fml.javafmlmod.AutomaticEventSubscriber/LOADING]: Scanning class com.finndog.mss.datagen.StructureNbtUpdaterDatagen for @SubscribeEvent-annotated methods
[13Nov2025 07:43:53.878] [modloading-worker-0/DEBUG] [net.neoforged.fml.javafmlmod.AutomaticEventSubscriber/]: Subscribing @EventBusSubscriber class Lcom/finndog/mss/datagen/StructureNbtUpdaterDatagen; to the mod event bus of mod mss
[13Nov2025 07:43:53.886] [modloading-worker-0/DEBUG] [net.neoforged.fml.javafmlmod.AutomaticEventSubscriber/LOADING]: Attempting to inject @EventBusSubscriber classes into the eventbus for treeharvester
[13Nov2025 07:43:53.886] [modloading-worker-0/INFO] [dynamiclights/]: [Dynamic Lights] Registering server started event...
[13Nov2025 07:43:53.887] [modloading-worker-0/INFO] [Puzzles Lib/]: Constructing common components for mutantmonsters:main
[13Nov2025 07:43:53.887] [modloading-worker-0/DEBUG] [net.neoforged.fml.config.ConfigTracker/CONFIG]: Config file jei-server.toml for jei tracking
[13Nov2025 07:43:53.889] [modloading-worker-0/INFO] [dynamiclights/]: [Dynamic Lights] Loaded Dynamic Lights by Tschipcraft successfully!
[13Nov2025 07:43:53.889] [modloading-worker-0/DEBUG] [net.neoforged.fml.javafmlmod.AutomaticEventSubscriber/LOADING]: Attempting to inject @EventBusSubscriber classes into the eventbus for dynamiclights
[13Nov2025 07:43:53.890] [modloading-worker-0/DEBUG] [net.neoforged.fml.javafmlmod.AutomaticEventSubscriber/LOADING]: Attempting to inject @EventBusSubscriber classes into the eventbus for jei
[13Nov2025 07:43:53.894] [modloading-worker-0/DEBUG] [net.neoforged.fml.config.ConfigTracker/CONFIG]: Config file rainbows-startup.toml for rainbows tracking
[13Nov2025 07:43:53.903] [modloading-worker-0/DEBUG] [net.neoforged.fml.javafmlmod.AutomaticEventSubscriber/LOADING]: Attempting to inject @EventBusSubscriber classes into the eventbus for commonnetworking
[13Nov2025 07:43:53.904] [modloading-worker-0/DEBUG] [net.neoforged.fml.config.ConfigTracker/CONFIG]: Loaded TOML config file /workspaces/server2holaa/servidor_minecraft/config/rainbows-startup.toml
[13Nov2025 07:43:53.915] [modloading-worker-0/DEBUG] [net.neoforged.fml.config.ConfigTracker/CONFIG]: Config file journeymap-server.toml for journeymap tracking
[13Nov2025 07:43:53.916] [modloading-worker-0/DEBUG] [net.neoforged.fml.javafmlmod.AutomaticEventSubscriber/LOADING]: Attempting to inject @EventBusSubscriber classes into the eventbus for journeymap
[13Nov2025 07:43:53.917] [modloading-worker-0/DEBUG] [net.neoforged.fml.config.ConfigTracker/CONFIG]: Config file mutantmonsters-common.toml for mutantmonsters tracking
[13Nov2025 07:43:53.919] [modloading-worker-0/DEBUG] [net.neoforged.neoforge.internal.versions.neoforge.NeoForgeVersion/CORE]: Found NeoForge version 21.1.206
[13Nov2025 07:43:53.919] [modloading-worker-0/DEBUG] [net.neoforged.neoforge.internal.versions.neoforge.NeoForgeVersion/CORE]: Found FML version 4.0.41
[13Nov2025 07:43:53.919] [modloading-worker-0/INFO] [net.neoforged.neoforge.common.NeoForgeMod/NEOFORGE-MOD]: NeoForge mod loading, version 21.1.206, for MC 1.21.1
[13Nov2025 07:43:53.922] [modloading-worker-0/DEBUG] [net.neoforged.fml.config.ConfigTracker/CONFIG]: Config file mutantmonsters-server.toml for mutantmonsters tracking
[13Nov2025 07:43:53.928] [modloading-worker-0/DEBUG] [net.neoforged.fml.config.ConfigTracker/CONFIG]: Config file neoforge-client.toml for neoforge tracking
[13Nov2025 07:43:53.928] [modloading-worker-0/DEBUG] [net.neoforged.fml.config.ConfigTracker/CONFIG]: Watching TOML config file /workspaces/server2holaa/servidor_minecraft/config/rainbows-startup.toml for changes
[13Nov2025 07:43:53.928] [modloading-worker-0/DEBUG] [net.neoforged.fml.javafmlmod.AutomaticEventSubscriber/LOADING]: Attempting to inject @EventBusSubscriber classes into the eventbus for rainbows
[13Nov2025 07:43:53.929] [modloading-worker-0/DEBUG] [net.neoforged.fml.config.ConfigTracker/CONFIG]: Config file neoforge-server.toml for neoforge tracking
[13Nov2025 07:43:53.929] [modloading-worker-0/DEBUG] [net.neoforged.fml.config.ConfigTracker/CONFIG]: Config file neoforge-common.toml for neoforge tracking
[13Nov2025 07:43:53.930] [modloading-worker-0/DEBUG] [mixin/]: Mixing impl.MixinPacketHandler from glitchcore.neoforge.mixins.json into glitchcore.network.PacketHandler
[13Nov2025 07:43:53.930] [modloading-worker-0/DEBUG] [mixin/]: glitchcore.neoforge.mixins.json:impl.MixinPacketHandler from mod glitchcore: Class version 65 required is higher than the class version supported by the current version of Mixin (JAVA_17 supports class version 61)
[13Nov2025 07:43:53.930] [modloading-worker-0/DEBUG] [mixin/]: Renaming synthetic method lambda$register$1(Ljava/lang/String;Lglitchcore/network/CustomPacket;Lglitchcore/neoforge/network/GCPayloadFactory;Lnet/neoforged/neoforge/network/event/RegisterPayloadHandlersEvent;)V to md277493$glitchcore$lambda$register$1$0 in glitchcore.neoforge.mixins.json:impl.MixinPacketHandler from mod glitchcore
[13Nov2025 07:43:53.930] [modloading-worker-0/DEBUG] [mixin/]: Renaming synthetic method lambda$register$0()Ljava/lang/IllegalArgumentException; to md277493$glitchcore$lambda$register$0$1 in glitchcore.neoforge.mixins.json:impl.MixinPacketHandler from mod glitchcore
[13Nov2025 07:43:53.941] [modloading-worker-0/DEBUG] [artifacts.Artifacts/]: Loaded artifacts.neoforge.platform.NeoForgePlatformHelper@1a422501 for service interface artifacts.platform.PlatformHelper
[13Nov2025 07:43:53.943] [modloading-worker-0/DEBUG] [net.neoforged.fml.javafmlmod.AutomaticEventSubscriber/LOADING]: Attempting to inject @EventBusSubscriber classes into the eventbus for glitchcore
[13Nov2025 07:43:53.943] [modloading-worker-0/DEBUG] [mixin/]: Mixing item.UmbrellaItemMixin from mixins.artifacts.neoforge.json into artifacts.item.UmbrellaItem
[13Nov2025 07:43:53.943] [modloading-worker-0/DEBUG] [net.neoforged.fml.javafmlmod.AutomaticEventSubscriber/LOADING]: Scanning class glitchcore.neoforge.handlers.ToolModificationEventHandler for @SubscribeEvent-annotated methods
[13Nov2025 07:43:53.948] [modloading-worker-0/DEBUG] [mixin/]: Mixing MixinLevelEvent from architectury.mixins.json into net.neoforged.neoforge.event.level.LevelEvent
[13Nov2025 07:43:53.948] [modloading-worker-0/DEBUG] [mixin/]: architectury.mixins.json:MixinLevelEvent from mod architectury: Class version 65 required is higher than the class version supported by the current version of Mixin (JAVA_16 supports class version 60)
[13Nov2025 07:43:53.948] [modloading-worker-0/DEBUG] [net.neoforged.fml.javafmlmod.AutomaticEventSubscriber/]: Subscribing @EventBusSubscriber class Lglitchcore/neoforge/handlers/ToolModificationEventHandler; to the game event bus
[13Nov2025 07:43:53.950] [modloading-worker-0/DEBUG] [net.neoforged.fml.javafmlmod.AutomaticEventSubscriber/LOADING]: Scanning class glitchcore.neoforge.handlers.TickEventHandler for @SubscribeEvent-annotated methods
[13Nov2025 07:43:53.951] [modloading-worker-0/DEBUG] [net.neoforged.fml.javafmlmod.AutomaticEventSubscriber/]: Subscribing @EventBusSubscriber class Lglitchcore/neoforge/handlers/TickEventHandler; to the game event bus
[13Nov2025 07:43:53.952] [modloading-worker-0/DEBUG] [net.neoforged.fml.javafmlmod.AutomaticEventSubscriber/LOADING]: Scanning class glitchcore.neoforge.handlers.VillagerTradesEventHandler for @SubscribeEvent-annotated methods
[13Nov2025 07:43:53.952] [modloading-worker-0/DEBUG] [net.neoforged.fml.javafmlmod.AutomaticEventSubscriber/]: Subscribing @EventBusSubscriber class Lglitchcore/neoforge/handlers/VillagerTradesEventHandler; to the game event bus
[13Nov2025 07:43:53.954] [modloading-worker-0/DEBUG] [net.neoforged.fml.javafmlmod.AutomaticEventSubscriber/LOADING]: Scanning class glitchcore.neoforge.handlers.TagsUpdatedEventHandler for @SubscribeEvent-annotated methods
[13Nov2025 07:43:53.955] [modloading-worker-0/DEBUG] [net.neoforged.fml.javafmlmod.AutomaticEventSubscriber/]: Subscribing @EventBusSubscriber class Lglitchcore/neoforge/handlers/TagsUpdatedEventHandler; to the game event bus
[13Nov2025 07:43:53.955] [modloading-worker-0/DEBUG] [net.neoforged.fml.javafmlmod.AutomaticEventSubscriber/LOADING]: Scanning class glitchcore.neoforge.handlers.InteractionEventHandler for @SubscribeEvent-annotated methods
[13Nov2025 07:43:53.956] [modloading-worker-0/DEBUG] [net.neoforged.fml.javafmlmod.AutomaticEventSubscriber/]: Subscribing @EventBusSubscriber class Lglitchcore/neoforge/handlers/InteractionEventHandler; to the game event bus
[13Nov2025 07:43:53.956] [modloading-worker-0/DEBUG] [net.neoforged.fml.javafmlmod.AutomaticEventSubscriber/LOADING]: Scanning class glitchcore.neoforge.handlers.RegistryEventHandler for @SubscribeEvent-annotated methods
[13Nov2025 07:43:53.957] [modloading-worker-0/DEBUG] [net.neoforged.fml.javafmlmod.AutomaticEventSubscriber/]: Subscribing @EventBusSubscriber class Lglitchcore/neoforge/handlers/RegistryEventHandler; to the mod event bus of mod glitchcore
[13Nov2025 07:43:53.956] [modloading-worker-0/DEBUG] [artifacts.Artifacts/]: Loaded config file artifacts/general.toml
[13Nov2025 07:43:53.958] [modloading-worker-0/DEBUG] [artifacts.Artifacts/]: Watching config file artifacts/general.toml for changes
[13Nov2025 07:43:53.959] [modloading-worker-0/DEBUG] [artifacts.Artifacts/]: Loaded config file artifacts/client.toml
[13Nov2025 07:43:53.959] [modloading-worker-0/DEBUG] [artifacts.Artifacts/]: Watching config file artifacts/client.toml for changes
[13Nov2025 07:43:53.958] [modloading-worker-0/DEBUG] [net.neoforged.fml.javafmlmod.AutomaticEventSubscriber/LOADING]: Scanning class glitchcore.neoforge.handlers.TooltipEventHandler for @SubscribeEvent-annotated methods
[13Nov2025 07:43:53.960] [modloading-worker-0/DEBUG] [net.neoforged.fml.javafmlmod.AutomaticEventSubscriber/]: Subscribing @EventBusSubscriber class Lglitchcore/neoforge/handlers/TooltipEventHandler; to the game event bus
[13Nov2025 07:43:53.960] [modloading-worker-0/DEBUG] [net.neoforged.fml.javafmlmod.AutomaticEventSubscriber/LOADING]: Scanning class glitchcore.neoforge.handlers.RegisterCommandsEventHandler for @SubscribeEvent-annotated methods
[13Nov2025 07:43:53.962] [modloading-worker-0/DEBUG] [artifacts.Artifacts/]: Loaded config file artifacts/items.toml
[13Nov2025 07:43:53.962] [modloading-worker-0/DEBUG] [artifacts.Artifacts/]: Watching config file artifacts/items.toml for changes
[13Nov2025 07:43:53.962] [modloading-worker-0/DEBUG] [net.neoforged.fml.javafmlmod.AutomaticEventSubscriber/]: Subscribing @EventBusSubscriber class Lglitchcore/neoforge/handlers/RegisterCommandsEventHandler; to the game event bus
[13Nov2025 07:43:53.967] [modloading-worker-0/DEBUG] [mixin/]: Mixing impl.MixinEnvironment from glitchcore.neoforge.mixins.json into glitchcore.util.Environment
[13Nov2025 07:43:53.967] [modloading-worker-0/DEBUG] [mixin/]: glitchcore.neoforge.mixins.json:impl.MixinEnvironment from mod glitchcore: Class version 65 required is higher than the class version supported by the current version of Mixin (JAVA_17 supports class version 61)
[13Nov2025 07:43:53.976] [modloading-worker-0/DEBUG] [mixin/]: Mixing server.ServerChunkCacheAccessor from journeymap.mixins.json into net.minecraft.server.level.ServerChunkCache
[13Nov2025 07:43:53.977] [modloading-worker-0/DEBUG] [mixin/]: journeymap.mixins.json:server.ServerChunkCacheAccessor from mod journeymap: Class version 65 required is higher than the class version supported by the current version of Mixin (JAVA_17 supports class version 61)
[13Nov2025 07:43:53.977] [modloading-worker-0/DEBUG] [mixin/]: Mixing asynccatchers.MixinServerChunkManager from c2me-fixes-general-threading-issues.mixins.json into net.minecraft.server.level.ServerChunkCache
[13Nov2025 07:43:53.978] [modloading-worker-0/DEBUG] [mixin/]: Mixing MixinServerChunkManager from c2me-rewrites-chunk-system.mixins.json into net.minecraft.server.level.ServerChunkCache
[13Nov2025 07:43:53.978] [modloading-worker-0/DEBUG] [mixin/]: Renaming synthetic method lambda$consolidateSchedules$0(Ljava/util/Queue;)V to md277493$c2me_rewrites_chunk_system$lambda$consolidateSchedules$0$0 in c2me-rewrites-chunk-system.mixins.json:MixinServerChunkManager from mod c2me_rewrites_chunk_system
[13Nov2025 07:43:53.984] [modloading-worker-0/DEBUG] [mixin/]: Mixing access.IServerChunkManager from c2me-base.mixins.json into net.minecraft.server.level.ServerChunkCache
[13Nov2025 07:43:53.985] [modloading-worker-0/DEBUG] [mixin/]: Mixing instrumentation.MixinServerChunkManager from c2me-base.mixins.json into net.minecraft.server.level.ServerChunkCache
[13Nov2025 07:43:53.989] [modloading-worker-0/DEBUG] [mixin/]: Mixing scheduler.MixinServerChunkManager from c2me-base.mixins.json into net.minecraft.server.level.ServerChunkCache
[13Nov2025 07:43:53.990] [modloading-worker-0/DEBUG] [mixin/]: Mixing mid_tick_chunk_tasks.MixinServerChunkManager from c2me-opts-scheduling.mixins.json into net.minecraft.server.level.ServerChunkCache
[13Nov2025 07:43:53.990] [modloading-worker-0/DEBUG] [mixin/]: Mixing task_scheduling.MixinServerChunkManager from c2me-opts-scheduling.mixins.json into net.minecraft.server.level.ServerChunkCache
[13Nov2025 07:43:53.991] [modloading-worker-0/DEBUG] [mixin/]: Mixing MixinServerChunkManager from c2me-notickvd.mixins.json into net.minecraft.server.level.ServerChunkCache
[13Nov2025 07:43:53.991] [modloading-worker-0/DEBUG] [mixin/]: Renaming synthetic method lambda$redirectIterateEntities$0(Lit/unimi/dsi/fastutil/longs/Long2ByteMap;Lnet/minecraft/world/entity/Entity;)Z to md277493$c2me_notickvd$lambda$redirectIterateEntities$0$1 in c2me-notickvd.mixins.json:MixinServerChunkManager from mod c2me_notickvd
[13Nov2025 07:43:53.993] [modloading-worker-0/DEBUG] [mixin/]: Mixing servercore.MixinServerChunkManager from c2me-notickvd.mixins.json into net.minecraft.server.level.ServerChunkCache
[13Nov2025 07:43:53.994] [modloading-worker-0/DEBUG] [mixin/]: Mixing asm.ASMTargets from c2me-opts-allocs.mixins.json into net.minecraft.server.level.ServerChunkCache
[13Nov2025 07:43:54.008] [modloading-worker-0/DEBUG] [mixin/]: c2me-fixes-general-threading-issues.mixins.json:asynccatchers.MixinServerChunkManager from mod c2me_fixes_general_threading_issues->@Inject::onTick(Lorg/spongepowered/asm/mixin/injection/callback/CallbackInfo;)V doesn't use it's CallbackInfo
[13Nov2025 07:43:54.008] [modloading-worker-0/DEBUG] [mixin/]: c2me-fixes-general-threading-issues.mixins.json:asynccatchers.MixinServerChunkManager from mod c2me_fixes_general_threading_issues->@Inject::onTick(Lorg/spongepowered/asm/mixin/injection/callback/CallbackInfo;)V has 0 override(s) in child classes
[13Nov2025 07:43:54.008] [modloading-worker-0/DEBUG] [mixin/]: c2me-fixes-general-threading-issues.mixins.json:asynccatchers.MixinServerChunkManager from mod c2me_fixes_general_threading_issues->@Inject::onTick(Lorg/spongepowered/asm/mixin/injection/callback/CallbackInfo;)V won't be passed a CallbackInfo as a result
[13Nov2025 07:43:54.008] [modloading-worker-0/DEBUG] [mixin/]: c2me-rewrites-chunk-system.mixins.json:MixinServerChunkManager from mod c2me_rewrites_chunk_system->@Inject::shortcutGetChunk(IILnet/minecraft/world/level/chunk/status/ChunkStatus;ZLorg/spongepowered/asm/mixin/injection/callback/CallbackInfoReturnable;)V does use it's CallbackInfoReturnable
[13Nov2025 07:43:54.008] [modloading-worker-0/DEBUG] [mixin/]: c2me-rewrites-chunk-system.mixins.json:MixinServerChunkManager from mod c2me_rewrites_chunk_system->@Inject::updateHolderMapAfterTick(Lorg/spongepowered/asm/mixin/injection/callback/CallbackInfo;)V doesn't use it's CallbackInfo
[13Nov2025 07:43:54.008] [modloading-worker-0/DEBUG] [mixin/]: c2me-rewrites-chunk-system.mixins.json:MixinServerChunkManager from mod c2me_rewrites_chunk_system->@Inject::updateHolderMapAfterTick(Lorg/spongepowered/asm/mixin/injection/callback/CallbackInfo;)V has 0 override(s) in child classes
[13Nov2025 07:43:54.008] [modloading-worker-0/DEBUG] [mixin/]: c2me-rewrites-chunk-system.mixins.json:MixinServerChunkManager from mod c2me_rewrites_chunk_system->@Inject::updateHolderMapAfterTick(Lorg/spongepowered/asm/mixin/injection/callback/CallbackInfo;)V won't be passed a CallbackInfo as a result
[13Nov2025 07:43:54.010] [modloading-worker-0/DEBUG] [mixin/]: c2me-opts-scheduling.mixins.json:mid_tick_chunk_tasks.MixinServerChunkManager from mod c2me_opts_scheduling->@Inject::onPostTickChunk(Lorg/spongepowered/asm/mixin/injection/callback/CallbackInfo;)V doesn't use it's CallbackInfo
[13Nov2025 07:43:54.010] [modloading-worker-0/DEBUG] [mixin/]: c2me-opts-scheduling.mixins.json:mid_tick_chunk_tasks.MixinServerChunkManager from mod c2me_opts_scheduling->@Inject::onPostTickChunk(Lorg/spongepowered/asm/mixin/injection/callback/CallbackInfo;)V has 0 override(s) in child classes
[13Nov2025 07:43:54.011] [modloading-worker-0/DEBUG] [mixin/]: c2me-opts-scheduling.mixins.json:mid_tick_chunk_tasks.MixinServerChunkManager from mod c2me_opts_scheduling->@Inject::onPostTickChunk(Lorg/spongepowered/asm/mixin/injection/callback/CallbackInfo;)V won't be passed a CallbackInfo as a result
[13Nov2025 07:43:54.035] [modloading-worker-0/INFO] [glitchcore/]: Registered synced config with path sereneseasons/fertility.toml
[13Nov2025 07:43:54.035] [modloading-worker-0/INFO] [glitchcore/]: Registered synced config with path sereneseasons/seasons.toml
[13Nov2025 07:43:54.042] [modloading-worker-0/DEBUG] [net.neoforged.fml.javafmlmod.AutomaticEventSubscriber/LOADING]: Attempting to inject @EventBusSubscriber classes into the eventbus for neoforge
[13Nov2025 07:43:54.045] [modloading-worker-0/DEBUG] [net.neoforged.fml.javafmlmod.AutomaticEventSubscriber/LOADING]: Scanning class net.neoforged.neoforge.network.filters.GenericPacketSplitter for @SubscribeEvent-annotated methods
[13Nov2025 07:43:54.061] [modloading-worker-0/DEBUG] [net.neoforged.fml.javafmlmod.AutomaticEventSubscriber/LOADING]: Attempting to inject @EventBusSubscriber classes into the eventbus for sereneseasons
[13Nov2025 07:43:54.061] [modloading-worker-0/DEBUG] [net.neoforged.fml.javafmlmod.AutomaticEventSubscriber/LOADING]: Scanning class sereneseasons.datagen.DataGenerationHandler for @SubscribeEvent-annotated methods
[13Nov2025 07:43:54.062] [modloading-worker-0/DEBUG] [net.neoforged.fml.javafmlmod.AutomaticEventSubscriber/]: Subscribing @EventBusSubscriber class Lsereneseasons/datagen/DataGenerationHandler; to the mod event bus of mod sereneseasons
[13Nov2025 07:43:54.066] [modloading-worker-0/DEBUG] [info.u_team.u_team_core.UCoreReference/]: Loaded service info.u_team.u_team_core.impl.NeoForgeAnnotationScanner@4464b19b for class interface info.u_team.u_team_core.util.annotation.AnnotationUtil$AnnotationScanner
[13Nov2025 07:43:54.069] [modloading-worker-0/DEBUG] [info.u_team.u_team_core.util.annotation.AnnotationManager/Construct]: Load construct (info.u_team.u_team_core.intern.init.UCoreCommonConstruct) for mod uteamcore
[13Nov2025 07:43:54.071] [modloading-worker-0/DEBUG] [info.u_team.u_team_core.UCoreReference/]: Loaded service info.u_team.u_team_core.impl.NeoForgeCommonRegister$Factory@6c8eee32 for class interface info.u_team.u_team_core.api.registry.CommonRegister$Factory
[13Nov2025 07:43:54.075] [modloading-worker-0/DEBUG] [info.u_team.u_team_core.UCoreReference/]: Loaded service info.u_team.u_team_core.impl.NeoForgeCommandRegister$Factory@4ee1376e for class interface info.u_team.u_team_core.api.registry.CommandRegister$Factory
[13Nov2025 07:43:54.082] [modloading-worker-0/DEBUG] [info.u_team.u_team_core.UCoreReference/]: Loaded service info.u_team.u_team_core.impl.NeoForgeNetworkHandler$Factory@3b1ff915 for class interface info.u_team.u_team_core.api.network.NetworkHandler$Factory
[13Nov2025 07:43:54.086] [modloading-worker-0/DEBUG] [io.netty.buffer.AbstractByteBuf/]: -Dio.netty.buffer.checkAccessible: true
[13Nov2025 07:43:54.086] [modloading-worker-0/DEBUG] [io.netty.buffer.AbstractByteBuf/]: -Dio.netty.buffer.checkBounds: true
[13Nov2025 07:43:54.087] [modloading-worker-0/DEBUG] [io.netty.util.ResourceLeakDetectorFactory/]: Loaded default ResourceLeakDetector: io.netty.util.ResourceLeakDetector@13057728
[13Nov2025 07:43:54.088] [modloading-worker-0/DEBUG] [mixin/]: Mixing TagsProviderNeoForgeMixin from puzzleslib.neoforge.mixins.json into net.minecraft.data.tags.TagsProvider
[13Nov2025 07:43:54.088] [modloading-worker-0/DEBUG] [mixin/]: puzzleslib.neoforge.mixins.json:TagsProviderNeoForgeMixin from mod puzzleslib: Class version 65 required is higher than the class version supported by the current version of Mixin (JAVA_17 supports class version 61)
[13Nov2025 07:43:54.092] [modloading-worker-0/DEBUG] [info.u_team.u_team_core.util.annotation.AnnotationManager/Construct]: Load construct (info.u_team.u_team_core.intern.init.UCoreNeoForgeCommonConstruct) for mod uteamcore
[13Nov2025 07:43:54.097] [modloading-worker-0/DEBUG] [net.neoforged.fml.javafmlmod.AutomaticEventSubscriber/LOADING]: Attempting to inject @EventBusSubscriber classes into the eventbus for uteamcore
[13Nov2025 07:43:54.098] [modloading-worker-0/DEBUG] [io.netty.util.internal.InternalThreadLocalMap/]: -Dio.netty.threadLocalMap.stringBuilder.initialSize: 1024
[13Nov2025 07:43:54.098] [modloading-worker-0/DEBUG] [io.netty.util.internal.InternalThreadLocalMap/]: -Dio.netty.threadLocalMap.stringBuilder.maxSize: 4096
[13Nov2025 07:43:54.098] [modloading-worker-0/DEBUG] [net.neoforged.fml.javafmlmod.AutomaticEventSubscriber/LOADING]: Attempting to inject @EventBusSubscriber classes into the eventbus for c2me
[13Nov2025 07:43:54.100] [modloading-worker-0/DEBUG] [io.netty.buffer.PooledByteBufAllocator/]: -Dio.netty.allocator.numHeapArenas: 8
[13Nov2025 07:43:54.100] [modloading-worker-0/DEBUG] [io.netty.buffer.PooledByteBufAllocator/]: -Dio.netty.allocator.numDirectArenas: 8
[13Nov2025 07:43:54.100] [modloading-worker-0/DEBUG] [io.netty.buffer.PooledByteBufAllocator/]: -Dio.netty.allocator.pageSize: 8192
[13Nov2025 07:43:54.101] [modloading-worker-0/DEBUG] [io.netty.buffer.PooledByteBufAllocator/]: -Dio.netty.allocator.maxOrder: 9
[13Nov2025 07:43:54.101] [modloading-worker-0/DEBUG] [io.netty.buffer.PooledByteBufAllocator/]: -Dio.netty.allocator.chunkSize: 4194304
[13Nov2025 07:43:54.101] [modloading-worker-0/DEBUG] [io.netty.buffer.PooledByteBufAllocator/]: -Dio.netty.allocator.smallCacheSize: 256
[13Nov2025 07:43:54.101] [modloading-worker-0/DEBUG] [io.netty.buffer.PooledByteBufAllocator/]: -Dio.netty.allocator.normalCacheSize: 64
[13Nov2025 07:43:54.101] [modloading-worker-0/DEBUG] [io.netty.buffer.PooledByteBufAllocator/]: -Dio.netty.allocator.maxCachedBufferCapacity: 32768
[13Nov2025 07:43:54.101] [modloading-worker-0/DEBUG] [io.netty.buffer.PooledByteBufAllocator/]: -Dio.netty.allocator.cacheTrimInterval: 8192
[13Nov2025 07:43:54.101] [modloading-worker-0/DEBUG] [io.netty.buffer.PooledByteBufAllocator/]: -Dio.netty.allocator.cacheTrimIntervalMillis: 0
[13Nov2025 07:43:54.101] [modloading-worker-0/DEBUG] [io.netty.buffer.PooledByteBufAllocator/]: -Dio.netty.allocator.useCacheForAllThreads: false
[13Nov2025 07:43:54.101] [modloading-worker-0/DEBUG] [io.netty.buffer.PooledByteBufAllocator/]: -Dio.netty.allocator.maxCachedByteBuffersPerChunk: 1023
[13Nov2025 07:43:54.107] [modloading-worker-0/DEBUG] [net.neoforged.fml.javafmlmod.AutomaticEventSubscriber/LOADING]: Attempting to inject @EventBusSubscriber classes into the eventbus for mutantmonsters
[13Nov2025 07:43:54.107] [modloading-worker-0/DEBUG] [net.neoforged.fml.javafmlmod.AutomaticEventSubscriber/LOADING]: Attempting to inject @EventBusSubscriber classes into the eventbus for c2me_base
[13Nov2025 07:43:54.108] [modloading-worker-0/DEBUG] [net.neoforged.fml.javafmlmod.AutomaticEventSubscriber/LOADING]: Attempting to inject @EventBusSubscriber classes into the eventbus for cloth_config
[13Nov2025 07:43:54.108] [modloading-worker-0/DEBUG] [net.neoforged.fml.javafmlmod.AutomaticEventSubscriber/LOADING]: Attempting to inject @EventBusSubscriber classes into the eventbus for mr_sleep
[13Nov2025 07:43:54.108] [modloading-worker-0/DEBUG] [net.neoforged.fml.javafmlmod.AutomaticEventSubscriber/LOADING]: Attempting to inject @EventBusSubscriber classes into the eventbus for integration
[13Nov2025 07:43:54.110] [modloading-worker-0/INFO] [twilightforest.beans.TFBeanContext/]: Starting Bean Context
[13Nov2025 07:43:54.111] [modloading-worker-0/DEBUG] [twilightforest.beans.TFBeanContext/]: Registering Bean class twilightforest.beans.TFBeanContext 
[13Nov2025 07:43:54.112] [modloading-worker-0/DEBUG] [twilightforest.beans.TFBeanContext/]: Registering Bean annotation processors
[13Nov2025 07:43:54.112] [modloading-worker-0/DEBUG] [io.netty.buffer.ByteBufUtil/]: -Dio.netty.allocator.type: pooled
[13Nov2025 07:43:54.113] [modloading-worker-0/DEBUG] [io.netty.buffer.ByteBufUtil/]: -Dio.netty.threadLocalDirectBufferSize: 0
[13Nov2025 07:43:54.113] [modloading-worker-0/DEBUG] [io.netty.buffer.ByteBufUtil/]: -Dio.netty.maxThreadLocalCharBufferSize: 16384
[13Nov2025 07:43:54.117] [modloading-worker-0/DEBUG] [twilightforest.beans.TFBeanContext/]: Registered Bean annotation post processor: class twilightforest.beans.processors.AutowiredAnnotationDataPostProcessor
[13Nov2025 07:43:54.117] [modloading-worker-0/DEBUG] [twilightforest.beans.TFBeanContext/]: Registered Bean annotation processor: class twilightforest.beans.processors.BeanAnnotationDataProcessor
[13Nov2025 07:43:54.118] [modloading-worker-0/DEBUG] [twilightforest.beans.TFBeanContext/]: Registered Bean annotation processor: class twilightforest.beans.processors.ComponentAnnotationDataProcessor
[13Nov2025 07:43:54.118] [modloading-worker-0/DEBUG] [twilightforest.beans.TFBeanContext/]: Registered Bean annotation post processor: class twilightforest.beans.processors.PostConstructAnnotationDataPostProcessor
[13Nov2025 07:43:54.118] [modloading-worker-0/DEBUG] [twilightforest.beans.TFBeanContext/]: Running processor class twilightforest.beans.processors.BeanAnnotationDataProcessor
[13Nov2025 07:43:54.119] [modloading-worker-0/DEBUG] [twilightforest.beans.TFBeanContext/]: Running processor class twilightforest.beans.processors.ComponentAnnotationDataProcessor
[13Nov2025 07:43:54.123] [modloading-worker-0/DEBUG] [net.neoforged.fml.javafmlmod.AutomaticEventSubscriber/]: Subscribing @EventBusSubscriber class Lnet/neoforged/neoforge/network/filters/GenericPacketSplitter; to the mod event bus of mod neoforge
[13Nov2025 07:43:54.124] [modloading-worker-0/DEBUG] [twilightforest.beans.TFBeanContext/]: Registering Bean class twilightforest.advancements.DrinkFromFlaskTrigger$TriggerInstance$DrinkFromFlaskTriggerInstanceFactory 
[13Nov2025 07:43:54.125] [modloading-worker-0/DEBUG] [twilightforest.beans.TFBeanContext/]: Registering Bean class twilightforest.command.MapBiomesCommand 
[13Nov2025 07:43:54.126] [modloading-worker-0/DEBUG] [twilightforest.beans.TFBeanContext/]: Registering Bean class twilightforest.command.SinisterSpawnerCommand 
[13Nov2025 07:43:54.128] [modloading-worker-0/DEBUG] [net.neoforged.fml.javafmlmod.AutomaticEventSubscriber/LOADING]: Scanning class net.neoforged.neoforge.network.NetworkInitialization for @SubscribeEvent-annotated methods
[13Nov2025 07:43:54.128] [modloading-worker-0/DEBUG] [net.neoforged.fml.javafmlmod.AutomaticEventSubscriber/LOADING]: Attempting to inject @EventBusSubscriber classes into the eventbus for artifacts
[13Nov2025 07:43:54.129] [modloading-worker-0/DEBUG] [net.neoforged.fml.javafmlmod.AutomaticEventSubscriber/]: Subscribing @EventBusSubscriber class Lnet/neoforged/neoforge/network/NetworkInitialization; to the mod event bus of mod neoforge
[13Nov2025 07:43:54.129] [modloading-worker-0/DEBUG] [twilightforest.beans.TFBeanContext/]: Registering Bean class twilightforest.command.GenerateBookCommand 
[13Nov2025 07:43:54.129] [modloading-worker-0/DEBUG] [net.neoforged.fml.javafmlmod.AutomaticEventSubscriber/LOADING]: Scanning class net.neoforged.neoforge.network.ConfigurationInitialization for @SubscribeEvent-annotated methods
[13Nov2025 07:43:54.129] [modloading-worker-0/DEBUG] [twilightforest.beans.TFBeanContext/]: Registering Bean class twilightforest.command.ShieldCommand 
[13Nov2025 07:43:54.130] [modloading-worker-0/DEBUG] [twilightforest.beans.TFBeanContext/]: Registering Bean class twilightforest.command.CenterCommand 
[13Nov2025 07:43:54.132] [modloading-worker-0/DEBUG] [twilightforest.beans.TFBeanContext/]: Registering Bean class twilightforest.command.TFCommand 
[13Nov2025 07:43:54.133] [modloading-worker-0/DEBUG] [net.neoforged.fml.javafmlmod.AutomaticEventSubscriber/LOADING]: Attempting to inject @EventBusSubscriber classes into the eventbus for dungeons_arise
[13Nov2025 07:43:54.134] [modloading-worker-0/DEBUG] [net.neoforged.fml.javafmlmod.AutomaticEventSubscriber/]: Subscribing @EventBusSubscriber class Lnet/neoforged/neoforge/network/ConfigurationInitialization; to the mod event bus of mod neoforge
[13Nov2025 07:43:54.134] [modloading-worker-0/DEBUG] [net.neoforged.fml.javafmlmod.AutomaticEventSubscriber/LOADING]: Scanning class net.neoforged.neoforge.common.MonsterRoomHooks for @SubscribeEvent-annotated methods
[13Nov2025 07:43:54.135] [modloading-worker-0/DEBUG] [info.u_team.u_team_core.UCoreReference/]: Loaded service info.u_team.u_team_core.impl.NeoForgePlatform@536002f3 for class interface info.u_team.u_team_core.api.Platform
[13Nov2025 07:43:54.135] [modloading-worker-0/DEBUG] [net.neoforged.fml.javafmlmod.AutomaticEventSubscriber/]: Subscribing @EventBusSubscriber class Lnet/neoforged/neoforge/common/MonsterRoomHooks; to the game event bus
[13Nov2025 07:43:54.135] [modloading-worker-0/DEBUG] [net.neoforged.fml.javafmlmod.AutomaticEventSubscriber/LOADING]: Scanning class net.neoforged.neoforge.common.DeferredSpawnEggItem$CommonHandler for @SubscribeEvent-annotated methods
[13Nov2025 07:43:54.136] [modloading-worker-0/DEBUG] [twilightforest.beans.TFBeanContext/]: Registering Bean class twilightforest.command.InfoCommand 
[13Nov2025 07:43:54.135] [modloading-worker-0/DEBUG] [info.u_team.u_team_core.util.annotation.AnnotationManager/Construct]: Load construct (info.u_team.useful_backpacks.init.UsefulBackpacksNeoForgeCommonConstruct) for mod usefulbackpacks
[13Nov2025 07:43:54.137] [modloading-worker-0/DEBUG] [twilightforest.beans.TFBeanContext/]: Registering Bean class twilightforest.command.MapLocatorCommand 
[13Nov2025 07:43:54.137] [modloading-worker-0/DEBUG] [net.neoforged.fml.javafmlmod.AutomaticEventSubscriber/]: Subscribing @EventBusSubscriber class Lnet/neoforged/neoforge/common/DeferredSpawnEggItem$CommonHandler; to the mod event bus of mod neoforge
[13Nov2025 07:43:54.137] [modloading-worker-0/DEBUG] [net.neoforged.fml.javafmlmod.AutomaticEventSubscriber/LOADING]: Scanning class net.neoforged.neoforge.attachment.AttachmentSync for @SubscribeEvent-annotated methods
[13Nov2025 07:43:54.137] [modloading-worker-0/DEBUG] [twilightforest.beans.TFBeanContext/]: Registering Bean class twilightforest.command.ConquerCommand 
[13Nov2025 07:43:54.139] [modloading-worker-0/DEBUG] [net.neoforged.fml.config.ConfigTracker/CONFIG]: Config file usefulbackpacks-common.toml for usefulbackpacks tracking
[13Nov2025 07:43:54.139] [modloading-worker-0/DEBUG] [info.u_team.u_team_core.util.annotation.AnnotationManager/Construct]: Load construct (info.u_team.useful_backpacks.init.UsefulBackpacksCommonConstruct) for mod usefulbackpacks
[13Nov2025 07:43:54.140] [modloading-worker-0/DEBUG] [info.u_team.u_team_core.UCoreReference/]: Loaded service info.u_team.u_team_core.impl.NeoForgeBlockRegister$Factory@a2719f3 for class interface info.u_team.u_team_core.api.registry.BlockRegister$Factory
[13Nov2025 07:43:54.141] [modloading-worker-0/DEBUG] [net.neoforged.fml.javafmlmod.AutomaticEventSubscriber/]: Subscribing @EventBusSubscriber class Lnet/neoforged/neoforge/attachment/AttachmentSync; to the game event bus
[13Nov2025 07:43:54.141] [modloading-worker-0/DEBUG] [net.neoforged.fml.javafmlmod.AutomaticEventSubscriber/LOADING]: Scanning class net.neoforged.neoforge.attachment.AttachmentInternals for @SubscribeEvent-annotated methods
[13Nov2025 07:43:54.142] [modloading-worker-0/DEBUG] [net.neoforged.fml.javafmlmod.AutomaticEventSubscriber/]: Subscribing @EventBusSubscriber class Lnet/neoforged/neoforge/attachment/AttachmentInternals; to the game event bus
[13Nov2025 07:43:54.143] [modloading-worker-0/DEBUG] [twilightforest.beans.TFBeanContext/]: Registering Bean class twilightforest.world.components.structures.lichtowerrevamp.LichTowerPieces 
[13Nov2025 07:43:54.145] [modloading-worker-0/INFO] [com.iafenvoy.iceandfire.IceAndFire/]: Ice And Fire common config version match.
[13Nov2025 07:43:54.154] [modloading-worker-0/DEBUG] [twilightforest.beans.TFBeanContext/]: Registering Bean class twilightforest.world.components.structures.lichtowerrevamp.LichTowerUtil 
[13Nov2025 07:43:54.154] [modloading-worker-0/DEBUG] [twilightforest.beans.TFBeanContext/]: Registering Bean class twilightforest.world.components.BiomeColorAlgorithms 
[13Nov2025 07:43:54.156] [modloading-worker-0/DEBUG] [net.neoforged.fml.javafmlmod.AutomaticEventSubscriber/LOADING]: Attempting to inject @EventBusSubscriber classes into the eventbus for him
[13Nov2025 07:43:54.156] [modloading-worker-0/DEBUG] [net.neoforged.fml.javafmlmod.AutomaticEventSubscriber/LOADING]: Scanning class net.mcreator.him.procedures.SchizoProcedure for @SubscribeEvent-annotated methods
[13Nov2025 07:43:54.157] [modloading-worker-0/DEBUG] [net.neoforged.fml.javafmlmod.AutomaticEventSubscriber/]: Subscribing @EventBusSubscriber class Lnet/mcreator/him/procedures/SchizoProcedure; to the game event bus
[13Nov2025 07:43:54.158] [modloading-worker-0/DEBUG] [twilightforest.beans.TFBeanContext/]: Registering Bean class twilightforest.enums.extensions.TFItemDisplayContextEnumExtension 
[13Nov2025 07:43:54.159] [modloading-worker-0/DEBUG] [net.neoforged.fml.javafmlmod.AutomaticEventSubscriber/LOADING]: Scanning class net.mcreator.him.procedures.ReactivatorProcedure for @SubscribeEvent-annotated methods
[13Nov2025 07:43:54.160] [modloading-worker-0/DEBUG] [twilightforest.beans.TFBeanContext/]: Registering Bean class twilightforest.enums.extensions.TFBoatTypeEnumExtension 
[13Nov2025 07:43:54.160] [modloading-worker-0/DEBUG] [twilightforest.beans.TFBeanContext/]: Registering Bean class twilightforest.enums.extensions.TFDamageEffectsEnumExtension 
[13Nov2025 07:43:54.160] [modloading-worker-0/DEBUG] [net.neoforged.fml.javafmlmod.AutomaticEventSubscriber/]: Subscribing @EventBusSubscriber class Lnet/mcreator/him/procedures/ReactivatorProcedure; to the game event bus
[13Nov2025 07:43:54.161] [modloading-worker-0/DEBUG] [net.neoforged.fml.javafmlmod.AutomaticEventSubscriber/LOADING]: Scanning class net.mcreator.him.procedures.FirewallProcedure for @SubscribeEvent-annotated methods
[13Nov2025 07:43:54.161] [modloading-worker-0/DEBUG] [twilightforest.beans.TFBeanContext/]: Registering Bean class twilightforest.enums.extensions.TFGrassColorModifierEnumExtension 
[13Nov2025 07:43:54.162] [modloading-worker-0/DEBUG] [twilightforest.beans.TFBeanContext/]: Registering Bean class twilightforest.enums.extensions.TFRarityEnumExtension 
[13Nov2025 07:43:54.162] [modloading-worker-0/DEBUG] [twilightforest.beans.TFBeanContext/]: Registering Bean class twilightforest.util.DirectionUtil 
[13Nov2025 07:43:54.163] [modloading-worker-0/DEBUG] [net.neoforged.fml.javafmlmod.AutomaticEventSubscriber/]: Subscribing @EventBusSubscriber class Lnet/mcreator/him/procedures/FirewallProcedure; to the game event bus
[13Nov2025 07:43:54.164] [modloading-worker-0/DEBUG] [net.neoforged.fml.javafmlmod.AutomaticEventSubscriber/LOADING]: Scanning class net.mcreator.him.network.HimModVariables for @SubscribeEvent-annotated methods
[13Nov2025 07:43:54.164] [modloading-worker-0/DEBUG] [net.neoforged.fml.javafmlmod.AutomaticEventSubscriber/]: Subscribing @EventBusSubscriber class Lnet/mcreator/him/network/HimModVariables; to the mod event bus of mod him
[13Nov2025 07:43:54.164] [modloading-worker-0/DEBUG] [twilightforest.beans.TFBeanContext/]: Registering Bean class twilightforest.util.HolidayEvent 
[13Nov2025 07:43:54.164] [modloading-worker-0/DEBUG] [net.neoforged.fml.javafmlmod.AutomaticEventSubscriber/LOADING]: Scanning class net.mcreator.him.network.HimModVariables$EventBusVariableHandlers for @SubscribeEvent-annotated methods
[13Nov2025 07:43:54.165] [modloading-worker-0/DEBUG] [twilightforest.beans.TFBeanContext/]: Registering Bean class twilightforest.util.multiparts.MultipartEntityUtil 
[13Nov2025 07:43:54.165] [modloading-worker-0/DEBUG] [info.u_team.u_team_core.util.annotation.AnnotationManager/Integration]: Load curios integration (info.u_team.useful_backpacks.integration.curios.init.CuriosIntegrationCommonConstruct) for mod usefulbackpacks
[13Nov2025 07:43:54.165] [modloading-worker-0/DEBUG] [net.neoforged.fml.javafmlmod.AutomaticEventSubscriber/]: Subscribing @EventBusSubscriber class Lnet/mcreator/him/network/HimModVariables$EventBusVariableHandlers; to the game event bus
[13Nov2025 07:43:54.166] [modloading-worker-0/DEBUG] [twilightforest.beans.TFBeanContext/]: Registering Bean class twilightforest.util.ModidPrefixUtil 
[13Nov2025 07:43:54.166] [modloading-worker-0/DEBUG] [net.neoforged.fml.javafmlmod.AutomaticEventSubscriber/LOADING]: Scanning class net.mcreator.him.init.HimModTabs for @SubscribeEvent-annotated methods
[13Nov2025 07:43:54.166] [modloading-worker-0/DEBUG] [net.neoforged.fml.javafmlmod.AutomaticEventSubscriber/]: Subscribing @EventBusSubscriber class Lnet/mcreator/him/init/HimModTabs; to the mod event bus of mod him
[13Nov2025 07:43:54.166] [modloading-worker-0/DEBUG] [net.neoforged.fml.javafmlmod.AutomaticEventSubscriber/LOADING]: Scanning class net.mcreator.him.init.HimModEntities for @SubscribeEvent-annotated methods
[13Nov2025 07:43:54.166] [modloading-worker-0/DEBUG] [net.neoforged.fml.javafmlmod.AutomaticEventSubscriber/]: Subscribing @EventBusSubscriber class Lnet/mcreator/him/init/HimModEntities; to the mod event bus of mod him
[13Nov2025 07:43:54.166] [modloading-worker-0/DEBUG] [twilightforest.beans.TFBeanContext/]: Registering Bean class twilightforest.util.HolderMatcher 
[13Nov2025 07:43:54.167] [modloading-worker-0/DEBUG] [net.neoforged.fml.javafmlmod.AutomaticEventSubscriber/LOADING]: Scanning class net.mcreator.him.command.SchizoCommandCommand for @SubscribeEvent-annotated methods
[13Nov2025 07:43:54.167] [modloading-worker-0/DEBUG] [twilightforest.beans.TFBeanContext/]: Registering Bean class twilightforest.util.ArmorUtil 
[13Nov2025 07:43:54.168] [modloading-worker-0/DEBUG] [net.neoforged.fml.javafmlmod.AutomaticEventSubscriber/LOADING]: Attempting to inject @EventBusSubscriber classes into the eventbus for usefulbackpacks
[13Nov2025 07:43:54.169] [modloading-worker-0/DEBUG] [net.neoforged.fml.javafmlmod.AutomaticEventSubscriber/LOADING]: Attempting to inject @EventBusSubscriber classes into the eventbus for jupiter
[13Nov2025 07:43:54.169] [modloading-worker-0/DEBUG] [net.neoforged.fml.javafmlmod.AutomaticEventSubscriber/LOADING]: Scanning class com.iafenvoy.jupiter.neoforge.JupiterNeoForge for @SubscribeEvent-annotated methods
[13Nov2025 07:43:54.169] [modloading-worker-0/DEBUG] [net.neoforged.fml.javafmlmod.AutomaticEventSubscriber/]: Subscribing @EventBusSubscriber class Lcom/iafenvoy/jupiter/neoforge/JupiterNeoForge; to the mod event bus of mod jupiter
[13Nov2025 07:43:54.169] [modloading-worker-0/DEBUG] [net.neoforged.fml.javafmlmod.AutomaticEventSubscriber/LOADING]: Scanning class com.iafenvoy.jupiter.neoforge.JupiterNeoForge$NeoForgeEvents for @SubscribeEvent-annotated methods
[13Nov2025 07:43:54.170] [modloading-worker-0/DEBUG] [net.neoforged.fml.javafmlmod.AutomaticEventSubscriber/]: Subscribing @EventBusSubscriber class Lcom/iafenvoy/jupiter/neoforge/JupiterNeoForge$NeoForgeEvents; to the game event bus
[13Nov2025 07:43:54.172] [modloading-worker-0/DEBUG] [twilightforest.beans.TFBeanContext/]: Registering Bean class twilightforest.client.FoliageColorHandler 
[13Nov2025 07:43:54.172] [modloading-worker-0/DEBUG] [twilightforest.beans.TFBeanContext/]: Registering Bean class twilightforest.data.helpers.AdvancementDataMultiRequirements 
[13Nov2025 07:43:54.175] [modloading-worker-0/DEBUG] [net.neoforged.fml.javafmlmod.AutomaticEventSubscriber/LOADING]: Attempting to inject @EventBusSubscriber classes into the eventbus for c2me_client_uncapvd
[13Nov2025 07:43:54.176] [modloading-worker-0/DEBUG] [net.neoforged.fml.javafmlmod.AutomaticEventSubscriber/]: Subscribing @EventBusSubscriber class Lnet/mcreator/him/command/SchizoCommandCommand; to the game event bus
[13Nov2025 07:43:54.177] [modloading-worker-0/DEBUG] [net.neoforged.fml.javafmlmod.AutomaticEventSubscriber/LOADING]: Scanning class net.mcreator.him.command.ScareCommand for @SubscribeEvent-annotated methods
[13Nov2025 07:43:54.177] [modloading-worker-0/DEBUG] [net.neoforged.fml.javafmlmod.AutomaticEventSubscriber/]: Subscribing @EventBusSubscriber class Lnet/mcreator/him/command/ScareCommand; to the game event bus
[13Nov2025 07:43:54.177] [modloading-worker-0/DEBUG] [net.neoforged.fml.javafmlmod.AutomaticEventSubscriber/LOADING]: Scanning class net.mcreator.him.command.JumpscareCommand for @SubscribeEvent-annotated methods
[13Nov2025 07:43:54.178] [modloading-worker-0/DEBUG] [net.neoforged.fml.javafmlmod.AutomaticEventSubscriber/]: Subscribing @EventBusSubscriber class Lnet/mcreator/him/command/JumpscareCommand; to the game event bus
[13Nov2025 07:43:54.178] [modloading-worker-0/DEBUG] [net.neoforged.fml.javafmlmod.AutomaticEventSubscriber/LOADING]: Scanning class net.mcreator.him.command.HimHelpCommand for @SubscribeEvent-annotated methods
[13Nov2025 07:43:54.178] [modloading-worker-0/DEBUG] [net.neoforged.fml.javafmlmod.AutomaticEventSubscriber/]: Subscribing @EventBusSubscriber class Lnet/mcreator/him/command/HimHelpCommand; to the game event bus
[13Nov2025 07:43:54.179] [modloading-worker-0/DEBUG] [net.neoforged.fml.javafmlmod.AutomaticEventSubscriber/LOADING]: Scanning class net.mcreator.him.command.HauntCommand for @SubscribeEvent-annotated methods
[13Nov2025 07:43:54.179] [modloading-worker-0/DEBUG] [net.neoforged.fml.javafmlmod.AutomaticEventSubscriber/]: Subscribing @EventBusSubscriber class Lnet/mcreator/him/command/HauntCommand; to the game event bus
[13Nov2025 07:43:54.182] [modloading-worker-0/DEBUG] [twilightforest.beans.TFBeanContext/]: Registering Bean class twilightforest.entity.passive.quest.ram.QuestingRamCurrentContext 
[13Nov2025 07:43:54.182] [modloading-worker-0/DEBUG] [net.neoforged.fml.javafmlmod.AutomaticEventSubscriber/LOADING]: Scanning class net.mcreator.him.command.HauntChanceCommand for @SubscribeEvent-annotated methods
[13Nov2025 07:43:54.183] [modloading-worker-0/DEBUG] [net.neoforged.fml.javafmlmod.AutomaticEventSubscriber/]: Subscribing @EventBusSubscriber class Lnet/mcreator/him/command/HauntChanceCommand; to the game event bus
[13Nov2025 07:43:54.183] [modloading-worker-0/DEBUG] [net.neoforged.fml.javafmlmod.AutomaticEventSubscriber/LOADING]: Scanning class net.mcreator.him.command.CallCommand for @SubscribeEvent-annotated methods
[13Nov2025 07:43:54.183] [modloading-worker-0/DEBUG] [net.neoforged.fml.javafmlmod.AutomaticEventSubscriber/]: Subscribing @EventBusSubscriber class Lnet/mcreator/him/command/CallCommand; to the game event bus
[13Nov2025 07:43:54.202] [modloading-worker-0/DEBUG] [twilightforest.beans.TFBeanContext/]: Running post processor class twilightforest.beans.processors.AutowiredAnnotationDataPostProcessor
[13Nov2025 07:43:54.256] [modloading-worker-0/DEBUG] [mixin/]: Mixing threading.MixinStructureStart from c2me-fixes-worldgen-threading-issues.mixins.json into net.minecraft.world.level.levelgen.structure.StructureStart
[13Nov2025 07:43:54.257] [modloading-worker-0/DEBUG] [mixin/]: Mixing access.IStructureStart from c2me-base.mixins.json into net.minecraft.world.level.levelgen.structure.StructureStart
[13Nov2025 07:43:54.260] [modloading-worker-0/DEBUG] [twilightforest.beans.TFBeanContext/]: Running post processor class twilightforest.beans.processors.PostConstructAnnotationDataPostProcessor
[13Nov2025 07:43:54.261] [modloading-worker-0/DEBUG] [creativecore/]: Created network creativecore:main
[13Nov2025 07:43:54.261] [modloading-worker-0/INFO] [twilightforest.beans.TFBeanContext/]: Bean Context loaded in 151 ms
[13Nov2025 07:43:54.263] [modloading-worker-0/DEBUG] [twilightforest.beans.TFBeanContext/]: Processing twilightforest.TwilightForestMod@25c495eb
[13Nov2025 07:43:54.264] [modloading-worker-0/DEBUG] [twilightforest.beans.TFBeanContext/]: Finished processing twilightforest.TwilightForestMod@25c495eb in 1 ms
[13Nov2025 07:43:54.270] [modloading-worker-0/DEBUG] [net.neoforged.fml.javafmlmod.AutomaticEventSubscriber/LOADING]: Attempting to inject @EventBusSubscriber classes into the eventbus for creativecore
[13Nov2025 07:43:54.272] [modloading-worker-0/DEBUG] [net.neoforged.fml.javafmlmod.AutomaticEventSubscriber/LOADING]: Attempting to inject @EventBusSubscriber classes into the eventbus for forgeconfigapiport
[13Nov2025 07:43:54.283] [modloading-worker-0/DEBUG] [net.neoforged.fml.config.ConfigTracker/CONFIG]: Config file twilightforest-common.toml for twilightforest tracking
[13Nov2025 07:43:54.290] [modloading-worker-0/DEBUG] [net.neoforged.fml.config.ConfigTracker/CONFIG]: Config file twilightforest-client.toml for twilightforest tracking
[13Nov2025 07:43:54.291] [modloading-worker-0/DEBUG] [net.neoforged.fml.config.ConfigTracker/CONFIG]: Config file curios-client.toml for curios tracking
[13Nov2025 07:43:54.293] [modloading-worker-0/DEBUG] [net.neoforged.fml.config.ConfigTracker/CONFIG]: Config file curios-common.toml for curios tracking
[13Nov2025 07:43:54.293] [modloading-worker-0/DEBUG] [net.neoforged.fml.config.ConfigTracker/CONFIG]: Config file curios-server.toml for curios tracking
[13Nov2025 07:43:54.293] [modloading-worker-0/DEBUG] [net.neoforged.fml.javafmlmod.AutomaticEventSubscriber/LOADING]: Attempting to inject @EventBusSubscriber classes into the eventbus for curios
[13Nov2025 07:43:54.296] [modloading-worker-0/DEBUG] [net.neoforged.fml.javafmlmod.AutomaticEventSubscriber/LOADING]: Attempting to inject @EventBusSubscriber classes into the eventbus for naturallychargedcreepers
[13Nov2025 07:43:54.296] [modloading-worker-0/DEBUG] [net.neoforged.fml.javafmlmod.AutomaticEventSubscriber/LOADING]: Scanning class com.natamus.naturallychargedcreepers.neoforge.events.NeoForgeCreeperChargeEvent for @SubscribeEvent-annotated methods
[13Nov2025 07:43:54.296] [modloading-worker-0/DEBUG] [net.neoforged.fml.javafmlmod.AutomaticEventSubscriber/]: Subscribing @EventBusSubscriber class Lcom/natamus/naturallychargedcreepers/neoforge/events/NeoForgeCreeperChargeEvent; to the game event bus
[13Nov2025 07:43:54.299] [modloading-worker-0/INFO] [Collective/]: Loading Collective version 8.11.
[13Nov2025 07:43:54.321] [modloading-worker-0/DEBUG] [net.neoforged.fml.javafmlmod.AutomaticEventSubscriber/LOADING]: Attempting to inject @EventBusSubscriber classes into the eventbus for collective
[13Nov2025 07:43:54.321] [modloading-worker-0/DEBUG] [net.neoforged.fml.javafmlmod.AutomaticEventSubscriber/LOADING]: Scanning class com.natamus.collective.neoforge.events.RegisterCollectiveNeoForgeEvents for @SubscribeEvent-annotated methods
[13Nov2025 07:43:54.324] [modloading-worker-0/DEBUG] [net.neoforged.fml.javafmlmod.AutomaticEventSubscriber/]: Subscribing @EventBusSubscriber class Lcom/natamus/collective/neoforge/events/RegisterCollectiveNeoForgeEvents; to the game event bus
[13Nov2025 07:43:54.340] [modloading-worker-0/DEBUG] [net.neoforged.fml.config.ConfigTracker/CONFIG]: Config file securitycraft-server.toml for securitycraft tracking
[13Nov2025 07:43:54.341] [modloading-worker-0/DEBUG] [net.neoforged.fml.javafmlmod.AutomaticEventSubscriber/LOADING]: Attempting to inject @EventBusSubscriber classes into the eventbus for block_factorys_bosses
[13Nov2025 07:43:54.341] [modloading-worker-0/DEBUG] [net.neoforged.fml.javafmlmod.AutomaticEventSubscriber/LOADING]: Scanning class net.unusual.blockfactorysbosses.procedures.PlayerRollHandlerProcedure for @SubscribeEvent-annotated methods
[13Nov2025 07:43:54.341] [modloading-worker-0/DEBUG] [net.neoforged.fml.javafmlmod.AutomaticEventSubscriber/]: Subscribing @EventBusSubscriber class Lnet/unusual/blockfactorysbosses/procedures/PlayerRollHandlerProcedure; to the game event bus
[13Nov2025 07:43:54.342] [modloading-worker-0/DEBUG] [net.neoforged.fml.javafmlmod.AutomaticEventSubscriber/LOADING]: Scanning class net.unusual.blockfactorysbosses.procedures.NoHitBossBattleTriggerProcedure for @SubscribeEvent-annotated methods
[13Nov2025 07:43:54.342] [modloading-worker-0/DEBUG] [net.neoforged.fml.javafmlmod.AutomaticEventSubscriber/]: Subscribing @EventBusSubscriber class Lnet/unusual/blockfactorysbosses/procedures/NoHitBossBattleTriggerProcedure; to the game event bus
[13Nov2025 07:43:54.343] [modloading-worker-0/DEBUG] [net.neoforged.fml.javafmlmod.AutomaticEventSubscriber/LOADING]: Scanning class net.unusual.blockfactorysbosses.procedures.MusicStopHandlerProcedure for @SubscribeEvent-annotated methods
[13Nov2025 07:43:54.343] [modloading-worker-0/DEBUG] [net.neoforged.fml.javafmlmod.AutomaticEventSubscriber/]: Subscribing @EventBusSubscriber class Lnet/unusual/blockfactorysbosses/procedures/MusicStopHandlerProcedure; to the game event bus
[13Nov2025 07:43:54.343] [modloading-worker-0/DEBUG] [net.neoforged.fml.javafmlmod.AutomaticEventSubscriber/LOADING]: Scanning class net.unusual.blockfactorysbosses.procedures.MusicHandlerProcedure for @SubscribeEvent-annotated methods
[13Nov2025 07:43:54.347] [modloading-worker-0/DEBUG] [net.neoforged.fml.javafmlmod.AutomaticEventSubscriber/]: Subscribing @EventBusSubscriber class Lnet/unusual/blockfactorysbosses/procedures/MusicHandlerProcedure; to the game event bus
[13Nov2025 07:43:54.347] [modloading-worker-0/DEBUG] [net.neoforged.fml.javafmlmod.AutomaticEventSubscriber/LOADING]: Scanning class net.unusual.blockfactorysbosses.procedures.CinematicInvulnerabilityProcedure for @SubscribeEvent-annotated methods
[13Nov2025 07:43:54.347] [modloading-worker-0/DEBUG] [net.neoforged.fml.javafmlmod.AutomaticEventSubscriber/]: Subscribing @EventBusSubscriber class Lnet/unusual/blockfactorysbosses/procedures/CinematicInvulnerabilityProcedure; to the game event bus
[13Nov2025 07:43:54.348] [modloading-worker-0/DEBUG] [net.neoforged.fml.javafmlmod.AutomaticEventSubscriber/LOADING]: Scanning class net.unusual.blockfactorysbosses.procedures.BossCancelDieProcedure for @SubscribeEvent-annotated methods
[13Nov2025 07:43:54.349] [modloading-worker-0/DEBUG] [net.neoforged.fml.javafmlmod.AutomaticEventSubscriber/]: Subscribing @EventBusSubscriber class Lnet/unusual/blockfactorysbosses/procedures/BossCancelDieProcedure; to the game event bus
[13Nov2025 07:43:54.349] [modloading-worker-0/DEBUG] [net.neoforged.fml.javafmlmod.AutomaticEventSubscriber/LOADING]: Scanning class net.unusual.blockfactorysbosses.procedures.BossCancelDie2Procedure for @SubscribeEvent-annotated methods
[13Nov2025 07:43:54.351] [modloading-worker-0/DEBUG] [net.neoforged.fml.javafmlmod.AutomaticEventSubscriber/]: Subscribing @EventBusSubscriber class Lnet/unusual/blockfactorysbosses/procedures/BossCancelDie2Procedure; to the game event bus
[13Nov2025 07:43:54.352] [modloading-worker-0/DEBUG] [net.neoforged.fml.javafmlmod.AutomaticEventSubscriber/LOADING]: Scanning class net.unusual.blockfactorysbosses.network.DodgeRollMessage for @SubscribeEvent-annotated methods
[13Nov2025 07:43:54.354] [modloading-worker-0/DEBUG] [net.neoforged.fml.javafmlmod.AutomaticEventSubscriber/]: Subscribing @EventBusSubscriber class Lnet/unusual/blockfactorysbosses/network/DodgeRollMessage; to the mod event bus of mod block_factorys_bosses
[13Nov2025 07:43:54.356] [modloading-worker-0/DEBUG] [net.neoforged.fml.javafmlmod.AutomaticEventSubscriber/LOADING]: Scanning class net.unusual.blockfactorysbosses.network.BlockFactorysBossesModVariables for @SubscribeEvent-annotated methods
[13Nov2025 07:43:54.357] [modloading-worker-0/DEBUG] [net.neoforged.fml.javafmlmod.AutomaticEventSubscriber/]: Subscribing @EventBusSubscriber class Lnet/unusual/blockfactorysbosses/network/BlockFactorysBossesModVariables; to the mod event bus of mod block_factorys_bosses
[13Nov2025 07:43:54.357] [modloading-worker-0/DEBUG] [net.neoforged.fml.javafmlmod.AutomaticEventSubscriber/LOADING]: Scanning class net.unusual.blockfactorysbosses.network.BlockFactorysBossesModVariables$EventBusVariableHandlers for @SubscribeEvent-annotated methods
[13Nov2025 07:43:54.358] [modloading-worker-0/DEBUG] [net.neoforged.fml.javafmlmod.AutomaticEventSubscriber/]: Subscribing @EventBusSubscriber class Lnet/unusual/blockfactorysbosses/network/BlockFactorysBossesModVariables$EventBusVariableHandlers; to the game event bus
[13Nov2025 07:43:54.359] [modloading-worker-0/DEBUG] [net.neoforged.fml.javafmlmod.AutomaticEventSubscriber/LOADING]: Scanning class net.unusual.blockfactorysbosses.item.WarriorSwordItem for @SubscribeEvent-annotated methods
[13Nov2025 07:43:54.362] [modloading-worker-0/DEBUG] [net.neoforged.fml.javafmlmod.AutomaticEventSubscriber/]: Subscribing @EventBusSubscriber class Lnet/unusual/blockfactorysbosses/item/WarriorSwordItem; to the mod event bus of mod block_factorys_bosses
[13Nov2025 07:43:54.368] [modloading-worker-0/DEBUG] [net.neoforged.fml.javafmlmod.AutomaticEventSubscriber/LOADING]: Scanning class net.unusual.blockfactorysbosses.item.SandwormDartItem for @SubscribeEvent-annotated methods
[13Nov2025 07:43:54.368] [modloading-worker-0/DEBUG] [net.neoforged.fml.javafmlmod.AutomaticEventSubscriber/]: Subscribing @EventBusSubscriber class Lnet/unusual/blockfactorysbosses/item/SandwormDartItem; to the mod event bus of mod block_factorys_bosses
[13Nov2025 07:43:54.368] [modloading-worker-0/DEBUG] [net.neoforged.fml.javafmlmod.AutomaticEventSubscriber/LOADING]: Scanning class net.unusual.blockfactorysbosses.item.LargeSwordItem for @SubscribeEvent-annotated methods
[13Nov2025 07:43:54.372] [modloading-worker-0/DEBUG] [net.neoforged.fml.javafmlmod.AutomaticEventSubscriber/]: Subscribing @EventBusSubscriber class Lnet/unusual/blockfactorysbosses/item/LargeSwordItem; to the mod event bus of mod block_factorys_bosses
[13Nov2025 07:43:54.376] [modloading-worker-0/DEBUG] [net.neoforged.fml.javafmlmod.AutomaticEventSubscriber/LOADING]: Scanning class net.unusual.blockfactorysbosses.item.KnightSwordItem for @SubscribeEvent-annotated methods
[13Nov2025 07:43:54.379] [modloading-worker-0/DEBUG] [net.neoforged.fml.javafmlmod.AutomaticEventSubscriber/]: Subscribing @EventBusSubscriber class Lnet/unusual/blockfactorysbosses/item/KnightSwordItem; to the mod event bus of mod block_factorys_bosses
[13Nov2025 07:43:54.380] [modloading-worker-0/DEBUG] [net.neoforged.fml.javafmlmod.AutomaticEventSubscriber/LOADING]: Scanning class net.unusual.blockfactorysbosses.item.KnightItem for @SubscribeEvent-annotated methods
[13Nov2025 07:43:54.382] [modloading-worker-0/DEBUG] [net.neoforged.fml.javafmlmod.AutomaticEventSubscriber/]: Subscribing @EventBusSubscriber class Lnet/unusual/blockfactorysbosses/item/KnightItem; to the mod event bus of mod block_factorys_bosses
[13Nov2025 07:43:54.383] [modloading-worker-0/DEBUG] [net.neoforged.fml.javafmlmod.AutomaticEventSubscriber/LOADING]: Scanning class net.unusual.blockfactorysbosses.item.FrozenFistItem for @SubscribeEvent-annotated methods
[13Nov2025 07:43:54.383] [modloading-worker-0/DEBUG] [net.neoforged.fml.javafmlmod.AutomaticEventSubscriber/]: Subscribing @EventBusSubscriber class Lnet/unusual/blockfactorysbosses/item/FrozenFistItem; to the mod event bus of mod block_factorys_bosses
[13Nov2025 07:43:54.384] [modloading-worker-0/DEBUG] [net.neoforged.fml.javafmlmod.AutomaticEventSubscriber/LOADING]: Scanning class net.unusual.blockfactorysbosses.item.DragonBonesItem for @SubscribeEvent-annotated methods
[13Nov2025 07:43:54.384] [modloading-worker-0/DEBUG] [net.neoforged.fml.javafmlmod.AutomaticEventSubscriber/]: Subscribing @EventBusSubscriber class Lnet/unusual/blockfactorysbosses/item/DragonBonesItem; to the mod event bus of mod block_factorys_bosses
[13Nov2025 07:43:54.384] [modloading-worker-0/DEBUG] [net.neoforged.fml.javafmlmod.AutomaticEventSubscriber/LOADING]: Scanning class net.unusual.blockfactorysbosses.item.DaggerItem for @SubscribeEvent-annotated methods
[13Nov2025 07:43:54.390] [modloading-worker-0/DEBUG] [net.neoforged.fml.javafmlmod.AutomaticEventSubscriber/]: Subscribing @EventBusSubscriber class Lnet/unusual/blockfactorysbosses/item/DaggerItem; to the mod event bus of mod block_factorys_bosses
[13Nov2025 07:43:54.391] [modloading-worker-0/DEBUG] [net.neoforged.fml.javafmlmod.AutomaticEventSubscriber/LOADING]: Scanning class net.unusual.blockfactorysbosses.init.BlockFactorysBossesModTabs for @SubscribeEvent-annotated methods
[13Nov2025 07:43:54.391] [modloading-worker-0/DEBUG] [net.neoforged.fml.javafmlmod.AutomaticEventSubscriber/]: Subscribing @EventBusSubscriber class Lnet/unusual/blockfactorysbosses/init/BlockFactorysBossesModTabs; to the mod event bus of mod block_factorys_bosses
[13Nov2025 07:43:54.391] [modloading-worker-0/DEBUG] [net.neoforged.fml.javafmlmod.AutomaticEventSubscriber/LOADING]: Scanning class net.unusual.blockfactorysbosses.init.BlockFactorysBossesModEntities for @SubscribeEvent-annotated methods
[13Nov2025 07:43:54.391] [modloading-worker-0/DEBUG] [net.neoforged.fml.javafmlmod.AutomaticEventSubscriber/]: Subscribing @EventBusSubscriber class Lnet/unusual/blockfactorysbosses/init/BlockFactorysBossesModEntities; to the mod event bus of mod block_factorys_bosses
[13Nov2025 07:43:54.392] [modloading-worker-0/DEBUG] [net.neoforged.fml.javafmlmod.AutomaticEventSubscriber/LOADING]: Scanning class net.unusual.blockfactorysbosses.init.BlockFactorysBossesModConfigs for @SubscribeEvent-annotated methods
[13Nov2025 07:43:54.392] [modloading-worker-0/DEBUG] [net.neoforged.fml.javafmlmod.AutomaticEventSubscriber/]: Subscribing @EventBusSubscriber class Lnet/unusual/blockfactorysbosses/init/BlockFactorysBossesModConfigs; to the mod event bus of mod block_factorys_bosses
[13Nov2025 07:43:54.392] [modloading-worker-0/DEBUG] [net.neoforged.fml.javafmlmod.AutomaticEventSubscriber/LOADING]: Scanning class net.unusual.blockfactorysbosses.init.BlockFactorysBossesModBlockEntities for @SubscribeEvent-annotated methods
[13Nov2025 07:43:54.393] [modloading-worker-0/DEBUG] [net.neoforged.fml.javafmlmod.AutomaticEventSubscriber/]: Subscribing @EventBusSubscriber class Lnet/unusual/blockfactorysbosses/init/BlockFactorysBossesModBlockEntities; to the mod event bus of mod block_factorys_bosses
[13Nov2025 07:43:54.399] [modloading-worker-0/DEBUG] [net.neoforged.fml.javafmlmod.AutomaticEventSubscriber/LOADING]: Scanning class net.unusual.blockfactorysbosses.init.BlockFactorysBossesModAttributes for @SubscribeEvent-annotated methods
[13Nov2025 07:43:54.400] [modloading-worker-0/DEBUG] [net.neoforged.fml.javafmlmod.AutomaticEventSubscriber/]: Subscribing @EventBusSubscriber class Lnet/unusual/blockfactorysbosses/init/BlockFactorysBossesModAttributes; to the mod event bus of mod block_factorys_bosses
[13Nov2025 07:43:54.400] [modloading-worker-0/DEBUG] [net.neoforged.fml.javafmlmod.AutomaticEventSubscriber/LOADING]: Scanning class net.unusual.blockfactorysbosses.command.PosDebugCommand for @SubscribeEvent-annotated methods
[13Nov2025 07:43:54.400] [modloading-worker-0/DEBUG] [net.neoforged.fml.javafmlmod.AutomaticEventSubscriber/]: Subscribing @EventBusSubscriber class Lnet/unusual/blockfactorysbosses/command/PosDebugCommand; to the game event bus
[13Nov2025 07:43:54.401] [modloading-worker-0/DEBUG] [net.neoforged.fml.javafmlmod.AutomaticEventSubscriber/LOADING]: Scanning class net.unusual.blockfactorysbosses.AttributesModifier for @SubscribeEvent-annotated methods
[13Nov2025 07:43:54.401] [modloading-worker-0/DEBUG] [net.neoforged.fml.javafmlmod.AutomaticEventSubscriber/]: Subscribing @EventBusSubscriber class Lnet/unusual/blockfactorysbosses/AttributesModifier; to the game event bus
[13Nov2025 07:43:54.463] [modloading-worker-0/DEBUG] [net.neoforged.fml.javafmlmod.AutomaticEventSubscriber/LOADING]: Attempting to inject @EventBusSubscriber classes into the eventbus for choccos_mobs
[13Nov2025 07:43:54.463] [modloading-worker-0/DEBUG] [net.neoforged.fml.javafmlmod.AutomaticEventSubscriber/LOADING]: Scanning class net.mcreator.choccosmobs.recipe.brewing.ResistancePlusBrewBrewingRecipe for @SubscribeEvent-annotated methods
[13Nov2025 07:43:54.465] [modloading-worker-0/DEBUG] [net.neoforged.fml.javafmlmod.AutomaticEventSubscriber/]: Subscribing @EventBusSubscriber class Lnet/mcreator/choccosmobs/recipe/brewing/ResistancePlusBrewBrewingRecipe; to the game event bus
[13Nov2025 07:43:54.467] [modloading-worker-0/DEBUG] [net.neoforged.fml.javafmlmod.AutomaticEventSubscriber/LOADING]: Scanning class net.mcreator.choccosmobs.recipe.brewing.ResistanceIIBrewBrewingRecipe for @SubscribeEvent-annotated methods
[13Nov2025 07:43:54.468] [modloading-worker-0/DEBUG] [net.neoforged.fml.javafmlmod.AutomaticEventSubscriber/]: Subscribing @EventBusSubscriber class Lnet/mcreator/choccosmobs/recipe/brewing/ResistanceIIBrewBrewingRecipe; to the game event bus
[13Nov2025 07:43:54.468] [modloading-worker-0/DEBUG] [net.neoforged.fml.javafmlmod.AutomaticEventSubscriber/LOADING]: Scanning class net.mcreator.choccosmobs.recipe.brewing.ResistanceBrewBrewingRecipe for @SubscribeEvent-annotated methods
[13Nov2025 07:43:54.468] [modloading-worker-0/DEBUG] [net.neoforged.fml.javafmlmod.AutomaticEventSubscriber/]: Subscribing @EventBusSubscriber class Lnet/mcreator/choccosmobs/recipe/brewing/ResistanceBrewBrewingRecipe; to the game event bus
[13Nov2025 07:43:54.470] [modloading-worker-0/DEBUG] [net.neoforged.fml.javafmlmod.AutomaticEventSubscriber/LOADING]: Scanning class net.mcreator.choccosmobs.procedures.CrocodileBiteProcedure for @SubscribeEvent-annotated methods
[13Nov2025 07:43:54.471] [modloading-worker-0/DEBUG] [net.neoforged.fml.javafmlmod.AutomaticEventSubscriber/]: Subscribing @EventBusSubscriber class Lnet/mcreator/choccosmobs/procedures/CrocodileBiteProcedure; to the game event bus
[13Nov2025 07:43:54.471] [modloading-worker-0/DEBUG] [net.neoforged.fml.javafmlmod.AutomaticEventSubscriber/LOADING]: Scanning class net.mcreator.choccosmobs.network.TrashBinGUIButtonMessage for @SubscribeEvent-annotated methods
[13Nov2025 07:43:54.473] [modloading-worker-0/DEBUG] [net.neoforged.fml.javafmlmod.AutomaticEventSubscriber/]: Subscribing @EventBusSubscriber class Lnet/mcreator/choccosmobs/network/TrashBinGUIButtonMessage; to the mod event bus of mod choccos_mobs
[13Nov2025 07:43:54.474] [modloading-worker-0/DEBUG] [net.neoforged.fml.javafmlmod.AutomaticEventSubscriber/LOADING]: Scanning class net.mcreator.choccosmobs.init.EntityAnimationFactory for @SubscribeEvent-annotated methods
[13Nov2025 07:43:54.475] [modloading-worker-0/DEBUG] [net.neoforged.fml.javafmlmod.AutomaticEventSubscriber/]: Subscribing @EventBusSubscriber class Lnet/mcreator/choccosmobs/init/EntityAnimationFactory; to the game event bus
[13Nov2025 07:43:54.476] [modloading-worker-0/DEBUG] [net.neoforged.fml.javafmlmod.AutomaticEventSubscriber/LOADING]: Scanning class net.mcreator.choccosmobs.init.ChoccosMobsModTabs for @SubscribeEvent-annotated methods
[13Nov2025 07:43:54.477] [modloading-worker-0/DEBUG] [net.neoforged.fml.javafmlmod.AutomaticEventSubscriber/]: Subscribing @EventBusSubscriber class Lnet/mcreator/choccosmobs/init/ChoccosMobsModTabs; to the mod event bus of mod choccos_mobs
[13Nov2025 07:43:54.478] [modloading-worker-0/DEBUG] [net.neoforged.fml.javafmlmod.AutomaticEventSubscriber/LOADING]: Scanning class net.mcreator.choccosmobs.init.ChoccosMobsModEntities for @SubscribeEvent-annotated methods
[13Nov2025 07:43:54.478] [modloading-worker-0/DEBUG] [net.neoforged.fml.javafmlmod.AutomaticEventSubscriber/]: Subscribing @EventBusSubscriber class Lnet/mcreator/choccosmobs/init/ChoccosMobsModEntities; to the mod event bus of mod choccos_mobs
[13Nov2025 07:43:54.478] [modloading-worker-0/DEBUG] [net.neoforged.fml.javafmlmod.AutomaticEventSubscriber/LOADING]: Scanning class net.mcreator.choccosmobs.init.ChoccosMobsModBlockEntities for @SubscribeEvent-annotated methods
[13Nov2025 07:43:54.478] [modloading-worker-0/DEBUG] [net.neoforged.fml.javafmlmod.AutomaticEventSubscriber/]: Subscribing @EventBusSubscriber class Lnet/mcreator/choccosmobs/init/ChoccosMobsModBlockEntities; to the mod event bus of mod choccos_mobs
[13Nov2025 07:43:54.478] [modloading-worker-0/DEBUG] [net.neoforged.fml.javafmlmod.AutomaticEventSubscriber/LOADING]: Scanning class net.mcreator.choccosmobs.init.ChoccosMobsModBiomes for @SubscribeEvent-annotated methods
[13Nov2025 07:43:54.479] [modloading-worker-0/DEBUG] [net.neoforged.fml.javafmlmod.AutomaticEventSubscriber/]: Subscribing @EventBusSubscriber class Lnet/mcreator/choccosmobs/init/ChoccosMobsModBiomes; to the game event bus
[13Nov2025 07:43:54.480] [modloading-worker-0/DEBUG] [net.neoforged.fml.javafmlmod.AutomaticEventSubscriber/LOADING]: Attempting to inject @EventBusSubscriber classes into the eventbus for c2me_notickvd
[13Nov2025 07:43:54.489] [modloading-worker-0/DEBUG] [net.neoforged.fml.config.ConfigTracker/CONFIG]: Config file elevatorid-server.toml for elevatorid tracking
[13Nov2025 07:43:54.489] [modloading-worker-0/DEBUG] [net.neoforged.fml.javafmlmod.AutomaticEventSubscriber/LOADING]: Attempting to inject @EventBusSubscriber classes into the eventbus for elevatorid
[13Nov2025 07:43:54.489] [modloading-worker-0/DEBUG] [net.neoforged.fml.javafmlmod.AutomaticEventSubscriber/LOADING]: Scanning class com.vsngarcia.neoforge.network.NetworkHandler for @SubscribeEvent-annotated methods
[13Nov2025 07:43:54.491] [modloading-worker-0/DEBUG] [net.neoforged.fml.javafmlmod.AutomaticEventSubscriber/]: Subscribing @EventBusSubscriber class Lcom/vsngarcia/neoforge/network/NetworkHandler; to the mod event bus of mod elevatorid
[13Nov2025 07:43:54.515] [modloading-worker-0/DEBUG] [net.neoforged.fml.config.ConfigTracker/CONFIG]: Config file tombstone-client.toml for tombstone tracking
[13Nov2025 07:43:54.515] [modloading-worker-0/DEBUG] [net.neoforged.fml.config.ConfigTracker/CONFIG]: Config file tombstone-common.toml for tombstone tracking
[13Nov2025 07:43:54.520] [modloading-worker-0/DEBUG] [net.neoforged.fml.config.ConfigTracker/CONFIG]: Config file tombstone-server.toml for tombstone tracking
[13Nov2025 07:43:54.522] [modloading-worker-0/DEBUG] [net.neoforged.fml.javafmlmod.AutomaticEventSubscriber/LOADING]: Attempting to inject @EventBusSubscriber classes into the eventbus for tombstone
[13Nov2025 07:43:54.522] [modloading-worker-0/DEBUG] [net.neoforged.fml.javafmlmod.AutomaticEventSubscriber/LOADING]: Scanning class ovh.corail.tombstone.registry.Registration for @SubscribeEvent-annotated methods
[13Nov2025 07:43:54.523] [modloading-worker-0/DEBUG] [net.neoforged.fml.javafmlmod.AutomaticEventSubscriber/]: Subscribing @EventBusSubscriber class Lovh/corail/tombstone/registry/Registration; to the mod event bus of mod tombstone
[13Nov2025 07:43:54.524] [modloading-worker-0/DEBUG] [net.neoforged.fml.javafmlmod.AutomaticEventSubscriber/LOADING]: Scanning class ovh.corail.tombstone.registry.ModPotions for @SubscribeEvent-annotated methods
[13Nov2025 07:43:54.526] [modloading-worker-0/DEBUG] [net.neoforged.fml.javafmlmod.AutomaticEventSubscriber/]: Subscribing @EventBusSubscriber class Lovh/corail/tombstone/registry/ModPotions; to the game event bus
[13Nov2025 07:43:54.526] [modloading-worker-0/DEBUG] [net.neoforged.fml.javafmlmod.AutomaticEventSubscriber/LOADING]: Scanning class ovh.corail.tombstone.perk.PerkRegistry for @SubscribeEvent-annotated methods
[13Nov2025 07:43:54.527] [modloading-worker-0/DEBUG] [net.neoforged.fml.javafmlmod.AutomaticEventSubscriber/]: Subscribing @EventBusSubscriber class Lovh/corail/tombstone/perk/PerkRegistry; to the mod event bus of mod tombstone
[13Nov2025 07:43:54.530] [modloading-worker-0/DEBUG] [net.neoforged.fml.javafmlmod.AutomaticEventSubscriber/LOADING]: Scanning class ovh.corail.tombstone.network.PacketHandler for @SubscribeEvent-annotated methods
[13Nov2025 07:43:54.531] [modloading-worker-0/DEBUG] [net.neoforged.fml.javafmlmod.AutomaticEventSubscriber/]: Subscribing @EventBusSubscriber class Lovh/corail/tombstone/network/PacketHandler; to the mod event bus of mod tombstone
[13Nov2025 07:43:54.531] [modloading-worker-0/DEBUG] [net.neoforged.fml.javafmlmod.AutomaticEventSubscriber/LOADING]: Scanning class ovh.corail.tombstone.helper.PlacedBlocksTracker$PlacedBlocksEvents for @SubscribeEvent-annotated methods
[13Nov2025 07:43:54.533] [modloading-worker-0/DEBUG] [net.neoforged.fml.javafmlmod.AutomaticEventSubscriber/]: Subscribing @EventBusSubscriber class Lovh/corail/tombstone/helper/PlacedBlocksTracker$PlacedBlocksEvents; to the game event bus
[13Nov2025 07:43:54.533] [modloading-worker-0/DEBUG] [net.neoforged.fml.javafmlmod.AutomaticEventSubscriber/LOADING]: Scanning class ovh.corail.tombstone.helper.LootHelper for @SubscribeEvent-annotated methods
[13Nov2025 07:43:54.548] [modloading-worker-0/DEBUG] [net.neoforged.fml.javafmlmod.AutomaticEventSubscriber/]: Subscribing @EventBusSubscriber class Lovh/corail/tombstone/helper/LootHelper; to the game event bus
[13Nov2025 07:43:54.553] [modloading-worker-0/DEBUG] [net.neoforged.fml.javafmlmod.AutomaticEventSubscriber/LOADING]: Scanning class ovh.corail.tombstone.event.EventHandler for @SubscribeEvent-annotated methods
[13Nov2025 07:43:54.567] [modloading-worker-0/DEBUG] [net.neoforged.fml.javafmlmod.AutomaticEventSubscriber/]: Subscribing @EventBusSubscriber class Lovh/corail/tombstone/event/EventHandler; to the game event bus
[13Nov2025 07:43:54.575] [modloading-worker-0/DEBUG] [net.neoforged.fml.javafmlmod.AutomaticEventSubscriber/LOADING]: Scanning class ovh.corail.tombstone.config.ConfigTombstone$ConfigEvent for @SubscribeEvent-annotated methods
[13Nov2025 07:43:54.576] [modloading-worker-0/DEBUG] [net.neoforged.fml.javafmlmod.AutomaticEventSubscriber/]: Subscribing @EventBusSubscriber class Lovh/corail/tombstone/config/ConfigTombstone$ConfigEvent; to the mod event bus of mod tombstone
[13Nov2025 07:43:54.593] [modloading-worker-0/DEBUG] [net.neoforged.fml.javafmlmod.AutomaticEventSubscriber/LOADING]: Attempting to inject @EventBusSubscriber classes into the eventbus for mvs
[13Nov2025 07:43:54.593] [modloading-worker-0/DEBUG] [net.neoforged.fml.javafmlmod.AutomaticEventSubscriber/LOADING]: Scanning class com.finndog.mvs.datagen.StructureNbtUpdaterDatagen for @SubscribeEvent-annotated methods
[13Nov2025 07:43:54.594] [modloading-worker-0/DEBUG] [net.neoforged.fml.javafmlmod.AutomaticEventSubscriber/]: Subscribing @EventBusSubscriber class Lcom/finndog/mvs/datagen/StructureNbtUpdaterDatagen; to the mod event bus of mod mvs
[13Nov2025 07:43:54.624] [modloading-worker-0/DEBUG] [mixin/]: Mixing EntityTrackerEntryMixin from uranus.mixins.json into net.minecraft.server.level.ServerEntity
[13Nov2025 07:43:54.624] [modloading-worker-0/DEBUG] [mixin/]: uranus.mixins.json:EntityTrackerEntryMixin from mod uranus: Class version 65 required is higher than the class version supported by the current version of Mixin (JAVA_17 supports class version 61)
[13Nov2025 07:43:54.626] [modloading-worker-0/DEBUG] [mixin/]: uranus.mixins.json:EntityTrackerEntryMixin from mod uranus->@Inject::onStartTracking(Lnet/minecraft/server/level/ServerPlayer;Lorg/spongepowered/asm/mixin/injection/callback/CallbackInfo;)V doesn't use it's CallbackInfo
[13Nov2025 07:43:54.626] [modloading-worker-0/DEBUG] [mixin/]: uranus.mixins.json:EntityTrackerEntryMixin from mod uranus->@Inject::onStartTracking(Lnet/minecraft/server/level/ServerPlayer;Lorg/spongepowered/asm/mixin/injection/callback/CallbackInfo;)V has 0 override(s) in child classes
[13Nov2025 07:43:54.626] [modloading-worker-0/DEBUG] [mixin/]: uranus.mixins.json:EntityTrackerEntryMixin from mod uranus->@Inject::onStartTracking(Lnet/minecraft/server/level/ServerPlayer;Lorg/spongepowered/asm/mixin/injection/callback/CallbackInfo;)V won't be passed a CallbackInfo as a result
[13Nov2025 07:43:54.630] [modloading-worker-0/DEBUG] [net.neoforged.fml.javafmlmod.AutomaticEventSubscriber/LOADING]: Attempting to inject @EventBusSubscriber classes into the eventbus for architectury
[13Nov2025 07:43:54.639] [modloading-worker-0/DEBUG] [net.neoforged.fml.javafmlmod.AutomaticEventSubscriber/LOADING]: Attempting to inject @EventBusSubscriber classes into the eventbus for uranus
[13Nov2025 07:43:54.641] [modloading-worker-0/DEBUG] [net.neoforged.fml.config.ConfigTracker/CONFIG]: Config file appleskin-client.toml for appleskin tracking
[13Nov2025 07:43:54.641] [modloading-worker-0/DEBUG] [net.neoforged.fml.javafmlmod.AutomaticEventSubscriber/LOADING]: Attempting to inject @EventBusSubscriber classes into the eventbus for appleskin
[13Nov2025 07:43:54.642] [modloading-worker-0/DEBUG] [net.neoforged.fml.javafmlmod.AutomaticEventSubscriber/LOADING]: Attempting to inject @EventBusSubscriber classes into the eventbus for refurbished_furniture
[13Nov2025 07:43:54.643] [modloading-worker-0/DEBUG] [net.neoforged.fml.javafmlmod.AutomaticEventSubscriber/LOADING]: Scanning class com.mrcrayfish.furniture.refurbished.NeoForgeEvents for @SubscribeEvent-annotated methods
[13Nov2025 07:43:54.643] [modloading-worker-0/DEBUG] [net.neoforged.fml.javafmlmod.AutomaticEventSubscriber/]: Subscribing @EventBusSubscriber class Lcom/mrcrayfish/furniture/refurbished/NeoForgeEvents; to the game event bus
[13Nov2025 07:43:54.644] [modloading-worker-0/INFO] [Puzzles Lib/]: Constructing common components for puzzleslib:main
[13Nov2025 07:43:54.647] [modloading-worker-0/DEBUG] [net.neoforged.fml.javafmlmod.AutomaticEventSubscriber/LOADING]: Attempting to inject @EventBusSubscriber classes into the eventbus for puzzleslib
[13Nov2025 07:43:54.655] [modloading-worker-0/DEBUG] [Framework/]: Loaded com.mrcrayfish.framework.platform.NeoForgePlatformHelper@c65c0f8 for service interface com.mrcrayfish.framework.platform.services.IPlatformHelper
[13Nov2025 07:43:54.659] [modloading-worker-0/DEBUG] [Framework/]: Loaded com.mrcrayfish.framework.platform.NeoForgeNetworkHelper@396b4916 for service interface com.mrcrayfish.framework.platform.services.INetworkHelper
[13Nov2025 07:43:54.660] [modloading-worker-0/DEBUG] [Framework/]: Loaded com.mrcrayfish.framework.platform.NeoForgeRegistrationHelper@4fc9f000 for service interface com.mrcrayfish.framework.platform.services.IRegistrationHelper
[13Nov2025 07:43:54.660] [modloading-worker-0/DEBUG] [Framework/]: Loaded com.mrcrayfish.framework.platform.NeoForgeEntityHelper@444ec6de for service interface com.mrcrayfish.framework.platform.services.IEntityHelper
[13Nov2025 07:43:54.661] [modloading-worker-0/DEBUG] [Framework/]: Loaded com.mrcrayfish.framework.platform.NeoForgeConfigHelper@b3bed8b for service interface com.mrcrayfish.framework.platform.services.IConfigHelper
[13Nov2025 07:43:54.669] [modloading-worker-0/DEBUG] [net.neoforged.fml.javafmlmod.AutomaticEventSubscriber/LOADING]: Attempting to inject @EventBusSubscriber classes into the eventbus for iceandfire
[13Nov2025 07:43:54.670] [modloading-worker-0/DEBUG] [net.neoforged.fml.javafmlmod.AutomaticEventSubscriber/LOADING]: Scanning class com.iafenvoy.iceandfire.neoforge.IceAndFireNeoForge for @SubscribeEvent-annotated methods
[13Nov2025 07:43:54.670] [modloading-worker-0/DEBUG] [net.neoforged.fml.javafmlmod.AutomaticEventSubscriber/LOADING]: Found mix of game bus and mod bus listeners in @EventBusSubscriber class Lcom/iafenvoy/iceandfire/neoforge/IceAndFireNeoForge;, registering them separately
[13Nov2025 07:43:54.670] [modloading-worker-0/DEBUG] [net.neoforged.fml.javafmlmod.AutomaticEventSubscriber/LOADING]: Subscribing method public static void com.iafenvoy.iceandfire.neoforge.IceAndFireNeoForge.init(net.neoforged.fml.event.lifecycle.FMLCommonSetupEvent) to the event bus of mod iceandfire
[13Nov2025 07:43:54.670] [modloading-worker-0/DEBUG] [net.neoforged.fml.javafmlmod.AutomaticEventSubscriber/LOADING]: Subscribing method public static void com.iafenvoy.iceandfire.neoforge.IceAndFireNeoForge.registerBrewing(net.neoforged.neoforge.event.brewing.RegisterBrewingRecipesEvent) to the game event bus
[13Nov2025 07:43:54.671] [modloading-worker-0/DEBUG] [net.neoforged.fml.javafmlmod.AutomaticEventSubscriber/LOADING]: Scanning class com.iafenvoy.iceandfire.neoforge.IafAttachments for @SubscribeEvent-annotated methods
[13Nov2025 07:43:54.671] [modloading-worker-0/DEBUG] [net.neoforged.fml.javafmlmod.AutomaticEventSubscriber/]: Subscribing @EventBusSubscriber class Lcom/iafenvoy/iceandfire/neoforge/IafAttachments; to the game event bus
[13Nov2025 07:43:54.675] [modloading-worker-0/INFO] [be.florens.expandability.ExpandAbility/]: ExpandAbility here, who dis?
[13Nov2025 07:43:54.676] [modloading-worker-0/DEBUG] [net.neoforged.fml.javafmlmod.AutomaticEventSubscriber/LOADING]: Attempting to inject @EventBusSubscriber classes into the eventbus for expandability
[13Nov2025 07:43:54.676] [modloading-worker-0/DEBUG] [net.neoforged.fml.javafmlmod.AutomaticEventSubscriber/LOADING]: Attempting to inject @EventBusSubscriber classes into the eventbus for journeymap_api
[13Nov2025 07:43:54.677] [modloading-worker-0/DEBUG] [playerrevive/]: Created network playerrevive:main
[13Nov2025 07:43:54.681] [modloading-worker-0/DEBUG] [net.neoforged.fml.javafmlmod.AutomaticEventSubscriber/LOADING]: Attempting to inject @EventBusSubscriber classes into the eventbus for playerrevive
[13Nov2025 07:43:54.703] [modloading-worker-0/DEBUG] [MrCrayfish's Furniture Mod: Refurbished/]: Loaded com.mrcrayfish.furniture.refurbished.platform.NeoForgePlatformHelper@4d7ea919 for service interface com.mrcrayfish.furniture.refurbished.platform.services.IPlatformHelper
[13Nov2025 07:43:54.709] [modloading-worker-0/DEBUG] [MrCrayfish's Furniture Mod: Refurbished/]: Loaded com.mrcrayfish.furniture.refurbished.platform.NeoForgeBlockHelper@4d8d3891 for service interface com.mrcrayfish.furniture.refurbished.platform.services.IBlockHelper
[13Nov2025 07:43:54.710] [modloading-worker-0/DEBUG] [net.neoforged.fml.config.ConfigTracker/CONFIG]: Config file extragems-server.toml for extragems tracking
[13Nov2025 07:43:54.710] [modloading-worker-0/DEBUG] [net.neoforged.fml.config.ConfigTracker/CONFIG]: Config file extragems-client.toml for extragems tracking
[13Nov2025 07:43:54.711] [modloading-worker-0/DEBUG] [net.neoforged.fml.javafmlmod.AutomaticEventSubscriber/LOADING]: Attempting to inject @EventBusSubscriber classes into the eventbus for extragems
[13Nov2025 07:43:54.711] [modloading-worker-0/DEBUG] [net.neoforged.fml.javafmlmod.AutomaticEventSubscriber/LOADING]: Scanning class xxrexraptorxx.extragems.world.Events for @SubscribeEvent-annotated methods
[13Nov2025 07:43:54.712] [modloading-worker-0/DEBUG] [net.neoforged.fml.javafmlmod.AutomaticEventSubscriber/]: Subscribing @EventBusSubscriber class Lxxrexraptorxx/extragems/world/Events; to the game event bus
[13Nov2025 07:43:54.713] [modloading-worker-0/DEBUG] [net.neoforged.fml.javafmlmod.AutomaticEventSubscriber/LOADING]: Scanning class xxrexraptorxx.extragems.datagen.DataGenerators for @SubscribeEvent-annotated methods
[13Nov2025 07:43:54.714] [modloading-worker-0/DEBUG] [net.neoforged.fml.javafmlmod.AutomaticEventSubscriber/]: Subscribing @EventBusSubscriber class Lxxrexraptorxx/extragems/datagen/DataGenerators; to the mod event bus of mod extragems
[13Nov2025 07:43:54.716] [modloading-worker-0/DEBUG] [MrCrayfish's Furniture Mod: Refurbished/]: Loaded com.mrcrayfish.furniture.refurbished.platform.NeoForgeBlockEntityHelper@5132f569 for service interface com.mrcrayfish.furniture.refurbished.platform.services.IBlockEntityHelper
[13Nov2025 07:43:54.717] [modloading-worker-0/DEBUG] [net.neoforged.fml.javafmlmod.AutomaticEventSubscriber/LOADING]: Attempting to inject @EventBusSubscriber classes into the eventbus for securitycraft
[13Nov2025 07:43:54.717] [modloading-worker-0/DEBUG] [MrCrayfish's Furniture Mod: Refurbished/]: Loaded com.mrcrayfish.furniture.refurbished.platform.NeoForgeItemHelper@4774969b for service interface com.mrcrayfish.furniture.refurbished.platform.services.IItemHelper
[13Nov2025 07:43:54.717] [modloading-worker-0/DEBUG] [net.neoforged.fml.javafmlmod.AutomaticEventSubscriber/LOADING]: Scanning class net.geforcemods.securitycraft.SecurityCraft for @SubscribeEvent-annotated methods
[13Nov2025 07:43:54.717] [modloading-worker-0/DEBUG] [MrCrayfish's Furniture Mod: Refurbished/]: Loaded com.mrcrayfish.furniture.refurbished.platform.NeoForgeEntityHelper@7a082083 for service interface com.mrcrayfish.furniture.refurbished.platform.services.IEntityHelper
[13Nov2025 07:43:54.718] [modloading-worker-0/DEBUG] [net.neoforged.fml.javafmlmod.AutomaticEventSubscriber/]: Subscribing @EventBusSubscriber class Lnet/geforcemods/securitycraft/SecurityCraft; to the mod event bus of mod securitycraft
[13Nov2025 07:43:54.718] [modloading-worker-0/DEBUG] [MrCrayfish's Furniture Mod: Refurbished/]: Loaded com.mrcrayfish.furniture.refurbished.platform.NeoForgeRecipeHelper@48dfe64a for service interface com.mrcrayfish.furniture.refurbished.platform.services.IRecipeHelper
[13Nov2025 07:43:54.719] [modloading-worker-0/DEBUG] [net.neoforged.fml.javafmlmod.AutomaticEventSubscriber/LOADING]: Scanning class net.geforcemods.securitycraft.SCEventHandler for @SubscribeEvent-annotated methods
[13Nov2025 07:43:54.719] [modloading-worker-0/DEBUG] [MrCrayfish's Furniture Mod: Refurbished/]: Loaded com.mrcrayfish.furniture.refurbished.platform.NeoForgeFluidHelper@3a595366 for service interface com.mrcrayfish.furniture.refurbished.platform.services.IFluidHelper
[13Nov2025 07:43:54.720] [modloading-worker-0/DEBUG] [MrCrayfish's Furniture Mod: Refurbished/]: Loaded com.mrcrayfish.furniture.refurbished.platform.NeoForgeTagHelper@738bfa93 for service interface com.mrcrayfish.furniture.refurbished.platform.services.ITagHelper
[13Nov2025 07:43:54.722] [modloading-worker-0/DEBUG] [MrCrayfish's Furniture Mod: Refurbished/]: Loaded com.mrcrayfish.furniture.refurbished.platform.NeoForgeMenuHelper@6f422605 for service interface com.mrcrayfish.furniture.refurbished.platform.services.IMenuHelper
[13Nov2025 07:43:54.722] [modloading-worker-0/DEBUG] [net.neoforged.fml.javafmlmod.AutomaticEventSubscriber/]: Subscribing @EventBusSubscriber class Lnet/geforcemods/securitycraft/SCEventHandler; to the game event bus
[13Nov2025 07:43:54.728] [modloading-worker-0/DEBUG] [net.neoforged.fml.javafmlmod.AutomaticEventSubscriber/LOADING]: Scanning class net.geforcemods.securitycraft.RegistrationHandler for @SubscribeEvent-annotated methods
[13Nov2025 07:43:54.730] [modloading-worker-0/DEBUG] [net.neoforged.fml.javafmlmod.AutomaticEventSubscriber/]: Subscribing @EventBusSubscriber class Lnet/geforcemods/securitycraft/RegistrationHandler; to the mod event bus of mod securitycraft
[13Nov2025 07:43:54.731] [modloading-worker-0/DEBUG] [net.neoforged.fml.javafmlmod.AutomaticEventSubscriber/LOADING]: Scanning class net.geforcemods.securitycraft.ConfigHandler for @SubscribeEvent-annotated methods
[13Nov2025 07:43:54.731] [modloading-worker-0/DEBUG] [net.neoforged.fml.javafmlmod.AutomaticEventSubscriber/]: Subscribing @EventBusSubscriber class Lnet/geforcemods/securitycraft/ConfigHandler; to the mod event bus of mod securitycraft
[13Nov2025 07:43:54.733] [modloading-worker-0/DEBUG] [net.neoforged.fml.javafmlmod.AutomaticEventSubscriber/LOADING]: Scanning class net.geforcemods.securitycraft.api.SecurityCraftAPI for @SubscribeEvent-annotated methods
[13Nov2025 07:43:54.734] [modloading-worker-0/DEBUG] [net.neoforged.fml.javafmlmod.AutomaticEventSubscriber/]: Subscribing @EventBusSubscriber class Lnet/geforcemods/securitycraft/api/SecurityCraftAPI; to the mod event bus of mod securitycraft
[13Nov2025 07:43:54.773] [modloading-worker-0/DEBUG] [net.neoforged.fml.javafmlmod.AutomaticEventSubscriber/LOADING]: Attempting to inject @EventBusSubscriber classes into the eventbus for twilightforest
[13Nov2025 07:43:54.773] [modloading-worker-0/DEBUG] [net.neoforged.fml.javafmlmod.AutomaticEventSubscriber/LOADING]: Scanning class twilightforest.events.ToolEvents for @SubscribeEvent-annotated methods
[13Nov2025 07:43:54.774] [modloading-worker-0/DEBUG] [net.neoforged.fml.javafmlmod.AutomaticEventSubscriber/]: Subscribing @EventBusSubscriber class Ltwilightforest/events/ToolEvents; to the game event bus
[13Nov2025 07:43:54.775] [modloading-worker-0/DEBUG] [net.neoforged.fml.javafmlmod.AutomaticEventSubscriber/LOADING]: Scanning class twilightforest.events.HostileMountEvents for @SubscribeEvent-annotated methods
[13Nov2025 07:43:54.776] [modloading-worker-0/DEBUG] [net.neoforged.fml.javafmlmod.AutomaticEventSubscriber/]: Subscribing @EventBusSubscriber class Ltwilightforest/events/HostileMountEvents; to the game event bus
[13Nov2025 07:43:54.777] [modloading-worker-0/DEBUG] [net.neoforged.fml.javafmlmod.AutomaticEventSubscriber/LOADING]: Scanning class twilightforest.events.MiscEvents for @SubscribeEvent-annotated methods
[13Nov2025 07:43:54.778] [modloading-worker-0/DEBUG] [net.neoforged.fml.javafmlmod.AutomaticEventSubscriber/]: Subscribing @EventBusSubscriber class Ltwilightforest/events/MiscEvents; to the game event bus
[13Nov2025 07:43:54.779] [modloading-worker-0/DEBUG] [net.neoforged.fml.javafmlmod.AutomaticEventSubscriber/LOADING]: Scanning class twilightforest.events.CharmEvents for @SubscribeEvent-annotated methods
[13Nov2025 07:43:54.780] [modloading-worker-0/DEBUG] [net.neoforged.fml.javafmlmod.AutomaticEventSubscriber/]: Subscribing @EventBusSubscriber class Ltwilightforest/events/CharmEvents; to the game event bus
[13Nov2025 07:43:54.781] [modloading-worker-0/DEBUG] [net.neoforged.fml.javafmlmod.AutomaticEventSubscriber/LOADING]: Scanning class twilightforest.events.CapabilityEvents for @SubscribeEvent-annotated methods
[13Nov2025 07:43:54.781] [modloading-worker-0/DEBUG] [net.neoforged.fml.javafmlmod.AutomaticEventSubscriber/]: Subscribing @EventBusSubscriber class Ltwilightforest/events/CapabilityEvents; to the game event bus
[13Nov2025 07:43:54.783] [modloading-worker-0/DEBUG] [net.neoforged.fml.javafmlmod.AutomaticEventSubscriber/LOADING]: Scanning class twilightforest.events.TFTickHandler for @SubscribeEvent-annotated methods
[13Nov2025 07:43:54.784] [modloading-worker-0/DEBUG] [net.neoforged.fml.javafmlmod.AutomaticEventSubscriber/]: Subscribing @EventBusSubscriber class Ltwilightforest/events/TFTickHandler; to the game event bus
[13Nov2025 07:43:54.784] [modloading-worker-0/DEBUG] [net.neoforged.fml.javafmlmod.AutomaticEventSubscriber/LOADING]: Scanning class twilightforest.events.ProgressionEvents for @SubscribeEvent-annotated methods
[13Nov2025 07:43:54.785] [modloading-worker-0/DEBUG] [net.neoforged.fml.javafmlmod.AutomaticEventSubscriber/]: Subscribing @EventBusSubscriber class Ltwilightforest/events/ProgressionEvents; to the game event bus
[13Nov2025 07:43:54.786] [modloading-worker-0/DEBUG] [net.neoforged.fml.javafmlmod.AutomaticEventSubscriber/LOADING]: Scanning class twilightforest.events.EntityEvents for @SubscribeEvent-annotated methods
[13Nov2025 07:43:54.788] [modloading-worker-0/DEBUG] [net.neoforged.fml.javafmlmod.AutomaticEventSubscriber/]: Subscribing @EventBusSubscriber class Ltwilightforest/events/EntityEvents; to the game event bus
[13Nov2025 07:43:54.792] [modloading-worker-0/DEBUG] [net.neoforged.fml.javafmlmod.AutomaticEventSubscriber/LOADING]: Scanning class twilightforest.item.OreMagnetItem for @SubscribeEvent-annotated methods
[13Nov2025 07:43:54.794] [modloading-worker-0/DEBUG] [net.neoforged.fml.javafmlmod.AutomaticEventSubscriber/]: Subscribing @EventBusSubscriber class Ltwilightforest/item/OreMagnetItem; to the game event bus
[13Nov2025 07:43:54.794] [modloading-worker-0/DEBUG] [net.neoforged.fml.javafmlmod.AutomaticEventSubscriber/LOADING]: Scanning class twilightforest.init.TFEntities for @SubscribeEvent-annotated methods
[13Nov2025 07:43:54.794] [modloading-worker-0/DEBUG] [net.neoforged.fml.javafmlmod.AutomaticEventSubscriber/]: Subscribing @EventBusSubscriber class Ltwilightforest/init/TFEntities; to the mod event bus of mod twilightforest
[13Nov2025 07:43:54.795] [modloading-worker-0/DEBUG] [net.neoforged.fml.javafmlmod.AutomaticEventSubscriber/LOADING]: Scanning class twilightforest.data.DataGenerators for @SubscribeEvent-annotated methods
[13Nov2025 07:43:54.796] [modloading-worker-0/DEBUG] [net.neoforged.fml.javafmlmod.AutomaticEventSubscriber/]: Subscribing @EventBusSubscriber class Ltwilightforest/data/DataGenerators; to the mod event bus of mod twilightforest
[13Nov2025 07:43:54.796] [modloading-worker-0/DEBUG] [net.neoforged.fml.javafmlmod.AutomaticEventSubscriber/LOADING]: Scanning class twilightforest.loot.modifiers.GiantToolGroupingModifier for @SubscribeEvent-annotated methods
[13Nov2025 07:43:54.798] [modloading-worker-0/DEBUG] [net.neoforged.fml.javafmlmod.AutomaticEventSubscriber/]: Subscribing @EventBusSubscriber class Ltwilightforest/loot/modifiers/GiantToolGroupingModifier; to the game event bus
[13Nov2025 07:43:54.975] [modloading-worker-0/DEBUG] [net.neoforged.fml.javafmlmod.AutomaticEventSubscriber/LOADING]: Attempting to inject @EventBusSubscriber classes into the eventbus for framework
[13Nov2025 07:43:54.981] [modloading-sync-worker/DEBUG] [net.neoforged.fml.DeferredWorkQueue/LOADING]: Dispatching synchronous work for work queue Mod Construction: 1 jobs
[13Nov2025 07:43:54.986] [modloading-sync-worker/DEBUG] [net.neoforged.fml.config.ConfigTracker/CONFIG]: Config file bosses_rise_config.toml for block_factorys_bosses tracking
[13Nov2025 07:43:54.988] [modloading-sync-worker/DEBUG] [net.neoforged.fml.DeferredWorkQueue/LOADING]: Synchronous work queue completed in 4.139 ms
[13Nov2025 07:43:55.236] [modloading-sync-worker/DEBUG] [mixin/]: Mixing MixinOctavePerlinNoiseSampler from c2me-opts-math.mixins.json into net.minecraft.world.level.levelgen.synth.PerlinNoise
[13Nov2025 07:43:55.239] [modloading-sync-worker/DEBUG] [mixin/]: Mixing access.IOctavePerlinNoiseSampler from c2me-base.mixins.json into net.minecraft.world.level.levelgen.synth.PerlinNoise
[13Nov2025 07:43:55.242] [modloading-sync-worker/DEBUG] [mixin/]: c2me-opts-math.mixins.json:MixinOctavePerlinNoiseSampler from mod c2me_opts_math->@Inject::onInit(Lorg/spongepowered/asm/mixin/injection/callback/CallbackInfo;)V doesn't use it's CallbackInfo
[13Nov2025 07:43:55.242] [modloading-sync-worker/DEBUG] [mixin/]: c2me-opts-math.mixins.json:MixinOctavePerlinNoiseSampler from mod c2me_opts_math->@Inject::onInit(Lorg/spongepowered/asm/mixin/injection/callback/CallbackInfo;)V has 0 override(s) in child classes
[13Nov2025 07:43:55.242] [modloading-sync-worker/DEBUG] [mixin/]: c2me-opts-math.mixins.json:MixinOctavePerlinNoiseSampler from mod c2me_opts_math->@Inject::onInit(Lorg/spongepowered/asm/mixin/injection/callback/CallbackInfo;)V won't be passed a CallbackInfo as a result
[13Nov2025 07:43:55.244] [modloading-sync-worker/DEBUG] [mixin/]: Mixing MixinPerlinNoiseSampler from c2me-opts-math.mixins.json into net.minecraft.world.level.levelgen.synth.ImprovedNoise
[13Nov2025 07:43:55.249] [modloading-sync-worker/DEBUG] [mixin/]: Mixing access.IPerlinNoiseSampler from c2me-base.mixins.json into net.minecraft.world.level.levelgen.synth.ImprovedNoise
[13Nov2025 07:43:55.255] [modloading-sync-worker/DEBUG] [mixin/]: Mixing access.IAtomicSimpleRandomDeriver from c2me-base.mixins.json into net.minecraft.world.level.levelgen.LegacyRandomSource$LegacyPositionalRandomFactory
[13Nov2025 07:43:55.256] [modloading-sync-worker/DEBUG] [mixin/]: Mixing random_instances.MixinAtomicSimpleRandomFactory from c2me-opts-worldgen-general.mixins.json into net.minecraft.world.level.levelgen.LegacyRandomSource$LegacyPositionalRandomFactory
[13Nov2025 07:43:55.258] [modloading-sync-worker/DEBUG] [mixin/]: Mixing access.ISimpleRandom from c2me-base.mixins.json into net.minecraft.world.level.levelgen.SingleThreadedRandomSource
[13Nov2025 07:43:56.384] [modloading-sync-worker/DEBUG] [mixin/]: Mixing MixinCuriosApi from curios.neoforge.mixins.json into top.theillusivec4.curios.api.CuriosApi
[13Nov2025 07:43:56.390] [modloading-sync-worker/DEBUG] [mixin/]: curios.neoforge.mixins.json:MixinCuriosApi from mod curios->@Inject::curios$registerCurio(Lnet/minecraft/world/item/Item;Ltop/theillusivec4/curios/api/type/capability/ICurioItem;Lorg/spongepowered/asm/mixin/injection/callback/CallbackInfo;)V does use it's CallbackInfo
[13Nov2025 07:43:56.390] [modloading-sync-worker/DEBUG] [mixin/]: curios.neoforge.mixins.json:MixinCuriosApi from mod curios->@Inject::curios$getSlots(ZLorg/spongepowered/asm/mixin/injection/callback/CallbackInfoReturnable;)V does use it's CallbackInfoReturnable
[13Nov2025 07:43:56.390] [modloading-sync-worker/DEBUG] [mixin/]: curios.neoforge.mixins.json:MixinCuriosApi from mod curios->@Inject::curios$getEntitySlots(Lnet/minecraft/world/entity/EntityType;ZLorg/spongepowered/asm/mixin/injection/callback/CallbackInfoReturnable;)V does use it's CallbackInfoReturnable
[13Nov2025 07:43:56.390] [modloading-sync-worker/DEBUG] [mixin/]: curios.neoforge.mixins.json:MixinCuriosApi from mod curios->@Inject::curios$getItemStackSlots(Lnet/minecraft/world/item/ItemStack;ZLorg/spongepowered/asm/mixin/injection/callback/CallbackInfoReturnable;)V does use it's CallbackInfoReturnable
[13Nov2025 07:43:56.390] [modloading-sync-worker/DEBUG] [mixin/]: curios.neoforge.mixins.json:MixinCuriosApi from mod curios->@Inject::curios$getItemStackSlots(Lnet/minecraft/world/item/ItemStack;Lnet/minecraft/world/entity/LivingEntity;Lorg/spongepowered/asm/mixin/injection/callback/CallbackInfoReturnable;)V does use it's CallbackInfoReturnable
[13Nov2025 07:43:56.390] [modloading-sync-worker/DEBUG] [mixin/]: curios.neoforge.mixins.json:MixinCuriosApi from mod curios->@Inject::curios$getCurio(Lnet/minecraft/world/item/ItemStack;Lorg/spongepowered/asm/mixin/injection/callback/CallbackInfoReturnable;)V does use it's CallbackInfoReturnable
[13Nov2025 07:43:56.390] [modloading-sync-worker/DEBUG] [mixin/]: curios.neoforge.mixins.json:MixinCuriosApi from mod curios->@Inject::curios$getCuriosInventory(Lnet/minecraft/world/entity/LivingEntity;Lorg/spongepowered/asm/mixin/injection/callback/CallbackInfoReturnable;)V does use it's CallbackInfoReturnable
[13Nov2025 07:43:56.390] [modloading-sync-worker/DEBUG] [mixin/]: curios.neoforge.mixins.json:MixinCuriosApi from mod curios->@Inject::curios$isStackValid(Ltop/theillusivec4/curios/api/SlotContext;Lnet/minecraft/world/item/ItemStack;Lorg/spongepowered/asm/mixin/injection/callback/CallbackInfoReturnable;)V does use it's CallbackInfoReturnable
[13Nov2025 07:43:56.390] [modloading-sync-worker/DEBUG] [mixin/]: curios.neoforge.mixins.json:MixinCuriosApi from mod curios->@Inject::curios$getAttributeModifiers(Ltop/theillusivec4/curios/api/SlotContext;Lnet/minecraft/resources/ResourceLocation;Lnet/minecraft/world/item/ItemStack;Lorg/spongepowered/asm/mixin/injection/callback/CallbackInfoReturnable;)V does use it's CallbackInfoReturnable
[13Nov2025 07:43:56.390] [modloading-sync-worker/DEBUG] [mixin/]: curios.neoforge.mixins.json:MixinCuriosApi from mod curios->@Inject::curios$addSlotModifier(Lcom/google/common/collect/Multimap;Ljava/lang/String;Lnet/minecraft/resources/ResourceLocation;DLnet/minecraft/world/entity/ai/attributes/AttributeModifier$Operation;Lorg/spongepowered/asm/mixin/injection/callback/CallbackInfo;)V does use it's CallbackInfo
[13Nov2025 07:43:56.390] [modloading-sync-worker/DEBUG] [mixin/]: curios.neoforge.mixins.json:MixinCuriosApi from mod curios->@Inject::curios$addSlotModifier(Lnet/minecraft/world/item/ItemStack;Ljava/lang/String;Lnet/minecraft/resources/ResourceLocation;DLnet/minecraft/world/entity/ai/attributes/AttributeModifier$Operation;Ljava/lang/String;Lorg/spongepowered/asm/mixin/injection/callback/CallbackInfo;)V does use it's CallbackInfo
[13Nov2025 07:43:56.390] [modloading-sync-worker/DEBUG] [mixin/]: curios.neoforge.mixins.json:MixinCuriosApi from mod curios->@Inject::curios$addModifier(Lnet/minecraft/world/item/ItemStack;Lnet/minecraft/core/Holder;Lnet/minecraft/resources/ResourceLocation;DLnet/minecraft/world/entity/ai/attributes/AttributeModifier$Operation;Ljava/lang/String;Lorg/spongepowered/asm/mixin/injection/callback/CallbackInfo;)V does use it's CallbackInfo
[13Nov2025 07:43:56.391] [modloading-sync-worker/DEBUG] [mixin/]: curios.neoforge.mixins.json:MixinCuriosApi from mod curios->@Inject::curios$registerCurioPredicate(Lnet/minecraft/resources/ResourceLocation;Ljava/util/function/Predicate;Lorg/spongepowered/asm/mixin/injection/callback/CallbackInfo;)V does use it's CallbackInfo
[13Nov2025 07:43:56.391] [modloading-sync-worker/DEBUG] [mixin/]: curios.neoforge.mixins.json:MixinCuriosApi from mod curios->@Inject::curios$getCurioPredicate(Lnet/minecraft/resources/ResourceLocation;Lorg/spongepowered/asm/mixin/injection/callback/CallbackInfoReturnable;)V does use it's CallbackInfoReturnable
[13Nov2025 07:43:56.391] [modloading-sync-worker/DEBUG] [mixin/]: curios.neoforge.mixins.json:MixinCuriosApi from mod curios->@Inject::curios$getCurioPredicates(Lorg/spongepowered/asm/mixin/injection/callback/CallbackInfoReturnable;)V does use it's CallbackInfoReturnable
[13Nov2025 07:43:56.391] [modloading-sync-worker/DEBUG] [mixin/]: curios.neoforge.mixins.json:MixinCuriosApi from mod curios->@Inject::curios$testCurioPredicates(Ljava/util/Set;Ltop/theillusivec4/curios/api/SlotResult;Lorg/spongepowered/asm/mixin/injection/callback/CallbackInfoReturnable;)V does use it's CallbackInfoReturnable
[13Nov2025 07:43:56.391] [modloading-sync-worker/DEBUG] [mixin/]: curios.neoforge.mixins.json:MixinCuriosApi from mod curios->@Inject::curios$getUuid(Ltop/theillusivec4/curios/api/SlotContext;Lorg/spongepowered/asm/mixin/injection/callback/CallbackInfoReturnable;)V does use it's CallbackInfoReturnable
[13Nov2025 07:43:56.391] [modloading-sync-worker/DEBUG] [mixin/]: curios.neoforge.mixins.json:MixinCuriosApi from mod curios->@Inject::curios$broadcastCurioBreakEvent(Ltop/theillusivec4/curios/api/SlotContext;Lorg/spongepowered/asm/mixin/injection/callback/CallbackInfo;)V does use it's CallbackInfo
[13Nov2025 07:43:56.416] [modloading-sync-worker/DEBUG] [dev.architectury.core.item.ArchitecturySpawnEggItem/]: Registering spawn egg [unregistered] for iceandfire:fire_dragon
[13Nov2025 07:43:56.416] [modloading-sync-worker/DEBUG] [dev.architectury.core.item.ArchitecturySpawnEggItem/]: Registering spawn egg [unregistered] for iceandfire:ice_dragon
[13Nov2025 07:43:56.416] [modloading-sync-worker/DEBUG] [dev.architectury.core.item.ArchitecturySpawnEggItem/]: Registering spawn egg [unregistered] for iceandfire:lightning_dragon
[13Nov2025 07:43:56.416] [modloading-sync-worker/DEBUG] [dev.architectury.core.item.ArchitecturySpawnEggItem/]: Registering spawn egg [unregistered] for iceandfire:hippogryph
[13Nov2025 07:43:56.417] [modloading-sync-worker/DEBUG] [dev.architectury.core.item.ArchitecturySpawnEggItem/]: Registering spawn egg [unregistered] for iceandfire:gorgon
[13Nov2025 07:43:56.417] [modloading-sync-worker/DEBUG] [dev.architectury.core.item.ArchitecturySpawnEggItem/]: Registering spawn egg [unregistered] for iceandfire:pixie
[13Nov2025 07:43:56.417] [modloading-sync-worker/DEBUG] [dev.architectury.core.item.ArchitecturySpawnEggItem/]: Registering spawn egg [unregistered] for iceandfire:cyclops
[13Nov2025 07:43:56.418] [modloading-sync-worker/DEBUG] [dev.architectury.core.item.ArchitecturySpawnEggItem/]: Registering spawn egg [unregistered] for iceandfire:siren
[13Nov2025 07:43:56.418] [modloading-sync-worker/DEBUG] [dev.architectury.core.item.ArchitecturySpawnEggItem/]: Registering spawn egg [unregistered] for iceandfire:hippocampus
[13Nov2025 07:43:56.418] [modloading-sync-worker/DEBUG] [dev.architectury.core.item.ArchitecturySpawnEggItem/]: Registering spawn egg [unregistered] for iceandfire:deathworm
[13Nov2025 07:43:56.418] [modloading-sync-worker/DEBUG] [dev.architectury.core.item.ArchitecturySpawnEggItem/]: Registering spawn egg [unregistered] for iceandfire:cockatrice
[13Nov2025 07:43:56.418] [modloading-sync-worker/DEBUG] [dev.architectury.core.item.ArchitecturySpawnEggItem/]: Registering spawn egg [unregistered] for iceandfire:stymphalian_bird
[13Nov2025 07:43:56.418] [modloading-sync-worker/DEBUG] [dev.architectury.core.item.ArchitecturySpawnEggItem/]: Registering spawn egg [unregistered] for iceandfire:troll
[13Nov2025 07:43:56.418] [modloading-sync-worker/DEBUG] [dev.architectury.core.item.ArchitecturySpawnEggItem/]: Registering spawn egg [unregistered] for iceandfire:amphithere
[13Nov2025 07:43:56.418] [modloading-sync-worker/DEBUG] [dev.architectury.core.item.ArchitecturySpawnEggItem/]: Registering spawn egg [unregistered] for iceandfire:sea_serpent
[13Nov2025 07:43:56.418] [modloading-sync-worker/DEBUG] [dev.architectury.core.item.ArchitecturySpawnEggItem/]: Registering spawn egg [unregistered] for iceandfire:dread_thrall
[13Nov2025 07:43:56.418] [modloading-sync-worker/DEBUG] [dev.architectury.core.item.ArchitecturySpawnEggItem/]: Registering spawn egg [unregistered] for iceandfire:dread_ghoul
[13Nov2025 07:43:56.418] [modloading-sync-worker/DEBUG] [dev.architectury.core.item.ArchitecturySpawnEggItem/]: Registering spawn egg [unregistered] for iceandfire:dread_beast
[13Nov2025 07:43:56.418] [modloading-sync-worker/DEBUG] [dev.architectury.core.item.ArchitecturySpawnEggItem/]: Registering spawn egg [unregistered] for iceandfire:dread_scuttler
[13Nov2025 07:43:56.418] [modloading-sync-worker/DEBUG] [dev.architectury.core.item.ArchitecturySpawnEggItem/]: Registering spawn egg [unregistered] for iceandfire:dread_lich
[13Nov2025 07:43:56.418] [modloading-sync-worker/DEBUG] [dev.architectury.core.item.ArchitecturySpawnEggItem/]: Registering spawn egg [unregistered] for iceandfire:dread_knight
[13Nov2025 07:43:56.418] [modloading-sync-worker/DEBUG] [dev.architectury.core.item.ArchitecturySpawnEggItem/]: Registering spawn egg [unregistered] for iceandfire:dread_horse
[13Nov2025 07:43:56.418] [modloading-sync-worker/DEBUG] [dev.architectury.core.item.ArchitecturySpawnEggItem/]: Registering spawn egg [unregistered] for iceandfire:hydra
[13Nov2025 07:43:56.418] [modloading-sync-worker/DEBUG] [dev.architectury.core.item.ArchitecturySpawnEggItem/]: Registering spawn egg [unregistered] for iceandfire:ghost
[13Nov2025 07:43:56.586] [modloading-sync-worker/DEBUG] [mixin/]: Mixing DataMenuSupplierMixin from uteamcore.mixins.json into info.u_team.u_team_core.menutype.UMenuType$DataMenuSupplier
[13Nov2025 07:43:56.586] [modloading-sync-worker/DEBUG] [mixin/]: uteamcore.mixins.json:DataMenuSupplierMixin from mod uteamcore: Class version 65 required is higher than the class version supported by the current version of Mixin (JAVA_17 supports class version 61)
[13Nov2025 07:43:56.720] [modloading-sync-worker/DEBUG] [info.u_team.u_team_core.UCoreReference/]: Loaded service info.u_team.u_team_core.impl.NeoForgeCreativeModeTabRegisterBuilder@43b21978 for class interface info.u_team.u_team_core.api.registry.CreativeModeTabRegister$Builder
[13Nov2025 07:44:00.327] [modloading-sync-worker/DEBUG] [net.neoforged.fml.config.ConfigTracker/CONFIG]: Loading configs type COMMON
[13Nov2025 07:44:00.329] [modloading-sync-worker/INFO] [Puzzles Lib/]: Dispatching loading event for config mutantmonsters-common.toml
[13Nov2025 07:44:00.330] [modloading-sync-worker/DEBUG] [net.neoforged.fml.config.ConfigTracker/CONFIG]: Loaded TOML config file /workspaces/server2holaa/servidor_minecraft/config/mutantmonsters-common.toml
[13Nov2025 07:44:00.330] [modloading-sync-worker/DEBUG] [net.neoforged.fml.config.ConfigTracker/CONFIG]: Watching TOML config file /workspaces/server2holaa/servidor_minecraft/config/mutantmonsters-common.toml for changes
[13Nov2025 07:44:00.331] [modloading-sync-worker/DEBUG] [net.neoforged.neoforge.common.NeoForgeConfig/FORGEMOD]: Loaded NeoForge config file neoforge-common.toml
[13Nov2025 07:44:00.331] [modloading-sync-worker/DEBUG] [net.neoforged.fml.config.ConfigTracker/CONFIG]: Loaded TOML config file /workspaces/server2holaa/servidor_minecraft/config/neoforge-common.toml
[13Nov2025 07:44:00.331] [modloading-sync-worker/DEBUG] [net.neoforged.fml.config.ConfigTracker/CONFIG]: Watching TOML config file /workspaces/server2holaa/servidor_minecraft/config/neoforge-common.toml for changes
[13Nov2025 07:44:00.332] [modloading-sync-worker/DEBUG] [net.neoforged.fml.config.ConfigTracker/CONFIG]: Loaded TOML config file /workspaces/server2holaa/servidor_minecraft/config/usefulbackpacks-common.toml
[13Nov2025 07:44:00.332] [modloading-sync-worker/DEBUG] [net.neoforged.fml.config.ConfigTracker/CONFIG]: Watching TOML config file /workspaces/server2holaa/servidor_minecraft/config/usefulbackpacks-common.toml for changes
[13Nov2025 07:44:00.336] [modloading-sync-worker/DEBUG] [net.neoforged.fml.config.ConfigTracker/CONFIG]: Loaded TOML config file /workspaces/server2holaa/servidor_minecraft/config/twilightforest-common.toml
[13Nov2025 07:44:00.336] [modloading-sync-worker/DEBUG] [net.neoforged.fml.config.ConfigTracker/CONFIG]: Watching TOML config file /workspaces/server2holaa/servidor_minecraft/config/twilightforest-common.toml for changes
[13Nov2025 07:44:00.336] [modloading-sync-worker/DEBUG] [net.neoforged.fml.config.ConfigTracker/CONFIG]: Loaded TOML config file /workspaces/server2holaa/servidor_minecraft/config/curios-common.toml
[13Nov2025 07:44:00.336] [modloading-sync-worker/DEBUG] [net.neoforged.fml.config.ConfigTracker/CONFIG]: Watching TOML config file /workspaces/server2holaa/servidor_minecraft/config/curios-common.toml for changes
[13Nov2025 07:44:00.339] [modloading-sync-worker/DEBUG] [net.neoforged.fml.config.ConfigTracker/CONFIG]: Loaded TOML config file /workspaces/server2holaa/servidor_minecraft/config/tombstone-common.toml
[13Nov2025 07:44:00.339] [modloading-sync-worker/DEBUG] [net.neoforged.fml.config.ConfigTracker/CONFIG]: Watching TOML config file /workspaces/server2holaa/servidor_minecraft/config/tombstone-common.toml for changes
[13Nov2025 07:44:00.339] [modloading-sync-worker/DEBUG] [net.neoforged.fml.config.ConfigTracker/CONFIG]: Loaded TOML config file /workspaces/server2holaa/servidor_minecraft/config/bosses_rise_config.toml
[13Nov2025 07:44:00.340] [modloading-sync-worker/DEBUG] [net.neoforged.fml.config.ConfigTracker/CONFIG]: Watching TOML config file /workspaces/server2holaa/servidor_minecraft/config/bosses_rise_config.toml for changes
[13Nov2025 07:44:00.345] [modloading-worker-0/DEBUG] [twilightforest.beans.TFBeanContext/]: Processing registry objects
[13Nov2025 07:44:00.359] [modloading-worker-0/INFO] [com.iafenvoy.jupiter.Jupiter/]: 0 Jupiter entrypoint(s) detected: 
[13Nov2025 07:44:00.370] [modloading-worker-0/DEBUG] [twilightforest.beans.TFBeanContext/]: Finished processing registry objects in 25 ms
[13Nov2025 07:44:00.393] [modloading-sync-worker/DEBUG] [net.neoforged.fml.DeferredWorkQueue/LOADING]: Dispatching synchronous work for work queue Common setup: 9 jobs
[13Nov2025 07:44:00.647] [modloading-sync-worker/INFO] [Framework/SYNCED_ENTITY_DATA]: Registered synced data key refurbished_furniture:lock_yaw for refurbished_furniture:seat
[13Nov2025 07:44:00.669] [modloading-sync-worker/DEBUG] [net.neoforged.fml.DeferredWorkQueue/LOADING]: Synchronous work queue completed in 274.9 ms
[13Nov2025 07:44:00.720] [modloading-sync-worker/DEBUG] [net.neoforged.fml.DeferredWorkQueue/LOADING]: Dispatching synchronous work for work queue Complete loading of 66 mods: 2 jobs
[13Nov2025 07:44:00.743] [modloading-sync-worker/DEBUG] [net.neoforged.fml.DeferredWorkQueue/LOADING]: Synchronous work queue completed in 22.78 ms
[13Nov2025 07:44:00.941] [main/INFO] [com.mojang.authlib.yggdrasil.YggdrasilAuthenticationService/]: Environment: Environment[sessionHost=https://sessionserver.mojang.com, servicesHost=https://api.minecraftservices.com, name=PROD]
[13Nov2025 07:44:00.948] [NeoForge Version Check/INFO] [net.neoforged.fml.VersionChecker/]: [mutantmonsters] Starting version check at https://raw.githubusercontent.com/Fuzss/modresources/main/update/mutantmonsters.json
[13Nov2025 07:44:01.155] [main/DEBUG] [mixin/]: Mixing VanillaPackResourcesAccessor from creativecore.mixins.json into net.minecraft.server.packs.VanillaPackResources
[13Nov2025 07:44:01.157] [main/WARN] [net.minecraft.server.packs.VanillaPackResourcesBuilder/]: Assets URL 'union:/workspaces/server2holaa/servidor_minecraft/libraries/net/minecraft/server/1.21.1-20240808.144430/server-1.21.1-20240808.144430-srg.jar%23154!/assets/.mcassetsroot' uses unexpected schema
[13Nov2025 07:44:01.157] [main/WARN] [net.minecraft.server.packs.VanillaPackResourcesBuilder/]: Assets URL 'union:/workspaces/server2holaa/servidor_minecraft/libraries/net/minecraft/server/1.21.1-20240808.144430/server-1.21.1-20240808.144430-srg.jar%23154!/data/.mcassetsroot' uses unexpected schema
[13Nov2025 07:44:01.214] [main/DEBUG] [mixin/]: Mixing PathPackResourcesAccessor from creativecore.mixins.json into net.minecraft.server.packs.PathPackResources
[13Nov2025 07:44:01.304] [NeoForge Version Check/DEBUG] [net.neoforged.fml.VersionChecker/]: [mutantmonsters] Received version check data:
{
    "homepage": "https://github.com/Fuzss/mutantmonsters",
    "promos": {
        "1.19.2-latest": "4.0.6",
        "1.19.2-recommended": "4.0.6",
        "1.19.3-latest": "5.0.1",
        "1.19.3-recommended": "5.0.1",
        "1.19.4-latest": "6.0.2",
        "1.19.4-recommended": "6.0.2",
        "1.18.2-latest": "3.0.1",
        "1.18.2-recommended": "3.0.1",
        "1.20-latest": "7.0.0",
        "1.20-recommended": "7.0.0",
        "1.20.1-latest": "8.0.7",
        "1.20.1-recommended": "8.0.7",
        "1.20.4-latest": "20.4.1",
        "1.20.4-recommended": "20.4.1",
        "1.21.1-latest": "21.1.0",
        "1.21.1-recommended": "21.1.0",
        "1.21.3-latest": "21.3.1",
        "1.21.3-recommended": "21.3.1",
        "1.21.4-latest": "21.4.2",
        "1.21.4-recommended": "21.4.2",
        "1.21.5-latest": "21.5.1",
        "1.21.5-recommended": "21.5.1",
        "1.21.7-latest": "21.7.0",
        "1.21.7-recommended": "21.7.0",
        "1.21.8-latest": "21.8.0",
        "1.21.8-recommended": "21.8.0",
        "1.21.10-latest": "21.10.1",
        "1.21.10-recommended": "21.10.1",
        "1.21.9-latest": "21.9.0",
        "1.21.9-recommended": "21.9.0"
    }
}
[13Nov2025 07:44:01.305] [NeoForge Version Check/INFO] [net.neoforged.fml.VersionChecker/]: [mutantmonsters] Found status: UP_TO_DATE Current: 21.1.0 Target: null
[13Nov2025 07:44:01.306] [NeoForge Version Check/INFO] [net.neoforged.fml.VersionChecker/]: [dynamiclights] Starting version check at https://api.modrinth.com/updates/7YjclEGc/forge_updates.json?neoforge=only
[13Nov2025 07:44:01.316] [main/DEBUG] [mixin/]: Mixing resources.NamespaceResourceManagerAccessor from mss-common.mixins.json into net.minecraft.server.packs.resources.FallbackResourceManager
[13Nov2025 07:44:01.317] [main/DEBUG] [mixin/]: Mixing resources.NamespaceResourceManagerAccessor from mvs-common.mixins.json into net.minecraft.server.packs.resources.FallbackResourceManager
[13Nov2025 07:44:01.664] [NeoForge Version Check/DEBUG] [net.neoforged.fml.VersionChecker/]: [dynamiclights] Received version check data:
{"homepage":"https://modrinth.com/mod/7YjclEGc","promos":{"25w07a-recommended":"1.9+mod","25w17a-latest":"1.9+mod","23w12a-latest":"1.9+mod","25w31a-latest":"1.9+mod","24w10a-latest":"1.9+mod","1.19.1-recommended":"1.9+mod","1.19-pre2-recommended":"1.9+mod","1.18-recommended":"1.9+mod","1.19.1-pre4-latest":"1.9+mod","24w44a-latest":"1.9+mod","24w36a-recommended":"1.9+mod","23w43b-latest":"1.9+mod","25w32a-latest":"1.9+mod","1.20.5-pre1-recommended":"1.9+mod","25w04a-recommended":"1.9+mod","21w37a-latest":"1.9+mod","1.19.1-pre4-recommended":"1.9+mod","1.19.2-rc2-recommended":"1.9+mod","1.21.4-rc2-recommended":"1.9+mod","1.20-recommended":"1.9+mod","22w46a-latest":"1.9+mod","22w14a-recommended":"1.9+mod","1.20-pre1-recommended":"1.9+mod","1.21.1-rc1-recommended":"1.9+mod","23w43a-recommended":"1.9+mod","1.18.2-pre2-recommended":"1.9+mod","22w19a-latest":"1.9+mod","1.21.3-recommended":"1.9+mod","24w03a-latest":"1.9+mod","22w13a-latest":"1.9+mod","1.17.1-rc2-recommended":"1.9+mod","1.21.4-pre3-recommended":"1.9+mod","1.19.2-rc1-recommended":"1.9+mod","1.18-pre3-latest":"1.9+mod","1.20-pre7-latest":"1.9+mod","22w07a-recommended":"1.9+mod","1.20.5-recommended":"1.9+mod","24w05a-recommended":"1.9+mod","25w18a-recommended":"1.9+mod","22w43a-recommended":"1.9+mod","1.19-pre2-latest":"1.9+mod","25w09b-latest":"1.9+mod","1.21.2-pre4-latest":"1.9+mod","1.19-latest":"1.9+mod","1.18.1-pre1-latest":"1.9+mod","1.19.3-pre2-latest":"1.9+mod","22w46a-recommended":"1.9+mod","22w13oneblockatatime-recommended":"1.9+mod","1.20.1-recommended":"1.9+mod","23w35a-recommended":"1.9+mod","1.17-recommended":"1.9+mod","1.21-pre1-recommended":"1.9+mod","1.18-pre8-recommended":"1.9+mod","1.21.7-rc2-recommended":"1.9+mod","23w46a-latest":"1.9+mod","24w12a-recommended":"1.9+mod","24w34a-latest":"1.9+mod","1.21.2-pre3-recommended":"1.9+mod","1.19.1-pre3-latest":"1.9+mod","1.19.4-rc3-latest":"1.9+mod","24w46a-recommended":"1.9+mod","22w15a-recommended":"1.9+mod","22w12a-recommended":"1.9+mod","1.21.6-pre3-recommended":"1.9+mod","1.19.3-rc1-latest":"1.9+mod","1.20.3-pre4-recommended":"1.9+mod","1.21.9-pre4-recommended":"1.9+mod","24w19a-latest":"1.9+mod","25w02a-latest":"1.9+mod","22w15a-latest":"1.9+mod","1.18-rc4-latest":"1.9+mod","1.17.1-pre3-latest":"1.9+mod","1.20.5-pre2-latest":"1.9+mod","1.19.2-latest":"1.9+mod","1.20-pre5-latest":"1.9+mod","21w39a-latest":"1.9+mod","1.21.4-rc2-latest":"1.9+mod","24w33a-recommended":"1.9+mod","1.18.1-rc2-recommended":"1.9+mod","1.18.2-pre1-recommended":"1.9+mod","1.17.1-pre1-recommended":"1.9+mod","1.18-pre1-recommended":"1.9+mod","24w19a-recommended":"1.9+mod","23w44a-latest":"1.9+mod","1.18-rc4-recommended":"1.9+mod","1.19.4-latest":"1.9+mod","24w10a-recommended":"1.9+mod","1.20.6-rc1-recommended":"1.9+mod","24w35a-latest":"1.9+mod","25w36a-latest":"1.9+mod","1.21-recommended":"1.9+mod","25w10a-recommended":"1.9+mod","1.19.1-pre5-latest":"1.9+mod","1.19.4-pre1-latest":"1.9+mod","1.18.2-latest":"1.9+mod","24w21b-recommended":"1.9+mod","23w13a-recommended":"1.9+mod","25w09a-latest":"1.9+mod","1.18.2-pre3-latest":"1.9+mod","1.21.5-pre2-latest":"1.9+mod","24w13a-recommended":"1.9+mod","24w19b-recommended":"1.9+mod","24w14a-recommended":"1.9+mod","24w38a-latest":"1.9+mod","24w11a-recommended":"1.9+mod","1.18.2-rc1-latest":"1.9+mod","1.18-latest":"1.9+mod","23w03a-recommended":"1.9+mod","1.19-rc1-latest":"1.9+mod","1.19.3-pre1-recommended":"1.9+mod","1.20.2-pre3-latest":"1.9+mod","22w16a-recommended":"1.9+mod","1.21.6-pre1-latest":"1.9+mod","1.21.9-rc1-recommended":"1.9+mod","23w41a-recommended":"1.9+mod","24w20a-recommended":"1.9+mod","1.21.8-recommended":"1.9+mod","23w07a-latest":"1.9+mod","1.21.10-rc1-latest":"1.9+bump+mod","1.19.4-pre4-latest":"1.9+mod","24w14potato-latest":"1.9+mod","1.20.5-pre4-recommended":"1.9+mod","22w12a-latest":"1.9+mod","1.21.6-pre2-recommended":"1.9+mod","22w45a-recommended":"1.9+mod","1.19.4-pre2-latest":"1.9+mod","1.21.5-rc2-latest":"1.9+mod","1.20.6-rc1-latest":"1.9+mod","1.19-pre5-recommended":"1.9+mod","24w39a-recommended":"1.9+mod","21w38a-recommended":"1.9+mod","1.17.1-rc2-latest":"1.9+mod","23w14a-latest":"1.9+mod","23w05a-latest":"1.9+mod","1.20.3-pre3-latest":"1.9+mod","1.21.6-pre4-recommended":"1.9+mod","1.21.8-rc1-recommended":"1.9+mod","1.21.9-pre1-recommended":"1.9+mod","22w24a-latest":"1.9+mod","24w09a-recommended":"1.9+mod","1.21-pre4-recommended":"1.9+mod","1.21.7-recommended":"1.9+mod","24w18a-latest":"1.9+mod","1.20.2-pre2-recommended":"1.9+mod","1.21.9-rc1-latest":"1.9+mod","23w41a-latest":"1.9+mod","1.19-rc2-latest":"1.9+mod","1.19.4-rc1-latest":"1.9+mod","24w40a-recommended":"1.9+mod","1.20.5-rc1-latest":"1.9+mod","1.18.2-recommended":"1.9+mod","25w16a-latest":"1.9+mod","1.21.2-pre2-recommended":"1.9+mod","23w46a-recommended":"1.9+mod","24w36a-latest":"1.9+mod","25w06a-recommended":"1.9+mod","24w07a-latest":"1.9+mod","1.21.9-pre3-recommended":"1.9+mod","1.21.10-recommended":"1.9+bump+mod","1.20-pre3-latest":"1.9+mod","23w43a-latest":"1.9+mod","1.21.2-pre2-latest":"1.9+mod","1.19.3-rc3-latest":"1.9+mod","1.21.4-rc3-latest":"1.9+mod","25w32a-recommended":"1.9+mod","1.20-latest":"1.9+mod","1.18-pre4-recommended":"1.9+mod","21w39a-recommended":"1.9+mod","1.19.2-rc1-latest":"1.9+mod","23w18a-latest":"1.9+mod","23w17a-recommended":"1.9+mod","22w03a-recommended":"1.9+mod","23w04a-recommended":"1.9+mod","1.21.6-recommended":"1.9+mod","21w44a-latest":"1.9+mod","1.18.1-rc2-latest":"1.9+mod","1.20.4-rc1-recommended":"1.9+mod","22w17a-latest":"1.9+mod","22w18a-latest":"1.9+mod","1.18-pre2-latest":"1.9+mod","1.20-pre1-latest":"1.9+mod","1.19-pre5-latest":"1.9+mod","24w03b-latest":"1.9+mod","1.21.5-pre3-recommended":"1.9+mod","1.20.6-latest":"1.9+mod","1.21.2-pre3-latest":"1.9+mod","23w40a-recommended":"1.9+mod","1.17-latest":"1.9+mod","24w37a-latest":"1.9+mod","1.20-pre6-recommended":"1.9+mod","1.18-rc3-latest":"1.9+mod","1.21.2-pre5-latest":"1.9+mod","1.21.4-rc3-recommended":"1.9+mod","1.18-pre6-latest":"1.9+mod","1.19.1-rc1-recommended":"1.9+mod","1.18.2-rc1-recommended":"1.9+mod","25w20a-recommended":"1.9+mod","24w45a-recommended":"1.9+mod","22w45a-latest":"1.9+mod","1.18-pre5-recommended":"1.9+mod","1.19-pre1-recommended":"1.9+mod","23w51b-latest":"1.9+mod","25w08a-latest":"1.9+mod","23w12a-recommended":"1.9+mod","23w32a-latest":"1.9+mod","25w18a-latest":"1.9+mod","1.18-rc3-recommended":"1.9+mod","1.19.1-pre5-recommended":"1.9+mod","22w07a-latest":"1.9+mod","1.21.4-pre1-recommended":"1.9+mod","1.20.5-rc1-recommended":"1.9+mod","23w33a-latest":"1.9+mod","22w16b-latest":"1.9+mod","1.21.6-pre2-latest":"1.9+mod","22w03a-latest":"1.9+mod","24w44a-recommended":"1.9+mod","22w05a-latest":"1.9+mod","1.21-pre4-latest":"1.9+mod","1.21.2-pre1-recommended":"1.9+mod","1.19.4-rc2-recommended":"1.9+mod","1.20.5-pre3-recommended":"1.9+mod","24w21a-recommended":"1.9+mod","1.21.6-rc1-latest":"1.9+mod","1.18-pre1-latest":"1.9+mod","25w14craftmine-latest":"1.9+mod","1.17.1-recommended":"1.9+mod","25w19a-recommended":"1.9+mod","1.21.2-rc2-recommended":"1.9+mod","1.21.4-rc1-recommended":"1.9+mod","22w42a-recommended":"1.9+mod","22w44a-latest":"1.9+mod","1.21.7-rc1-recommended":"1.9+mod","22w14a-latest":"1.9+mod","1.18-rc2-recommended":"1.9+mod","1.19.1-pre1-latest":"1.9+mod","25w34a-latest":"1.9+mod","23w51a-recommended":"1.9+mod","1.20.5-pre2-recommended":"1.9+mod","24w38a-recommended":"1.9+mod","25w35a-recommended":"1.9+mod","1.20.2-pre2-latest":"1.9+mod","1.20.5-pre1-latest":"1.9+mod","1.21.4-pre3-latest":"1.9+mod","25w06a-latest":"1.9+mod","1.19-pre4-recommended":"1.9+mod","24w40a-latest":"1.9+mod","24w33a-latest":"1.9+mod","1.19.4-rc1-recommended":"1.9+mod","25w21a-recommended":"1.9+mod","1.20.2-pre1-latest":"1.9+mod","25w04a-latest":"1.9+mod","24w07a-recommended":"1.9+mod","1.21.2-pre4-recommended":"1.9+mod","1.20-pre5-recommended":"1.9+mod","1.21.2-pre5-recommended":"1.9+mod","1.21.5-rc1-recommended":"1.9+mod","25w33a-recommended":"1.9+mod","1.17.1-pre1-latest":"1.9+mod","1.20.2-pre4-latest":"1.9+mod","1.20.3-pre1-latest":"1.9+mod","1.20.2-pre3-recommended":"1.9+mod","1.19.1-pre1-recommended":"1.9+mod","1.19.1-rc3-latest":"1.9+mod","23w13a_or_b-latest":"1.9+mod","1.19.1-pre2-latest":"1.9+mod","22w19a-recommended":"1.9+mod","1.19.4-pre3-latest":"1.9+mod","1.18.1-rc3-recommended":"1.9+mod","23w51a-latest":"1.9+mod","1.21-latest":"1.9+mod","1.20.1-rc1-recommended":"1.9+mod","25w03a-latest":"1.9+mod","24w35a-recommended":"1.9+mod","1.19.3-rc3-recommended":"1.9+mod","22w17a-recommended":"1.9+mod","1.20-pre2-recommended":"1.9+mod","1.20.3-rc1-recommended":"1.9+mod","1.19.1-latest":"1.9+mod","1.20.3-latest":"1.9+mod","21w41a-latest":"1.9+mod","1.21.9-pre2-recommended":"1.9+mod","1.18-pre4-latest":"1.9+mod","1.18.1-rc3-latest":"1.9+mod","1.19.3-rc2-recommended":"1.9+mod","1.20-pre4-latest":"1.9+mod","1.21.6-rc1-recommended":"1.9+mod","1.21.5-rc1-latest":"1.9+mod","1.18-pre6-recommended":"1.9+mod","1.19.3-pre3-recommended":"1.9+mod","1.20.2-recommended":"1.9+mod","23w45a-recommended":"1.9+mod","25w34a-recommended":"1.9+mod","1.21.4-pre2-latest":"1.9+mod","1.19.4-rc3-recommended":"1.9+mod","1.20.2-pre4-recommended":"1.9+mod","1.21-pre3-latest":"1.9+mod","1.21-rc1-recommended":"1.9+mod","1.21.2-rc2-latest":"1.9+mod","1.20.4-rc1-latest":"1.9+mod","1.21-pre2-recommended":"1.9+mod","1.20.5-rc2-recommended":"1.9+mod","1.20-pre3-recommended":"1.9+mod","1.19-pre3-recommended":"1.9+mod","1.18.2-pre1-latest":"1.9+mod","1.21.2-latest":"1.9+mod","1.21.9-recommended":"1.9+mod","25w05a-recommended":"1.9+mod","23w06a-latest":"1.9+mod","1.20.5-pre4-latest":"1.9+mod","1.17.1-rc1-recommended":"1.9+mod","1.18.1-recommended":"1.9+mod","23w14a-recommended":"1.9+mod","1.19.1-rc2-recommended":"1.9+mod","1.20.1-rc1-latest":"1.9+mod","23w45a-latest":"1.9+mod","1.17.1-rc1-latest":"1.9+mod","22w05a-recommended":"1.9+mod","23w04a-latest":"1.9+mod","1.21.9-pre1-latest":"1.9+mod","1.19-recommended":"1.9+mod","1.19-pre1-latest":"1.9+mod","1.19.3-recommended":"1.9+mod","1.19.1-pre3-recommended":"1.9+mod","25w20a-latest":"1.9+mod","23w18a-recommended":"1.9+mod","1.19.2-recommended":"1.9+mod","1.21.4-pre1-latest":"1.9+mod","1.21.4-recommended":"1.9+mod","1.21.10-rc1-recommended":"1.9+bump+mod","21w44a-recommended":"1.9+mod","1.19-pre3-latest":"1.9+mod","21w42a-latest":"1.9+mod","22w11a-recommended":"1.9+mod","1.21.9-pre3-latest":"1.9+mod","1.21.4-pre2-recommended":"1.9+mod","23w07a-recommended":"1.9+mod","1.17.1-pre2-latest":"1.9+mod","25w07a-latest":"1.9+mod","21w43a-latest":"1.9+mod","21w42a-recommended":"1.9+mod","22w13a-recommended":"1.9+mod","25w17a-recommended":"1.9+mod","1.20.3-pre2-recommended":"1.9+mod","1.18.1-rc1-latest":"1.9+mod","1.19.3-pre2-recommended":"1.9+mod","1.21.8-latest":"1.9+mod","1.19.1-rc3-recommended":"1.9+mod","1.21.5-rc2-recommended":"1.9+mod","1.21.5-recommended":"1.9+mod","23w16a-recommended":"1.9+mod","24w12a-latest":"1.9+mod","23w33a-recommended":"1.9+mod","24w37a-recommended":"1.9+mod","1.20.2-rc1-latest":"1.9+mod","23w35a-latest":"1.9+mod","1.20.3-rc1-latest":"1.9+mod","1.20-pre6-latest":"1.9+mod","24w20a-latest":"1.9+mod","1.21.1-recommended":"1.9+mod","25w14craftmine-recommended":"1.9+mod","24w13a-latest":"1.9+mod","1.19-rc1-recommended":"1.9+mod","22w42a-latest":"1.9+mod","1.18-rc2-latest":"1.9+mod","22w16b-recommended":"1.9+mod","24w18a-recommended":"1.9+mod","1.21.2-pre1-latest":"1.9+mod","1.21.7-rc1-latest":"1.9+mod","25w33a-latest":"1.9+mod","1.21.3-latest":"1.9+mod","1.21.5-pre2-recommended":"1.9+mod","1.19.1-pre6-latest":"1.9+mod","25w35a-latest":"1.9+mod","1.20-pre7-recommended":"1.9+mod","1.18-pre7-latest":"1.9+mod","24w03b-recommended":"1.9+mod","1.20.5-latest":"1.9+mod","1.20.6-recommended":"1.9+mod","21w41a-recommended":"1.9+mod","1.20.3-pre3-recommended":"1.9+mod","1.19.2-rc2-latest":"1.9+mod","1.20-pre2-latest":"1.9+mod","1.17.1-pre3-recommended":"1.9+mod","25w34b-latest":"1.9+mod","1.20.5-rc2-latest":"1.9+mod","24w09a-latest":"1.9+mod","25w37a-recommended":"1.9+mod","1.21.8-rc1-latest":"1.9+mod","24w04a-latest":"1.9+mod","23w42a-recommended":"1.9+mod","23w44a-recommended":"1.9+mod","1.21-pre2-latest":"1.9+mod","21w43a-recommended":"1.9+mod","1.20.5-rc3-recommended":"1.9+mod","1.19.4-pre2-recommended":"1.9+mod","24w14potato-recommended":"1.9+mod","25w34b-recommended":"1.9+mod","22w11a-latest":"1.9+mod","1.20.4-latest":"1.9+mod","24w06a-latest":"1.9+mod","1.20.5-rc3-latest":"1.9+mod","1.21.2-recommended":"1.9+mod","25w05a-latest":"1.9+mod","1.21.9-latest":"1.9+mod","25w10a-latest":"1.9+mod","1.19.1-rc2-latest":"1.9+mod","1.20.3-pre2-latest":"1.9+mod","22w18a-recommended":"1.9+mod","25w36a-recommended":"1.9+mod","1.19.4-pre1-recommended":"1.9+mod","1.21.1-rc1-latest":"1.9+mod","1.19.3-latest":"1.9+mod","1.18.2-pre2-latest":"1.9+mod","1.21-pre3-recommended":"1.9+mod","21w37a-recommended":"1.9+mod","1.21.5-pre1-latest":"1.9+mod","1.19.3-pre1-latest":"1.9+mod","1.21.6-latest":"1.9+mod","24w03a-recommended":"1.9+mod","1.20.4-recommended":"1.9+mod","1.18.1-pre1-recommended":"1.9+mod","1.21.2-rc1-latest":"1.9+mod","23w32a-recommended":"1.9+mod","22w44a-recommended":"1.9+mod","25w09b-recommended":"1.9+mod","23w03a-latest":"1.9+mod","25w09a-recommended":"1.9+mod","1.19.3-rc2-latest":"1.9+mod","1.20.3-recommended":"1.9+mod","24w05b-recommended":"1.9+mod","25w19a-latest":"1.9+mod","23w31a-latest":"1.9+mod","23w51b-recommended":"1.9+mod","1.19.4-pre4-recommended":"1.9+mod","1.19.1-rc1-latest":"1.9+mod","25w21a-latest":"1.9+mod","23w31a-recommended":"1.9+mod","1.18-pre5-latest":"1.9+mod","1.21.5-pre1-recommended":"1.9+mod","23w05a-recommended":"1.9+mod","23w16a-latest":"1.9+mod","1.19.4-pre3-recommended":"1.9+mod","24w45a-latest":"1.9+mod","1.18-pre2-recommended":"1.9+mod","1.19.3-pre3-latest":"1.9+mod","1.19-pre4-latest":"1.9+mod","1.21.5-latest":"1.9+mod","1.20-rc1-recommended":"1.9+mod","24w04a-recommended":"1.9+mod","25w36b-recommended":"1.9+mod","21w40a-latest":"1.9+mod","1.19.4-recommended":"1.9+mod","22w24a-recommended":"1.9+mod","1.17.1-latest":"1.9+mod","23w17a-latest":"1.9+mod","23w13a_or_b-recommended":"1.9+mod","23w40a-latest":"1.9+mod","24w05a-latest":"1.9+mod","1.21.7-latest":"1.9+mod","1.20-pre4-recommended":"1.9+mod","1.19.1-pre2-recommended":"1.9+mod","1.21.1-latest":"1.9+mod","1.21.6-pre4-latest":"1.9+mod","25w02a-recommended":"1.9+mod","24w21a-latest":"1.9+mod","25w36b-latest":"1.9+mod","1.20.2-latest":"1.9+mod","1.18-pre8-latest":"1.9+mod","1.18-rc1-recommended":"1.9+mod","1.20-rc1-latest":"1.9+mod","1.18.2-pre3-recommended":"1.9+mod","1.20.2-rc1-recommended":"1.9+mod","1.21-pre1-latest":"1.9+mod","1.17.1-pre2-recommended":"1.9+mod","1.21.2-rc1-recommended":"1.9+mod","25w08a-recommended":"1.9+mod","25w37a-latest":"1.9+mod","1.21.9-pre4-latest":"1.9+mod","21w40a-recommended":"1.9+mod","24w21b-latest":"1.9+mod","1.21.5-pre3-latest":"1.9+mod","1.18.1-latest":"1.9+mod","1.21-rc1-latest":"1.9+mod","22w43a-latest":"1.9+mod","1.20.5-pre3-latest":"1.9+mod","1.19.4-rc2-latest":"1.9+mod","25w31a-recommended":"1.9+mod","25w15a-recommended":"1.9+mod","23w43b-recommended":"1.9+mod","22w16a-latest":"1.9+mod","1.21.9-pre2-latest":"1.9+mod","1.21.4-latest":"1.9+mod","24w14a-latest":"1.9+mod","1.20.2-rc2-recommended":"1.9+mod","24w19b-latest":"1.9+mod","1.19.3-rc1-recommended":"1.9+mod","24w06a-recommended":"1.9+mod","1.20.2-pre1-recommended":"1.9+mod","22w06a-latest":"1.9+mod","24w05b-latest":"1.9+mod","21w38a-latest":"1.9+mod","23w13a-latest":"1.9+mod","1.21.10-latest":"1.9+bump+mod","23w06a-recommended":"1.9+mod","1.21.4-rc1-latest":"1.9+mod","22w13oneblockatatime-latest":"1.9+mod","25w15a-latest":"1.9+mod","25w16a-recommended":"1.9+mod","1.20.3-pre4-latest":"1.9+mod","25w03a-recommended":"1.9+mod","1.20.1-latest":"1.9+mod","1.19-rc2-recommended":"1.9+mod","24w46a-latest":"1.9+mod","23w42a-latest":"1.9+mod","22w06a-recommended":"1.9+mod","24w39a-latest":"1.9+mod","1.18.1-rc1-recommended":"1.9+mod","1.21.7-rc2-latest":"1.9+mod","1.18-pre7-recommended":"1.9+mod","24w11a-latest":"1.9+mod","1.21.6-pre1-recommended":"1.9+mod","1.20.3-pre1-recommended":"1.9+mod","1.18-rc1-latest":"1.9+mod","1.20.2-rc2-latest":"1.9+mod","1.19.1-pre6-recommended":"1.9+mod","24w34a-recommended":"1.9+mod","1.21.6-pre3-latest":"1.9+mod","1.18-pre3-recommended":"1.9+mod"}}
[13Nov2025 07:44:01.665] [NeoForge Version Check/INFO] [net.neoforged.fml.VersionChecker/]: [dynamiclights] Found status: UP_TO_DATE Current: 1.9+mod Target: null
[13Nov2025 07:44:01.666] [NeoForge Version Check/INFO] [net.neoforged.fml.VersionChecker/]: [journeymap] Starting version check at https://neoforge.curseupdate.com/32274/journeymap
[13Nov2025 07:44:01.718] [NeoForge Version Check/DEBUG] [net.neoforged.fml.VersionChecker/]: [journeymap] Received version check data:
{"promos":{"1.20.1-latest":"5.9.18","1.20.1-recommended":"5.9.18","1.20.2-latest":"5.9.22","1.20.2-recommended":"5.9.22","1.20.3-latest":"5.9.18","1.20.3-recommended":"5.9.18","1.20.4-latest":"5.10.0","1.20.4-recommended":"5.10.0","1.20.5-latest":"5.9.27","1.20.5-recommended":"5.9.27","1.20.6-latest":"5.10.0","1.20.6-recommended":"5.10.0","1.21-latest":"1.21-6.0.0-beta.27","1.21.1-latest":"1.21.1-6.0.0-beta.52","1.21.4-latest":"1.21.4-6.0.0-beta.45","1.21.5-latest":"1.21.5-6.0.0-beta.52","1.21.6-latest":"1.21.6-6.0.0-beta.52","1.21.7-latest":"1.21.7-6.0.0-beta.53","1.21.8-latest":"1.21.8-6.0.0-beta.52"},"homepage":"https://www.curseforge.com/minecraft/mc-mods/journeymap"}
[13Nov2025 07:44:01.718] [NeoForge Version Check/INFO] [net.neoforged.fml.VersionChecker/]: [journeymap] Found status: BETA Current: 1.21.1-6.0.0-beta.52 Target: 1.21.1-6.0.0-beta.52
[13Nov2025 07:44:01.719] [NeoForge Version Check/INFO] [net.neoforged.fml.VersionChecker/]: [uteamcore] Starting version check at https://api.u-team.info/update/uteamcore_neoforge.json
[13Nov2025 07:44:01.767] [NeoForge Version Check/DEBUG] [net.neoforged.fml.VersionChecker/]: [uteamcore] Received version check data:
{
	"homepage": "https://www.curseforge.com/minecraft/mc-mods/u-team-core/files",
	"promos": {
		"1.20.4-latest": "5.3.0.301",
		"1.20.4-recommended": "5.3.0.301",
		"1.20.6-latest": "5.4.0.383",
		"1.20.6-recommended": "5.4.0.383",
		"1.21-latest": "5.6.0.328",
		"1.21-recommended": "5.6.0.328",
		"1.21.1-latest": "5.6.2.384",
		"1.21.1-recommended": "5.6.2.384"
	},
	"1.20.4": {
		"5.3.0.301": "https://github.com/MC-U-Team/U-Team-Core/blob/1.20.4/CHANGELOG.md"
	},
	"1.20.6": {
		"5.4.0.383": "https://github.com/MC-U-Team/U-Team-Core/blob/1.20.6/CHANGELOG.md"
	},
	"1.21": {
		"5.6.0.328": "https://github.com/MC-U-Team/U-Team-Core/blob/1.21/CHANGELOG.md"
	},
	"1.21.1": {
		"5.6.2.384": "https://github.com/MC-U-Team/U-Team-Core/blob/1.21.1/CHANGELOG.md"
	}
}
[13Nov2025 07:44:01.767] [NeoForge Version Check/INFO] [net.neoforged.fml.VersionChecker/]: [uteamcore] Found status: UP_TO_DATE Current: 5.6.2.384 Target: null
[13Nov2025 07:44:01.768] [NeoForge Version Check/INFO] [net.neoforged.fml.VersionChecker/]: [mr_sleep] Starting version check at https://api.modrinth.com/updates/WTzuSu8P/forge_updates.json?neoforge=only
[13Nov2025 07:44:01.931] [main/DEBUG] [mixin/]: Mixing access.IXoroshiro128PlusPlusRandom from c2me-base.mixins.json into net.minecraft.world.level.levelgen.XoroshiroRandomSource
[13Nov2025 07:44:01.933] [main/DEBUG] [mixin/]: Mixing access.IXoroshiro128PlusPlusRandomImpl from c2me-base.mixins.json into net.minecraft.world.level.levelgen.Xoroshiro128PlusPlus
[13Nov2025 07:44:01.936] [NeoForge Version Check/DEBUG] [net.neoforged.fml.VersionChecker/]: [mr_sleep] Received version check data:
{"homepage":"https://modrinth.com/mod/WTzuSu8P","promos":{"1.21.8-latest":"v4.2.6+mod","1.21.2-latest":"v3.3.2+mod","1.21.3-latest":"v3.3.2+mod","1.21.4-latest":"v3.3.2+mod","1.21.7-latest":"v4.2.6+mod","1.21.10-latest":"v4.2.6+mod","1.21.1-recommended":"v3.3.2+mod","1.21.10-recommended":"v4.2.6+mod","1.21.6-latest":"v4.2.6+mod","1.21.8-recommended":"v4.2.6+mod","1.21.9-latest":"v4.2.6+mod","1.21.2-recommended":"v3.3.2+mod","1.21.3-recommended":"v3.3.2+mod","1.21-recommended":"v3.3.2+mod","1.21.1-latest":"v3.3.2+mod","1.21.7-recommended":"v4.2.6+mod","1.21.9-recommended":"v4.2.6+mod","1.20.1-recommended":"v2.1.3+mod","1.21.4-recommended":"v3.3.2+mod","1.20.1-latest":"v2.1.3+mod","1.21.5-latest":"v.4.0.4+mod","1.21.5-recommended":"v.4.0.4+mod","1.21-latest":"v3.3.2+mod","1.21.6-recommended":"v4.2.6+mod"}}
[13Nov2025 07:44:01.937] [NeoForge Version Check/INFO] [net.neoforged.fml.VersionChecker/]: [mr_sleep] Found status: AHEAD Current: 1-v.3.2.2 Target: null
[13Nov2025 07:44:01.937] [NeoForge Version Check/INFO] [net.neoforged.fml.VersionChecker/]: [twilightforest] Starting version check at https://gh.tamaized.com/TeamTwilight/twilightforest/update.json?m=1.21.1&l=NeoForge&v=21.1.83
[13Nov2025 07:44:02.234] [NeoForge Version Check/DEBUG] [net.neoforged.fml.VersionChecker/]: [twilightforest] Received version check data:
{
  "homepage": "https://minecraft.curseforge.com/projects/the-twilight-forest",
  "promos": {
	"1.20.2-latest": "4.4.1977",
	"1.20.2-recommended": "4.4.1977",
	"1.20.1-latest": "4.3.1893",
	"1.20.1-recommended": "4.3.1893",
	"1.19.4-latest": "4.2.1696",
	"1.19.4-recommended": "4.2.1696",
	"1.18.2-latest": "4.1.1494",
	"1.18.2-recommended": "4.1.1494",
	"1.17.1-latest": "4.0.943",
	"1.17.1-recommended": "4.0.943",
	"1.16.5-latest": "4.0.870",
	"1.16.5-recommended": "4.0.870",
	"1.12.2-latest": "3.11.1021",
	"1.12.2-recommended": "3.11.1021",
	"1.7.10-latest": "2.4.3",
	"1.7.10-recommended": "2.4.3"
  }
}
[13Nov2025 07:44:02.235] [NeoForge Version Check/INFO] [net.neoforged.fml.VersionChecker/]: [twilightforest] Found status: BETA Current: 4.6.3003 Target: null
[13Nov2025 07:44:02.235] [NeoForge Version Check/INFO] [net.neoforged.fml.VersionChecker/]: [usefulbackpacks] Starting version check at https://api.u-team.info/update/usefulbackpacks_neoforge.json
[13Nov2025 07:44:02.348] [NeoForge Version Check/DEBUG] [net.neoforged.fml.VersionChecker/]: [usefulbackpacks] Received version check data:
{
	"homepage": "https://www.curseforge.com/minecraft/mc-mods/useful-backpacks/files",
	"promos": {
		"1.21-latest": "3.0.0.125",
		"1.21-recommended": "3.0.0.125",
		"1.21.1-latest": "3.0.2.129",
		"1.21.1-recommended": "3.0.2.129"
	},
	"1.21": {
		"3.0.0.125": "https://github.com/MC-U-Team/Useful-Backpacks/blob/1.21/CHANGELOG.md"
	},
	"1.21.1": {
		"3.0.2.129": "https://github.com/MC-U-Team/Useful-Backpacks/blob/1.21.1/CHANGELOG.md"
	}
}
[13Nov2025 07:44:02.348] [NeoForge Version Check/INFO] [net.neoforged.fml.VersionChecker/]: [usefulbackpacks] Found status: UP_TO_DATE Current: 3.0.2.129 Target: null
[13Nov2025 07:44:02.349] [NeoForge Version Check/INFO] [net.neoforged.fml.VersionChecker/]: [forgeconfigapiport] Starting version check at https://raw.githubusercontent.com/Fuzss/modresources/main/update/forgeconfigapiport.json
[13Nov2025 07:44:02.433] [NeoForge Version Check/DEBUG] [net.neoforged.fml.VersionChecker/]: [forgeconfigapiport] Received version check data:
{
    "homepage": "https://github.com/Fuzss/forgeconfigapiport",
    "promos": {
        "1.20.4-latest": "20.4.3",
        "1.20.4-recommended": "20.4.3",
        "1.20.2-latest": "20.2.6",
        "1.20.2-recommended": "20.2.6",
        "1.20.6-latest": "20.6.1",
        "1.20.6-recommended": "20.6.1",
        "1.21-latest": "21.0.8",
        "1.21-recommended": "21.0.8",
        "1.21.1-latest": "21.1.6",
        "1.21.1-recommended": "21.1.6",
        "1.21.3-latest": "21.3.5",
        "1.21.3-recommended": "21.3.5",
        "1.21.4-latest": "21.4.3",
        "1.21.4-recommended": "21.4.3",
        "1.21.5-latest": "21.5.3",
        "1.21.5-recommended": "21.5.3",
        "1.21.6-latest": "21.6.4",
        "1.21.6-recommended": "21.6.4",
        "1.21.7-latest": "21.7.0",
        "1.21.7-recommended": "21.7.0",
        "1.21.8-latest": "21.8.2",
        "1.21.8-recommended": "21.8.2",
        "1.21.9-latest": "21.9.8",
        "1.21.9-recommended": "21.9.8",
        "1.21.10-latest": "21.10.1",
        "1.21.10-recommended": "21.10.1"
    }
}
[13Nov2025 07:44:02.433] [NeoForge Version Check/INFO] [net.neoforged.fml.VersionChecker/]: [forgeconfigapiport] Found status: OUTDATED Current: 21.1.4 Target: 21.1.6
[13Nov2025 07:44:02.433] [NeoForge Version Check/INFO] [net.neoforged.fml.VersionChecker/]: [securitycraft] Starting version check at https://www.github.com/Geforce132/SecurityCraft/raw/master/Updates/Forge.json
[13Nov2025 07:44:02.523] [main/DEBUG] [mixin/]: Mixing LevelPropertiesMixin from uranus.mixins.json into net.minecraft.world.level.storage.PrimaryLevelData
[13Nov2025 07:44:02.523] [main/DEBUG] [mixin/]: uranus.mixins.json:LevelPropertiesMixin from mod uranus: Class version 65 required is higher than the class version supported by the current version of Mixin (JAVA_17 supports class version 61)
[13Nov2025 07:44:02.524] [main/DEBUG] [mixin/]: Mixing PrimaryLevelDataMixin from collective_neoforge.mixins.json into net.minecraft.world.level.storage.PrimaryLevelData
[13Nov2025 07:44:02.528] [main/DEBUG] [mixin/]: uranus.mixins.json:LevelPropertiesMixin from mod uranus->@Inject::getLifecycle(Lorg/spongepowered/asm/mixin/injection/callback/CallbackInfoReturnable;)V does use it's CallbackInfoReturnable
[13Nov2025 07:44:02.528] [main/DEBUG] [mixin/]: collective_neoforge.mixins.json:PrimaryLevelDataMixin from mod collective->@Inject::PrimaryLevelData(Lorg/spongepowered/asm/mixin/injection/callback/CallbackInfo;)V doesn't use it's CallbackInfo
[13Nov2025 07:44:02.528] [main/DEBUG] [mixin/]: collective_neoforge.mixins.json:PrimaryLevelDataMixin from mod collective->@Inject::PrimaryLevelData(Lorg/spongepowered/asm/mixin/injection/callback/CallbackInfo;)V has 0 override(s) in child classes
[13Nov2025 07:44:02.528] [main/DEBUG] [mixin/]: collective_neoforge.mixins.json:PrimaryLevelDataMixin from mod collective->@Inject::PrimaryLevelData(Lorg/spongepowered/asm/mixin/injection/callback/CallbackInfo;)V won't be passed a CallbackInfo as a result
[13Nov2025 07:44:02.529] [main/DEBUG] [mixin/]: collective_neoforge.mixins.json:PrimaryLevelDataMixin from mod collective->@Inject::PrimaryLevelData(Lorg/spongepowered/asm/mixin/injection/callback/CallbackInfo;)V doesn't use it's CallbackInfo
[13Nov2025 07:44:02.529] [main/DEBUG] [mixin/]: collective_neoforge.mixins.json:PrimaryLevelDataMixin from mod collective->@Inject::PrimaryLevelData(Lorg/spongepowered/asm/mixin/injection/callback/CallbackInfo;)V has 0 override(s) in child classes
[13Nov2025 07:44:02.529] [main/DEBUG] [mixin/]: collective_neoforge.mixins.json:PrimaryLevelDataMixin from mod collective->@Inject::PrimaryLevelData(Lorg/spongepowered/asm/mixin/injection/callback/CallbackInfo;)V won't be passed a CallbackInfo as a result
[13Nov2025 07:44:02.529] [main/DEBUG] [mixin/]: collective_neoforge.mixins.json:PrimaryLevelDataMixin from mod collective->@Inject::withConfirmedWarning(ZLorg/spongepowered/asm/mixin/injection/callback/CallbackInfoReturnable;)V doesn't use it's CallbackInfoReturnable
[13Nov2025 07:44:02.529] [main/DEBUG] [mixin/]: collective_neoforge.mixins.json:PrimaryLevelDataMixin from mod collective->@Inject::withConfirmedWarning(ZLorg/spongepowered/asm/mixin/injection/callback/CallbackInfoReturnable;)V has 0 override(s) in child classes
[13Nov2025 07:44:02.529] [main/DEBUG] [mixin/]: collective_neoforge.mixins.json:PrimaryLevelDataMixin from mod collective->@Inject::withConfirmedWarning(ZLorg/spongepowered/asm/mixin/injection/callback/CallbackInfoReturnable;)V won't be passed a CallbackInfoReturnable as a result
[13Nov2025 07:44:02.529] [main/DEBUG] [mixin/]: collective_neoforge.mixins.json:PrimaryLevelDataMixin from mod collective->@Inject::hasConfirmedExperimentalWarning(Lorg/spongepowered/asm/mixin/injection/callback/CallbackInfoReturnable;)V does use it's CallbackInfoReturnable
[13Nov2025 07:44:02.630] [NeoForge Version Check/DEBUG] [net.neoforged.fml.VersionChecker/]: [securitycraft] Received version check data:
{
    "homepage": "https://www.curseforge.com/minecraft/mc-mods/security-craft/",
    "promos": {
        "1.7.10-latest": "v1.8.13",
        "1.7.10-recommended": "v1.8.13",
        "1.8-latest": "v1.8.12.1",
        "1.8-recommended": "v1.8.12.1",
        "1.8.8-latest": "v1.8.12.1",
        "1.8.8-recommended": "v1.8.12.1",
        "1.8.9-latest": "v1.8.12.1",
        "1.8.9-recommended": "v1.8.12.1",
        "1.9.4-latest": "v1.8.12",
        "1.9.4-recommended": "v1.8.12",
        "1.10.2-latest": "v1.8.12",
        "1.10.2-recommended": "v1.8.12",
        "1.11.2-latest": "v1.8.12.1",
        "1.11.2-recommended": "v1.8.12.1",
        "1.12-latest": "v1.8.8.1",
        "1.12-recommended": "v1.8.8.1",
        "1.12.1-latest": "v1.8.8.1",
        "1.12.1-recommended": "v1.8.8.1",
        "1.12.2-latest": "v1.10.1",
        "1.12.2-recommended": "v1.10.1",
        "1.13.2-latest": "v1.8.13",
        "1.13.2-recommended": "v1.8.13",
        "1.14.3-latest": "v1.8.12-beta2",
        "1.14.3-recommended": "v1.8.12-beta2",
        "1.14.4-latest": "v1.8.22.2",
        "1.14.4-recommended": "v1.8.22.2",
        "1.15.1-latest": "v1.8.15-beta2",
        "1.15.1-recommended": "v1.8.15-beta2",
        "1.15.2-latest": "v1.9.1",
        "1.15.2-recommended": "v1.9.1",
        "1.16.1-latest": "v1.8.19.3",
        "1.16.1-recommended": "v1.8.19.3",
        "1.16.2-latest": "v1.8.19.3",
        "1.16.2-recommended": "v1.8.19.3",
        "1.16.3-latest": "v1.8.21.1",
        "1.16.3-recommended": "v1.8.21.1",
        "1.16.4-latest": "v1.8.21.1",
        "1.16.4-recommended": "v1.8.21.1",
        "1.16.5-latest": "v1.10.1",
        "1.16.5-recommended": "v1.10.1",
        "1.17.1-latest": "1.9.5",
        "1.17.1-recommended": "1.9.5",
        "1.18.1-latest": "1.9.0.2-beta1",
        "1.18.1-recommended": "1.9.0.2-beta1",
        "1.18.2-latest": "1.10.1",
        "1.18.2-recommended": "1.10.1",
        "1.19-latest": "1.9.3.1",
        "1.19-recommended": "1.9.3.1",
        "1.19.1-latest": "1.9.3.1",
        "1.19.1-recommended": "1.9.3.1",
        "1.19.2-latest": "1.9.6.1",
        "1.19.2-recommended": "1.9.6.1",
        "1.19.3-latest": "1.9.8",
        "1.19.3-recommended": "1.9.8",
        "1.19.4-latest": "1.10.1",
        "1.19.4-recommended": "1.10.1",
        "1.20-latest": "1.9.7-beta2",
        "1.20-recommended": "1.9.7-beta2",
        "1.20.2-latest": "1.9.9",
        "1.20.2-recommended": "1.9.9",
        "1.20.4-latest": "1.10.1",
        "1.20.4-recommended": "1.10.1",
        "1.20.6-latest": "1.10.1",
        "1.20.6-recommended": "1.10.1",
        "1.21-latest": "1.9.10-beta7",
        "1.21-recommended": "1.9.10-beta7",
        "1.21.2-latest": "1.9.11-beta2",
        "1.21.2-recommended": "1.9.11-beta2",
        "1.21.3-latest": "1.10.1",
        "1.21.3-recommended": "1.10.1",
        "1.21.4-latest": "1.10.1",
        "1.21.4-recommended": "1.10.1",
        "1.21.5-latest": "1.10.1",
        "1.21.5-recommended": "1.10.1",
        "1.21.6-latest": "1.10-beta3",
        "1.21.6-recommended": "1.10-beta3",
        "1.21.7-latest": "1.10-beta1",
        "1.21.7-recommended": "1.10-beta1",

        "1.20.1-latest": "1.10.1",
        "1.20.1-recommended": "1.10.1",
        "1.21.1-latest": "1.10.1",
        "1.21.1-recommended": "1.10.1",
        "1.21.8-latest": "1.10.1",
        "1.21.8-recommended": "1.10.1",
        "1.21.10-latest": "1.10.1-beta1",
        "1.21.10-recommended": "1.10.1-beta1"
    },
    "1.7.10": {
        "v1.8.13": "https://github.com/Geforce132/SecurityCraft/blob/eol/1.7.10/Changelog%20v1.8.x.md"
    },
    "1.8": {
        "v1.8.12": "https://github.com/Geforce132/SecurityCraft/blob/eol/1.8/Changelog%20v1.8.x.md"
    },
    "1.8.8": {
        "v1.8.12.1": "https://github.com/Geforce132/SecurityCraft/blob/eol/1.8.9/Changelog%20v1.8.x.md"
    },
    "1.8.9": {
        "v1.8.12.1": "https://github.com/Geforce132/SecurityCraft/blob/eol/1.8.9/Changelog%20v1.8.x.md"
    },
    "1.9.4": {
        "v1.8.12": "https://github.com/Geforce132/SecurityCraft/blob/eol/1.9.4/Changelog%20v1.8.x.md"
    },
    "1.10.2": {
        "v1.8.12": "https://github.com/Geforce132/SecurityCraft/blob/eol/1.10.2/Changelog%20v1.8.x.md"
    },
    "1.11.2": {
        "v1.8.12.1": "https://github.com/Geforce132/SecurityCraft/blob/eol/1.11.2/Changelog%20v1.8.x.md"
    },
    "1.12": {
        "v1.8.8.1": "https://github.com/Geforce132/SecurityCraft/blob/54061f84f188c33db291770e550c4c84a927194c/Changelog%20v1.8.x.md"
    },
    "1.12.1": {
        "v1.8.8.1": "https://github.com/Geforce132/SecurityCraft/blob/54061f84f188c33db291770e550c4c84a927194c/Changelog%20v1.8.x.md"
    },
    "1.12.2": {
        "v1.10.1": "https://github.com/Geforce132/SecurityCraft/blob/eol/1.12.2/Changelog.md"
    },
    "1.13.2": {
        "v1.8.13": "https://github.com/Geforce132/SecurityCraft/blob/eol/1.13.2/Changelog%20v1.8.x.md"
    },
    "1.14.3": {
        "v1.8.12-beta2": "https://github.com/Geforce132/SecurityCraft/blob/b20ce0945abdccb8f2b6abaea5d26c28d0a3b916/Changelog%20v1.8.x.md"
    },
    "1.14.4": {
        "v1.8.22.2": "https://github.com/Geforce132/SecurityCraft/blob/eol/1.14.4/Changelog%20v1.8.x.md"
    },
    "1.15.1": {
        "v1.8.15-beta2": "https://github.com/Geforce132/SecurityCraft/blob/04f414232af5250193ed610da93696a830584cc9/Changelog%20v1.8.x.md"
    },
    "1.15.2": {
        "v1.9.1": "https://github.com/Geforce132/SecurityCraft/blob/eol/1.15.2/Changelog.md"
    },
    "1.16.1": {
        "v1.8.19.3": "https://github.com/Geforce132/SecurityCraft/blob/eol/1.16.1/Changelog%20v1.8.x.md"
    },
    "1.16.2": {
        "v1.8.19.3": "https://github.com/Geforce132/SecurityCraft/blob/2c1c0868dd26f8870bae1b8c0d57041cab3ba897/Changelog%20v1.8.x.md"
    },
    "1.16.3": {
        "v1.8.21.1": "https://github.com/Geforce132/SecurityCraft/blob/44460188b9bf30b94f122ba362092cba5e76e0d2/Changelog%20v1.8.x.md"
    },
    "1.16.4": {
        "v1.8.21.1": "https://github.com/Geforce132/SecurityCraft/blob/44460188b9bf30b94f122ba362092cba5e76e0d2/Changelog%20v1.8.x.md"
    },
    "1.16.5": {
        "v1.10.1": "https://github.com/Geforce132/SecurityCraft/blob/eol/1.16.5/Changelog.md"
    },
    "1.17.1": {
        "1.9.5": "https://github.com/Geforce132/SecurityCraft/blob/eol/1.17.1/Changelog.md"
    },
    "1.18.1": {
        "1.9.0.2-beta1": "https://github.com/Geforce132/SecurityCraft/blob/eol/1.18.1/Changelog.md"
    },
    "1.18.2": {
        "1.10.1": "https://github.com/Geforce132/SecurityCraft/blob/eol/1.18.2/Changelog.md"
    },
    "1.19": {
        "1.9.3.1": "https://github.com/Geforce132/SecurityCraft/blob/eol/1.19/Changelog.md"
    },
    "1.19.1": {
        "1.9.3.1": "https://github.com/Geforce132/SecurityCraft/blob/c60edcc5881fc8ca4394bfeae3254ab0d693ab5e/Changelog.md"
    },
    "1.19.2": {
        "1.9.6.1": "https://github.com/Geforce132/SecurityCraft/blob/eol/1.19.2/Changelog.md"
    },
    "1.19.3": {
        "1.9.8": "https://github.com/Geforce132/SecurityCraft/blob/eol/1.19.3/Changelog.md"
    },
    "1.19.4": {
        "1.10.1": "https://github.com/Geforce132/SecurityCraft/blob/eol/1.19.4/Changelog.md"
    },
    "1.20": {
        "1.9.7-beta2": "https://github.com/Geforce132/SecurityCraft/blob/2e41d10948280cfdfe693e52c3580adf5f0cb18c/Changelog.md"
    },
    "1.20.2": {
        "1.9.9": "https://github.com/Geforce132/SecurityCraft/blob/eol/1.20.2/Changelog.md"
    },
    "1.20.4": {
        "1.10.1": "https://github.com/Geforce132/SecurityCraft/blob/eol/1.20.4/Changelog.md"
    },
    "1.20.6": {
        "1.10.1": "https://github.com/Geforce132/SecurityCraft/blob/eol/1.20.6/Changelog.md"
    },
    "1.21": {
        "1.9.10-beta7": "https://github.com/Geforce132/SecurityCraft/blob/a74d63ec9796e54c5bd8d22c18a320146560a753/Changelog.md"
    },
    "1.21.2": {
        "1.9.11-beta2": "https://github.com/Geforce132/SecurityCraft/blob/63c87ccbc661cecac0e75d54b81b571a3d17a29e/Changelog.md"
    },
    "1.21.3": {
        "1.10.1": "https://github.com/Geforce132/SecurityCraft/blob/eol/1.21.3/Changelog.md"
    },
    "1.21.4": {
        "1.10.1": "https://github.com/Geforce132/SecurityCraft/blob/eol/1.21.4/Changelog.md"
    },
    "1.21.5": {
        "1.10.1": "https://github.com/Geforce132/SecurityCraft/blob/eol/1.21.5/Changelog.md"
    },
    "1.21.6": {
        "1.10-beta3": "https://github.com/Geforce132/SecurityCraft/blob/eol/1.21.6/Changelog.md"
    },
    "1.21.7": {
        "1.10-beta1": "https://github.com/Geforce132/SecurityCraft/blob/eol/1.21.7/Changelog.md"
    },

    "1.20.1": {
        "1.10.1": "https://github.com/Geforce132/SecurityCraft/blob/1.20.1/Changelog.md"
    },
    "1.21.1": {
        "1.10.1": "https://github.com/Geforce132/SecurityCraft/blob/1.21.1/Changelog.md"
    },
    "1.21.8": {
        "1.10.1": "https://github.com/Geforce132/SecurityCraft/blob/1.21.8/Changelog.md"
    },
    "1.21.10": {
        "1.10.1-beta1": "https://github.com/Geforce132/SecurityCraft/blob/1.21.10/Changelog.md"
    }
}
[13Nov2025 07:44:02.630] [NeoForge Version Check/INFO] [net.neoforged.fml.VersionChecker/]: [securitycraft] Found status: OUTDATED Current: 1.10 Target: 1.10.1
[13Nov2025 07:44:02.631] [NeoForge Version Check/INFO] [net.neoforged.fml.VersionChecker/]: [tombstone] Starting version check at https://raw.githubusercontent.com/Corail31/tombstone_lite/master/neoforge-update.json
[13Nov2025 07:44:02.725] [NeoForge Version Check/DEBUG] [net.neoforged.fml.VersionChecker/]: [tombstone] Received version check data:
{
	"homepage": "https://www.curseforge.com/minecraft/mc-mods/corail-tombstone",
	"promos": {
		"1.21.8-latest": "9.5.9",
		"1.21.8-recommended": "9.5.9",
		"1.21.7-latest": "9.5.9",
		"1.21.7-recommended": "9.5.9",
		"1.21.6-latest": "9.5.1",
		"1.21.6-recommended": "9.5.1",
		"1.21.5-latest": "9.4.4",
		"1.21.5-recommended": "9.4.4",
		"1.21.4-latest": "9.3.10",
		"1.21.4-recommended": "9.3.10",
		"1.21.3-latest": "9.2.4",
		"1.21.3-recommended": "9.2.4",
		"1.21.1-latest": "9.4.8",
		"1.21.1-recommended": "9.4.8"
	},
	"1.21.8": {
		"9.5.9": "improvements",
		"9.5.8": "reworks the perk system & improves all guiscreens",
		"9.5.7": "fourth forgotten knowledge",
		"9.5.6": "third forgotten knowledge & ritual flute"
	},
	"1.21.7": {
		"9.5.8": "final version"
	},
	"1.21.6": {
		"9.5.1": "final version"
	},
	"1.21.5": {
		"9.4.4": "final version"
	},
	"1.21.4": {
		"9.3.10": "final version"
	},
	"1.21.3": {
		"9.2.4": "final version"
	},
	"1.21.1": {
		"9.4.8": "fixes",
		"9.4.7": "improvements",
		"9.4.6": "reworks the perk system & improves all guiscreens",
		"9.4.5": "fourth forgotten knowledge",
		"9.4.4": "third forgotten knowledge & ritual flute",
		"9.4.3": "screaming graves",
		"9.4.2": "second forgotten knowledge & readable scrolls",
		"9.4.1": "new event Spring Bloom",
		"9.4.0": "first forgotten knowledge",
		"9.3.4": "fixes compat TAN",
		"9.3.3": "about familiar",
		"9.3.2": "improvements",
		"9.3.1": "compatibility Dragon Survival"
	}
}
[13Nov2025 07:44:02.726] [NeoForge Version Check/INFO] [net.neoforged.fml.VersionChecker/]: [tombstone] Found status: UP_TO_DATE Current: 9.4.8 Target: null
[13Nov2025 07:44:02.726] [NeoForge Version Check/INFO] [net.neoforged.fml.VersionChecker/]: [puzzleslib] Starting version check at https://raw.githubusercontent.com/Fuzss/modresources/main/update/puzzleslib.json
[13Nov2025 07:44:02.729] [NeoForge Version Check/DEBUG] [net.neoforged.fml.VersionChecker/]: [puzzleslib] Received version check data:
{
    "homepage": "https://www.curseforge.com/minecraft/mc-mods/puzzles-lib",
    "promos": {
        "1.16.2-latest": "1.0.15",
        "1.16.2-recommended": "1.0.15",
        "1.16.3-latest": "1.0.15",
        "1.16.3-recommended": "1.0.15",
        "1.16.4-latest": "1.0.15",
        "1.16.4-recommended": "1.0.15",
        "1.16.5-latest": "1.0.15",
        "1.16.5-recommended": "1.0.15",
        "1.17.1-latest": "2.0.2",
        "1.17.1-recommended": "2.0.2",
        "1.18-latest": "3.2.1",
        "1.18-recommended": "3.2.1",
        "1.18.1-latest": "3.2.1",
        "1.18.1-recommended": "3.2.1",
        "1.18.2-latest": "3.5.10",
        "1.18.2-recommended": "3.5.10",
        "1.19-latest": "4.0.18",
        "1.19-recommended": "4.0.18",
        "1.19.1-latest": "4.2.4",
        "1.19.1-recommended": "4.2.4",
        "1.19.2-latest": "4.4.3",
        "1.19.2-recommended": "4.4.3",
        "1.19.3-latest": "5.0.33",
        "1.19.3-recommended": "5.0.33",
        "1.19.4-latest": "6.0.11",
        "1.19.4-recommended": "6.0.11",
        "1.20-latest": "7.0.9",
        "1.20-recommended": "7.0.9",
        "1.20.1-latest": "8.1.33",
        "1.20.1-recommended": "8.1.33",
        "1.20.4-latest": "20.4.53",
        "1.20.4-recommended": "20.4.53",
        "1.21-latest": "21.0.28",
        "1.21-recommended": "21.0.28",
        "1.21.1-latest": "21.1.39",
        "1.21.1-recommended": "21.1.39",
        "1.21.3-latest": "21.3.25",
        "1.21.3-recommended": "21.3.25",
        "1.21.4-latest": "21.4.14",
        "1.21.4-recommended": "21.4.14",
        "1.21.5-latest": "21.5.13",
        "1.21.5-recommended": "21.5.13",
        "1.21.6-latest": "21.6.6",
        "1.21.6-recommended": "21.6.6",
        "1.21.7-latest": "21.7.1",
        "1.21.7-recommended": "21.7.1",
        "1.21.8-latest": "21.8.9",
        "1.21.8-recommended": "21.8.9",
        "1.21.9-latest": "21.9.5",
        "1.21.9-recommended": "21.9.5",
        "1.21.10-latest": "21.10.5",
        "1.21.10-recommended": "21.10.5"
    }
}
[13Nov2025 07:44:02.729] [NeoForge Version Check/INFO] [net.neoforged.fml.VersionChecker/]: [puzzleslib] Found status: OUTDATED Current: 21.1.38 Target: 21.1.39
[13Nov2025 07:44:02.730] [NeoForge Version Check/INFO] [net.neoforged.fml.VersionChecker/]: [extragems] Starting version check at https://raw.githubusercontent.com/XxRexRaptorxX/Update-Checker/main/ExtraGems_NEO.json
[13Nov2025 07:44:02.824] [NeoForge Version Check/DEBUG] [net.neoforged.fml.VersionChecker/]: [extragems] Received version check data:
{
   "homepage": "https://www.curseforge.com/minecraft/mc-mods/extra-gems",
  
   "promos": {
    "1.21.5-latest": "4.1.0",
    "1.21.5-recommended": "4.1.0",
      
    "1.21.4-latest": "4.0.1",
    "1.21.4-recommended": "4.0.1",

    "1.21.3-latest": "4.0.1",
    "1.21.3-recommended": "4.0.1",

    "1.21.2-latest": "4.0.1",
    "1.21.2-recommended": "4.0.1",
      
    "1.21.1-latest": "3.0.5",
    "1.21.1-recommended": "3.0.5",
      
    "1.21-latest": "3.0.5",
    "1.21-recommended": "3.0.5",
      
    "1.20.4-latest": "2.4.2",
    "1.20.4-recommended": "2.4.2",

    "1.20.3-latest": "2.4.2",
    "1.20.3-recommended": "2.4.2",
      
    "1.20.2-latest": "2.4.2",
    "1.20.2-recommended": "2.4.2"
  }
}
[13Nov2025 07:44:02.825] [NeoForge Version Check/INFO] [net.neoforged.fml.VersionChecker/]: [extragems] Found status: UP_TO_DATE Current: 3.0.5 Target: null
[13Nov2025 07:44:03.233] [Worker-Main-3/DEBUG] [tombstone/]: Updating LootTables
[13Nov2025 07:44:03.308] [Worker-Main-3/DEBUG] [mixin/]: Mixing MixinCommandManager from c2me-server-utils.mixins.json into net.minecraft.commands.Commands
[13Nov2025 07:44:03.310] [Worker-Main-3/DEBUG] [mixin/]: c2me-server-utils.mixins.json:MixinCommandManager from mod c2me_server_utils->@Inject::registerCommands(Lorg/spongepowered/asm/mixin/injection/callback/CallbackInfo;)V doesn't use it's CallbackInfo
[13Nov2025 07:44:03.310] [Worker-Main-3/DEBUG] [mixin/]: c2me-server-utils.mixins.json:MixinCommandManager from mod c2me_server_utils->@Inject::registerCommands(Lorg/spongepowered/asm/mixin/injection/callback/CallbackInfo;)V has 0 override(s) in child classes
[13Nov2025 07:44:03.310] [Worker-Main-3/DEBUG] [mixin/]: c2me-server-utils.mixins.json:MixinCommandManager from mod c2me_server_utils->@Inject::registerCommands(Lorg/spongepowered/asm/mixin/injection/callback/CallbackInfo;)V won't be passed a CallbackInfo as a result
[13Nov2025 07:44:03.408] [Worker-Main-3/DEBUG] [mixin/]: Mixing structures.LocateCommandMixin from mss-common.mixins.json into net.minecraft.server.commands.LocateCommand
[13Nov2025 07:44:03.408] [Worker-Main-3/DEBUG] [mixin/]: Renaming synthetic method lambda$mss_increaseLocateRadius$0(Lnet/minecraft/core/Holder;)Z to md277493$mss$lambda$mss_increaseLocateRadius$0$0 in mss-common.mixins.json:structures.LocateCommandMixin from mod mss
[13Nov2025 07:44:03.410] [Worker-Main-3/DEBUG] [mixin/]: Mixing structures.LocateCommandMixin from mvs-common.mixins.json into net.minecraft.server.commands.LocateCommand
[13Nov2025 07:44:03.410] [Worker-Main-3/DEBUG] [mixin/]: Renaming synthetic method lambda$mvs_increaseLocateRadius$0(Lnet/minecraft/core/Holder;)Z to md277493$mvs$lambda$mvs_increaseLocateRadius$0$1 in mvs-common.mixins.json:structures.LocateCommandMixin from mod mvs
[13Nov2025 07:44:03.417] [Worker-Main-3/DEBUG] [mixin/]: mss-common.mixins.json:structures.LocateCommandMixin from mod mss->@Inject::mss_increaseLocateRadius(Lnet/minecraft/commands/CommandSourceStack;Lnet/minecraft/commands/arguments/ResourceOrTagKeyArgument$Result;Lorg/spongepowered/asm/mixin/injection/callback/CallbackInfoReturnable;Lnet/minecraft/core/Registry;Lnet/minecraft/core/HolderSet;Lnet/minecraft/core/BlockPos;Lnet/minecraft/server/level/ServerLevel;)V does use it's CallbackInfoReturnable
[13Nov2025 07:44:03.417] [Worker-Main-3/DEBUG] [mixin/]: mvs-common.mixins.json:structures.LocateCommandMixin from mod mvs->@Inject::mvs_increaseLocateRadius(Lnet/minecraft/commands/CommandSourceStack;Lnet/minecraft/commands/arguments/ResourceOrTagKeyArgument$Result;Lorg/spongepowered/asm/mixin/injection/callback/CallbackInfoReturnable;Lnet/minecraft/core/Registry;Lnet/minecraft/core/HolderSet;Lnet/minecraft/core/BlockPos;Lnet/minecraft/server/level/ServerLevel;)V does use it's CallbackInfoReturnable
[13Nov2025 07:44:03.580] [Worker-Main-3/DEBUG] [mixin/]: Mixing debug.TagLoaderMixin from mixins.artifacts.common.json into net.minecraft.tags.TagLoader
[13Nov2025 07:44:03.588] [Worker-Main-3/DEBUG] [mixin/]: mixins.artifacts.common.json:debug.TagLoaderMixin from mod artifacts->@Inject::detectClear(Lnet/minecraft/server/packs/resources/ResourceManager;Lorg/spongepowered/asm/mixin/injection/callback/CallbackInfoReturnable;Ljava/util/Map;Lnet/minecraft/resources/FileToIdConverter;Ljava/util/Iterator;Ljava/util/Map$Entry;Lnet/minecraft/resources/ResourceLocation;Lnet/minecraft/resources/ResourceLocation;Ljava/util/Iterator;Lnet/minecraft/server/packs/resources/Resource;Ljava/io/Reader;Lcom/google/gson/JsonElement;Ljava/util/List;Lnet/minecraft/tags/TagFile;)V doesn't use it's CallbackInfoReturnable
[13Nov2025 07:44:03.588] [Worker-Main-3/DEBUG] [mixin/]: mixins.artifacts.common.json:debug.TagLoaderMixin from mod artifacts->@Inject::detectClear(Lnet/minecraft/server/packs/resources/ResourceManager;Lorg/spongepowered/asm/mixin/injection/callback/CallbackInfoReturnable;Ljava/util/Map;Lnet/minecraft/resources/FileToIdConverter;Ljava/util/Iterator;Ljava/util/Map$Entry;Lnet/minecraft/resources/ResourceLocation;Lnet/minecraft/resources/ResourceLocation;Ljava/util/Iterator;Lnet/minecraft/server/packs/resources/Resource;Ljava/io/Reader;Lcom/google/gson/JsonElement;Ljava/util/List;Lnet/minecraft/tags/TagFile;)V has 0 override(s) in child classes
[13Nov2025 07:44:03.588] [Worker-Main-3/DEBUG] [mixin/]: mixins.artifacts.common.json:debug.TagLoaderMixin from mod artifacts->@Inject::detectClear(Lnet/minecraft/server/packs/resources/ResourceManager;Lorg/spongepowered/asm/mixin/injection/callback/CallbackInfoReturnable;Ljava/util/Map;Lnet/minecraft/resources/FileToIdConverter;Ljava/util/Iterator;Ljava/util/Map$Entry;Lnet/minecraft/resources/ResourceLocation;Lnet/minecraft/resources/ResourceLocation;Ljava/util/Iterator;Lnet/minecraft/server/packs/resources/Resource;Ljava/io/Reader;Lcom/google/gson/JsonElement;Ljava/util/List;Lnet/minecraft/tags/TagFile;)V won't be passed a CallbackInfoReturnable as a result
[13Nov2025 07:44:03.730] [Worker-Main-3/ERROR] [net.minecraft.tags.TagLoader/]: Couldn't load tag choccos_mobs:racoon_search_loot as it is missing following references: 
	spelunking_secrets:silverfish (from mod/choccos_mobs)
	spelunking_secrets:salt (from mod/choccos_mobs)
	camping:sweet_berry_jam (from mod/choccos_mobs)
	camping:blueberry_jam (from mod/choccos_mobs)
	camping:burned_marshmallow (from mod/choccos_mobs)
	rumpnissar:baby_rumpnissar (from mod/choccos_mobs)
[13Nov2025 07:44:04.143] [main/ERROR] [net.minecraft.world.item.crafting.RecipeManager/]: Parsing error loading recipe iceandfire:delight/pixie_dust_milky_tea
com.google.gson.JsonParseException: Unknown registry key in ResourceKey[minecraft:root / minecraft:recipe_serializer]: farmersdelight:cooking
	at MC-BOOTSTRAP/datafixerupper@8.0.16/com.mojang.serialization.DataResult$Error.getOrThrow(DataResult.java:287) ~[datafixerupper-8.0.16.jar%2398!/:?]
	at TRANSFORMER/minecraft@1.21.1/net.minecraft.world.item.crafting.RecipeManager.apply(RecipeManager.java:60) ~[server-1.21.1-20240808.144430-srg.jar%23154!/:?]
	at TRANSFORMER/minecraft@1.21.1/net.minecraft.world.item.crafting.RecipeManager.apply(RecipeManager.java:36) ~[server-1.21.1-20240808.144430-srg.jar%23154!/:?]
	at TRANSFORMER/minecraft@1.21.1/net.minecraft.server.packs.resources.SimplePreparableReloadListener.lambda$reload$1(SimplePreparableReloadListener.java:19) ~[server-1.21.1-20240808.144430-srg.jar%23154!/:?]
	at java.base/java.util.concurrent.CompletableFuture$UniAccept.tryFire(CompletableFuture.java:718) ~[?:?]
	at java.base/java.util.concurrent.CompletableFuture$Completion.run(CompletableFuture.java:482) ~[?:?]
	at TRANSFORMER/minecraft@1.21.1/net.minecraft.server.packs.resources.SimpleReloadInstance.lambda$new$3(SimpleReloadInstance.java:69) ~[server-1.21.1-20240808.144430-srg.jar%23154!/:?]
	at TRANSFORMER/minecraft@1.21.1/net.minecraft.Util.blockUntilDone(Util.java:872) ~[server-1.21.1-20240808.144430-srg.jar%23154!/:?]
	at TRANSFORMER/minecraft@1.21.1/net.minecraft.Util.blockUntilDone(Util.java:861) ~[server-1.21.1-20240808.144430-srg.jar%23154!/:?]
	at TRANSFORMER/minecraft@1.21.1/net.minecraft.server.Main.main(Main.java:204) ~[server-1.21.1-20240808.144430-srg.jar%23154!/:?]
	at java.base/jdk.internal.reflect.DirectMethodHandleAccessor.invoke(DirectMethodHandleAccessor.java:103) ~[?:?]
	at java.base/java.lang.reflect.Method.invoke(Method.java:580) ~[?:?]
	at MC-BOOTSTRAP/fml_loader@4.0.41/net.neoforged.fml.loading.targets.CommonLaunchHandler.runTarget(CommonLaunchHandler.java:136) ~[loader-4.0.41.jar%2357!/:4.0]
	at MC-BOOTSTRAP/fml_loader@4.0.41/net.neoforged.fml.loading.targets.CommonLaunchHandler.serverService(CommonLaunchHandler.java:128) ~[loader-4.0.41.jar%2357!/:4.0]
	at MC-BOOTSTRAP/fml_loader@4.0.41/net.neoforged.fml.loading.targets.CommonServerLaunchHandler.runService(CommonServerLaunchHandler.java:32) ~[loader-4.0.41.jar%2357!/:4.0]
	at MC-BOOTSTRAP/fml_loader@4.0.41/net.neoforged.fml.loading.targets.CommonLaunchHandler.lambda$launchService$4(CommonLaunchHandler.java:118) ~[loader-4.0.41.jar%2357!/:4.0]
	at MC-BOOTSTRAP/cpw.mods.modlauncher@11.0.5/cpw.mods.modlauncher.LaunchServiceHandlerDecorator.launch(LaunchServiceHandlerDecorator.java:30) [modlauncher-11.0.5.jar%2362!/:?]
	at MC-BOOTSTRAP/cpw.mods.modlauncher@11.0.5/cpw.mods.modlauncher.LaunchServiceHandler.launch(LaunchServiceHandler.java:53) [modlauncher-11.0.5.jar%2362!/:?]
	at MC-BOOTSTRAP/cpw.mods.modlauncher@11.0.5/cpw.mods.modlauncher.LaunchServiceHandler.launch(LaunchServiceHandler.java:71) [modlauncher-11.0.5.jar%2362!/:?]
	at MC-BOOTSTRAP/cpw.mods.modlauncher@11.0.5/cpw.mods.modlauncher.Launcher.run(Launcher.java:103) [modlauncher-11.0.5.jar%2362!/:?]
	at MC-BOOTSTRAP/cpw.mods.modlauncher@11.0.5/cpw.mods.modlauncher.Launcher.main(Launcher.java:74) [modlauncher-11.0.5.jar%2362!/:?]
	at MC-BOOTSTRAP/cpw.mods.modlauncher@11.0.5/cpw.mods.modlauncher.BootstrapLaunchConsumer.accept(BootstrapLaunchConsumer.java:26) [modlauncher-11.0.5.jar%2362!/:?]
	at MC-BOOTSTRAP/cpw.mods.modlauncher@11.0.5/cpw.mods.modlauncher.BootstrapLaunchConsumer.accept(BootstrapLaunchConsumer.java:23) [modlauncher-11.0.5.jar%2362!/:?]
	at cpw.mods.bootstraplauncher@2.0.2/cpw.mods.bootstraplauncher.BootstrapLauncher.run(BootstrapLauncher.java:210) [bootstraplauncher-2.0.2.jar:?]
	at cpw.mods.bootstraplauncher@2.0.2/cpw.mods.bootstraplauncher.BootstrapLauncher.main(BootstrapLauncher.java:69) [bootstraplauncher-2.0.2.jar:?]
	at java.base/jdk.internal.reflect.DirectMethodHandleAccessor.invoke(DirectMethodHandleAccessor.java:103) ~[?:?]
	at java.base/java.lang.reflect.Method.invoke(Method.java:580) ~[?:?]
	at net.neoforged.serverstarterjar.Main.mainLaunch(Main.java:297) [vanilla.jar:0.1.34]
	at net.neoforged.serverstarterjar.Main.main(Main.java:76) [vanilla.jar:0.1.34]
	at java.base/jdk.internal.reflect.DirectMethodHandleAccessor.invoke(DirectMethodHandleAccessor.java:103) ~[?:?]
	at java.base/java.lang.reflect.Method.invoke(Method.java:580) ~[?:?]
	at net.neoforged.serverstarterjar.Main8.main(Main8.java:19) [vanilla.jar:0.1.34]
[13Nov2025 07:44:04.162] [main/ERROR] [net.minecraft.world.item.crafting.RecipeManager/]: Parsing error loading recipe iceandfire:delight/cooked_rice_with_ice_dragon_meat
com.google.gson.JsonParseException: Unknown registry key in ResourceKey[minecraft:root / minecraft:recipe_serializer]: farmersdelight:cooking
	at MC-BOOTSTRAP/datafixerupper@8.0.16/com.mojang.serialization.DataResult$Error.getOrThrow(DataResult.java:287) ~[datafixerupper-8.0.16.jar%2398!/:?]
	at TRANSFORMER/minecraft@1.21.1/net.minecraft.world.item.crafting.RecipeManager.apply(RecipeManager.java:60) ~[server-1.21.1-20240808.144430-srg.jar%23154!/:?]
	at TRANSFORMER/minecraft@1.21.1/net.minecraft.world.item.crafting.RecipeManager.apply(RecipeManager.java:36) ~[server-1.21.1-20240808.144430-srg.jar%23154!/:?]
	at TRANSFORMER/minecraft@1.21.1/net.minecraft.server.packs.resources.SimplePreparableReloadListener.lambda$reload$1(SimplePreparableReloadListener.java:19) ~[server-1.21.1-20240808.144430-srg.jar%23154!/:?]
	at java.base/java.util.concurrent.CompletableFuture$UniAccept.tryFire(CompletableFuture.java:718) ~[?:?]
	at java.base/java.util.concurrent.CompletableFuture$Completion.run(CompletableFuture.java:482) ~[?:?]
	at TRANSFORMER/minecraft@1.21.1/net.minecraft.server.packs.resources.SimpleReloadInstance.lambda$new$3(SimpleReloadInstance.java:69) ~[server-1.21.1-20240808.144430-srg.jar%23154!/:?]
	at TRANSFORMER/minecraft@1.21.1/net.minecraft.Util.blockUntilDone(Util.java:872) ~[server-1.21.1-20240808.144430-srg.jar%23154!/:?]
	at TRANSFORMER/minecraft@1.21.1/net.minecraft.Util.blockUntilDone(Util.java:861) ~[server-1.21.1-20240808.144430-srg.jar%23154!/:?]
	at TRANSFORMER/minecraft@1.21.1/net.minecraft.server.Main.main(Main.java:204) ~[server-1.21.1-20240808.144430-srg.jar%23154!/:?]
	at java.base/jdk.internal.reflect.DirectMethodHandleAccessor.invoke(DirectMethodHandleAccessor.java:103) ~[?:?]
	at java.base/java.lang.reflect.Method.invoke(Method.java:580) ~[?:?]
	at MC-BOOTSTRAP/fml_loader@4.0.41/net.neoforged.fml.loading.targets.CommonLaunchHandler.runTarget(CommonLaunchHandler.java:136) ~[loader-4.0.41.jar%2357!/:4.0]
	at MC-BOOTSTRAP/fml_loader@4.0.41/net.neoforged.fml.loading.targets.CommonLaunchHandler.serverService(CommonLaunchHandler.java:128) ~[loader-4.0.41.jar%2357!/:4.0]
	at MC-BOOTSTRAP/fml_loader@4.0.41/net.neoforged.fml.loading.targets.CommonServerLaunchHandler.runService(CommonServerLaunchHandler.java:32) ~[loader-4.0.41.jar%2357!/:4.0]
	at MC-BOOTSTRAP/fml_loader@4.0.41/net.neoforged.fml.loading.targets.CommonLaunchHandler.lambda$launchService$4(CommonLaunchHandler.java:118) ~[loader-4.0.41.jar%2357!/:4.0]
	at MC-BOOTSTRAP/cpw.mods.modlauncher@11.0.5/cpw.mods.modlauncher.LaunchServiceHandlerDecorator.launch(LaunchServiceHandlerDecorator.java:30) [modlauncher-11.0.5.jar%2362!/:?]
	at MC-BOOTSTRAP/cpw.mods.modlauncher@11.0.5/cpw.mods.modlauncher.LaunchServiceHandler.launch(LaunchServiceHandler.java:53) [modlauncher-11.0.5.jar%2362!/:?]
	at MC-BOOTSTRAP/cpw.mods.modlauncher@11.0.5/cpw.mods.modlauncher.LaunchServiceHandler.launch(LaunchServiceHandler.java:71) [modlauncher-11.0.5.jar%2362!/:?]
	at MC-BOOTSTRAP/cpw.mods.modlauncher@11.0.5/cpw.mods.modlauncher.Launcher.run(Launcher.java:103) [modlauncher-11.0.5.jar%2362!/:?]
	at MC-BOOTSTRAP/cpw.mods.modlauncher@11.0.5/cpw.mods.modlauncher.Launcher.main(Launcher.java:74) [modlauncher-11.0.5.jar%2362!/:?]
	at MC-BOOTSTRAP/cpw.mods.modlauncher@11.0.5/cpw.mods.modlauncher.BootstrapLaunchConsumer.accept(BootstrapLaunchConsumer.java:26) [modlauncher-11.0.5.jar%2362!/:?]
	at MC-BOOTSTRAP/cpw.mods.modlauncher@11.0.5/cpw.mods.modlauncher.BootstrapLaunchConsumer.accept(BootstrapLaunchConsumer.java:23) [modlauncher-11.0.5.jar%2362!/:?]
	at cpw.mods.bootstraplauncher@2.0.2/cpw.mods.bootstraplauncher.BootstrapLauncher.run(BootstrapLauncher.java:210) [bootstraplauncher-2.0.2.jar:?]
	at cpw.mods.bootstraplauncher@2.0.2/cpw.mods.bootstraplauncher.BootstrapLauncher.main(BootstrapLauncher.java:69) [bootstraplauncher-2.0.2.jar:?]
	at java.base/jdk.internal.reflect.DirectMethodHandleAccessor.invoke(DirectMethodHandleAccessor.java:103) ~[?:?]
	at java.base/java.lang.reflect.Method.invoke(Method.java:580) ~[?:?]
	at net.neoforged.serverstarterjar.Main.mainLaunch(Main.java:297) [vanilla.jar:0.1.34]
	at net.neoforged.serverstarterjar.Main.main(Main.java:76) [vanilla.jar:0.1.34]
	at java.base/jdk.internal.reflect.DirectMethodHandleAccessor.invoke(DirectMethodHandleAccessor.java:103) ~[?:?]
	at java.base/java.lang.reflect.Method.invoke(Method.java:580) ~[?:?]
	at net.neoforged.serverstarterjar.Main8.main(Main8.java:19) [vanilla.jar:0.1.34]
[13Nov2025 07:44:04.217] [main/ERROR] [net.minecraft.world.item.crafting.RecipeManager/]: Parsing error loading recipe iceandfire:delight/cooked_rice_with_lightning_dragon_meat
com.google.gson.JsonParseException: Unknown registry key in ResourceKey[minecraft:root / minecraft:recipe_serializer]: farmersdelight:cooking
	at MC-BOOTSTRAP/datafixerupper@8.0.16/com.mojang.serialization.DataResult$Error.getOrThrow(DataResult.java:287) ~[datafixerupper-8.0.16.jar%2398!/:?]
	at TRANSFORMER/minecraft@1.21.1/net.minecraft.world.item.crafting.RecipeManager.apply(RecipeManager.java:60) ~[server-1.21.1-20240808.144430-srg.jar%23154!/:?]
	at TRANSFORMER/minecraft@1.21.1/net.minecraft.world.item.crafting.RecipeManager.apply(RecipeManager.java:36) ~[server-1.21.1-20240808.144430-srg.jar%23154!/:?]
	at TRANSFORMER/minecraft@1.21.1/net.minecraft.server.packs.resources.SimplePreparableReloadListener.lambda$reload$1(SimplePreparableReloadListener.java:19) ~[server-1.21.1-20240808.144430-srg.jar%23154!/:?]
	at java.base/java.util.concurrent.CompletableFuture$UniAccept.tryFire(CompletableFuture.java:718) ~[?:?]
	at java.base/java.util.concurrent.CompletableFuture$Completion.run(CompletableFuture.java:482) ~[?:?]
	at TRANSFORMER/minecraft@1.21.1/net.minecraft.server.packs.resources.SimpleReloadInstance.lambda$new$3(SimpleReloadInstance.java:69) ~[server-1.21.1-20240808.144430-srg.jar%23154!/:?]
	at TRANSFORMER/minecraft@1.21.1/net.minecraft.Util.blockUntilDone(Util.java:872) ~[server-1.21.1-20240808.144430-srg.jar%23154!/:?]
	at TRANSFORMER/minecraft@1.21.1/net.minecraft.Util.blockUntilDone(Util.java:861) ~[server-1.21.1-20240808.144430-srg.jar%23154!/:?]
	at TRANSFORMER/minecraft@1.21.1/net.minecraft.server.Main.main(Main.java:204) ~[server-1.21.1-20240808.144430-srg.jar%23154!/:?]
	at java.base/jdk.internal.reflect.DirectMethodHandleAccessor.invoke(DirectMethodHandleAccessor.java:103) ~[?:?]
	at java.base/java.lang.reflect.Method.invoke(Method.java:580) ~[?:?]
	at MC-BOOTSTRAP/fml_loader@4.0.41/net.neoforged.fml.loading.targets.CommonLaunchHandler.runTarget(CommonLaunchHandler.java:136) ~[loader-4.0.41.jar%2357!/:4.0]
	at MC-BOOTSTRAP/fml_loader@4.0.41/net.neoforged.fml.loading.targets.CommonLaunchHandler.serverService(CommonLaunchHandler.java:128) ~[loader-4.0.41.jar%2357!/:4.0]
	at MC-BOOTSTRAP/fml_loader@4.0.41/net.neoforged.fml.loading.targets.CommonServerLaunchHandler.runService(CommonServerLaunchHandler.java:32) ~[loader-4.0.41.jar%2357!/:4.0]
	at MC-BOOTSTRAP/fml_loader@4.0.41/net.neoforged.fml.loading.targets.CommonLaunchHandler.lambda$launchService$4(CommonLaunchHandler.java:118) ~[loader-4.0.41.jar%2357!/:4.0]
	at MC-BOOTSTRAP/cpw.mods.modlauncher@11.0.5/cpw.mods.modlauncher.LaunchServiceHandlerDecorator.launch(LaunchServiceHandlerDecorator.java:30) [modlauncher-11.0.5.jar%2362!/:?]
	at MC-BOOTSTRAP/cpw.mods.modlauncher@11.0.5/cpw.mods.modlauncher.LaunchServiceHandler.launch(LaunchServiceHandler.java:53) [modlauncher-11.0.5.jar%2362!/:?]
	at MC-BOOTSTRAP/cpw.mods.modlauncher@11.0.5/cpw.mods.modlauncher.LaunchServiceHandler.launch(LaunchServiceHandler.java:71) [modlauncher-11.0.5.jar%2362!/:?]
	at MC-BOOTSTRAP/cpw.mods.modlauncher@11.0.5/cpw.mods.modlauncher.Launcher.run(Launcher.java:103) [modlauncher-11.0.5.jar%2362!/:?]
	at MC-BOOTSTRAP/cpw.mods.modlauncher@11.0.5/cpw.mods.modlauncher.Launcher.main(Launcher.java:74) [modlauncher-11.0.5.jar%2362!/:?]
	at MC-BOOTSTRAP/cpw.mods.modlauncher@11.0.5/cpw.mods.modlauncher.BootstrapLaunchConsumer.accept(BootstrapLaunchConsumer.java:26) [modlauncher-11.0.5.jar%2362!/:?]
	at MC-BOOTSTRAP/cpw.mods.modlauncher@11.0.5/cpw.mods.modlauncher.BootstrapLaunchConsumer.accept(BootstrapLaunchConsumer.java:23) [modlauncher-11.0.5.jar%2362!/:?]
	at cpw.mods.bootstraplauncher@2.0.2/cpw.mods.bootstraplauncher.BootstrapLauncher.run(BootstrapLauncher.java:210) [bootstraplauncher-2.0.2.jar:?]
	at cpw.mods.bootstraplauncher@2.0.2/cpw.mods.bootstraplauncher.BootstrapLauncher.main(BootstrapLauncher.java:69) [bootstraplauncher-2.0.2.jar:?]
	at java.base/jdk.internal.reflect.DirectMethodHandleAccessor.invoke(DirectMethodHandleAccessor.java:103) ~[?:?]
	at java.base/java.lang.reflect.Method.invoke(Method.java:580) ~[?:?]
	at net.neoforged.serverstarterjar.Main.mainLaunch(Main.java:297) [vanilla.jar:0.1.34]
	at net.neoforged.serverstarterjar.Main.main(Main.java:76) [vanilla.jar:0.1.34]
	at java.base/jdk.internal.reflect.DirectMethodHandleAccessor.invoke(DirectMethodHandleAccessor.java:103) ~[?:?]
	at java.base/java.lang.reflect.Method.invoke(Method.java:580) ~[?:?]
	at net.neoforged.serverstarterjar.Main8.main(Main8.java:19) [vanilla.jar:0.1.34]
[13Nov2025 07:44:04.230] [main/ERROR] [net.minecraft.world.item.crafting.RecipeManager/]: Parsing error loading recipe iceandfire:delight/ghost_cream
com.google.gson.JsonParseException: Unknown registry key in ResourceKey[minecraft:root / minecraft:recipe_serializer]: farmersdelight:cooking
	at MC-BOOTSTRAP/datafixerupper@8.0.16/com.mojang.serialization.DataResult$Error.getOrThrow(DataResult.java:287) ~[datafixerupper-8.0.16.jar%2398!/:?]
	at TRANSFORMER/minecraft@1.21.1/net.minecraft.world.item.crafting.RecipeManager.apply(RecipeManager.java:60) ~[server-1.21.1-20240808.144430-srg.jar%23154!/:?]
	at TRANSFORMER/minecraft@1.21.1/net.minecraft.world.item.crafting.RecipeManager.apply(RecipeManager.java:36) ~[server-1.21.1-20240808.144430-srg.jar%23154!/:?]
	at TRANSFORMER/minecraft@1.21.1/net.minecraft.server.packs.resources.SimplePreparableReloadListener.lambda$reload$1(SimplePreparableReloadListener.java:19) ~[server-1.21.1-20240808.144430-srg.jar%23154!/:?]
	at java.base/java.util.concurrent.CompletableFuture$UniAccept.tryFire(CompletableFuture.java:718) ~[?:?]
	at java.base/java.util.concurrent.CompletableFuture$Completion.run(CompletableFuture.java:482) ~[?:?]
	at TRANSFORMER/minecraft@1.21.1/net.minecraft.server.packs.resources.SimpleReloadInstance.lambda$new$3(SimpleReloadInstance.java:69) ~[server-1.21.1-20240808.144430-srg.jar%23154!/:?]
	at TRANSFORMER/minecraft@1.21.1/net.minecraft.Util.blockUntilDone(Util.java:872) ~[server-1.21.1-20240808.144430-srg.jar%23154!/:?]
	at TRANSFORMER/minecraft@1.21.1/net.minecraft.Util.blockUntilDone(Util.java:861) ~[server-1.21.1-20240808.144430-srg.jar%23154!/:?]
	at TRANSFORMER/minecraft@1.21.1/net.minecraft.server.Main.main(Main.java:204) ~[server-1.21.1-20240808.144430-srg.jar%23154!/:?]
	at java.base/jdk.internal.reflect.DirectMethodHandleAccessor.invoke(DirectMethodHandleAccessor.java:103) ~[?:?]
	at java.base/java.lang.reflect.Method.invoke(Method.java:580) ~[?:?]
	at MC-BOOTSTRAP/fml_loader@4.0.41/net.neoforged.fml.loading.targets.CommonLaunchHandler.runTarget(CommonLaunchHandler.java:136) ~[loader-4.0.41.jar%2357!/:4.0]
	at MC-BOOTSTRAP/fml_loader@4.0.41/net.neoforged.fml.loading.targets.CommonLaunchHandler.serverService(CommonLaunchHandler.java:128) ~[loader-4.0.41.jar%2357!/:4.0]
	at MC-BOOTSTRAP/fml_loader@4.0.41/net.neoforged.fml.loading.targets.CommonServerLaunchHandler.runService(CommonServerLaunchHandler.java:32) ~[loader-4.0.41.jar%2357!/:4.0]
	at MC-BOOTSTRAP/fml_loader@4.0.41/net.neoforged.fml.loading.targets.CommonLaunchHandler.lambda$launchService$4(CommonLaunchHandler.java:118) ~[loader-4.0.41.jar%2357!/:4.0]
	at MC-BOOTSTRAP/cpw.mods.modlauncher@11.0.5/cpw.mods.modlauncher.LaunchServiceHandlerDecorator.launch(LaunchServiceHandlerDecorator.java:30) [modlauncher-11.0.5.jar%2362!/:?]
	at MC-BOOTSTRAP/cpw.mods.modlauncher@11.0.5/cpw.mods.modlauncher.LaunchServiceHandler.launch(LaunchServiceHandler.java:53) [modlauncher-11.0.5.jar%2362!/:?]
	at MC-BOOTSTRAP/cpw.mods.modlauncher@11.0.5/cpw.mods.modlauncher.LaunchServiceHandler.launch(LaunchServiceHandler.java:71) [modlauncher-11.0.5.jar%2362!/:?]
	at MC-BOOTSTRAP/cpw.mods.modlauncher@11.0.5/cpw.mods.modlauncher.Launcher.run(Launcher.java:103) [modlauncher-11.0.5.jar%2362!/:?]
	at MC-BOOTSTRAP/cpw.mods.modlauncher@11.0.5/cpw.mods.modlauncher.Launcher.main(Launcher.java:74) [modlauncher-11.0.5.jar%2362!/:?]
	at MC-BOOTSTRAP/cpw.mods.modlauncher@11.0.5/cpw.mods.modlauncher.BootstrapLaunchConsumer.accept(BootstrapLaunchConsumer.java:26) [modlauncher-11.0.5.jar%2362!/:?]
	at MC-BOOTSTRAP/cpw.mods.modlauncher@11.0.5/cpw.mods.modlauncher.BootstrapLaunchConsumer.accept(BootstrapLaunchConsumer.java:23) [modlauncher-11.0.5.jar%2362!/:?]
	at cpw.mods.bootstraplauncher@2.0.2/cpw.mods.bootstraplauncher.BootstrapLauncher.run(BootstrapLauncher.java:210) [bootstraplauncher-2.0.2.jar:?]
	at cpw.mods.bootstraplauncher@2.0.2/cpw.mods.bootstraplauncher.BootstrapLauncher.main(BootstrapLauncher.java:69) [bootstraplauncher-2.0.2.jar:?]
	at java.base/jdk.internal.reflect.DirectMethodHandleAccessor.invoke(DirectMethodHandleAccessor.java:103) ~[?:?]
	at java.base/java.lang.reflect.Method.invoke(Method.java:580) ~[?:?]
	at net.neoforged.serverstarterjar.Main.mainLaunch(Main.java:297) [vanilla.jar:0.1.34]
	at net.neoforged.serverstarterjar.Main.main(Main.java:76) [vanilla.jar:0.1.34]
	at java.base/jdk.internal.reflect.DirectMethodHandleAccessor.invoke(DirectMethodHandleAccessor.java:103) ~[?:?]
	at java.base/java.lang.reflect.Method.invoke(Method.java:580) ~[?:?]
	at net.neoforged.serverstarterjar.Main8.main(Main8.java:19) [vanilla.jar:0.1.34]
[13Nov2025 07:44:04.240] [main/ERROR] [net.minecraft.world.item.crafting.RecipeManager/]: Parsing error loading recipe iceandfire:delight/cooked_rice_with_fire_dragon_meat
com.google.gson.JsonParseException: Unknown registry key in ResourceKey[minecraft:root / minecraft:recipe_serializer]: farmersdelight:cooking
	at MC-BOOTSTRAP/datafixerupper@8.0.16/com.mojang.serialization.DataResult$Error.getOrThrow(DataResult.java:287) ~[datafixerupper-8.0.16.jar%2398!/:?]
	at TRANSFORMER/minecraft@1.21.1/net.minecraft.world.item.crafting.RecipeManager.apply(RecipeManager.java:60) ~[server-1.21.1-20240808.144430-srg.jar%23154!/:?]
	at TRANSFORMER/minecraft@1.21.1/net.minecraft.world.item.crafting.RecipeManager.apply(RecipeManager.java:36) ~[server-1.21.1-20240808.144430-srg.jar%23154!/:?]
	at TRANSFORMER/minecraft@1.21.1/net.minecraft.server.packs.resources.SimplePreparableReloadListener.lambda$reload$1(SimplePreparableReloadListener.java:19) ~[server-1.21.1-20240808.144430-srg.jar%23154!/:?]
	at java.base/java.util.concurrent.CompletableFuture$UniAccept.tryFire(CompletableFuture.java:718) ~[?:?]
	at java.base/java.util.concurrent.CompletableFuture$Completion.run(CompletableFuture.java:482) ~[?:?]
	at TRANSFORMER/minecraft@1.21.1/net.minecraft.server.packs.resources.SimpleReloadInstance.lambda$new$3(SimpleReloadInstance.java:69) ~[server-1.21.1-20240808.144430-srg.jar%23154!/:?]
	at TRANSFORMER/minecraft@1.21.1/net.minecraft.Util.blockUntilDone(Util.java:872) ~[server-1.21.1-20240808.144430-srg.jar%23154!/:?]
	at TRANSFORMER/minecraft@1.21.1/net.minecraft.Util.blockUntilDone(Util.java:861) ~[server-1.21.1-20240808.144430-srg.jar%23154!/:?]
	at TRANSFORMER/minecraft@1.21.1/net.minecraft.server.Main.main(Main.java:204) ~[server-1.21.1-20240808.144430-srg.jar%23154!/:?]
	at java.base/jdk.internal.reflect.DirectMethodHandleAccessor.invoke(DirectMethodHandleAccessor.java:103) ~[?:?]
	at java.base/java.lang.reflect.Method.invoke(Method.java:580) ~[?:?]
	at MC-BOOTSTRAP/fml_loader@4.0.41/net.neoforged.fml.loading.targets.CommonLaunchHandler.runTarget(CommonLaunchHandler.java:136) ~[loader-4.0.41.jar%2357!/:4.0]
	at MC-BOOTSTRAP/fml_loader@4.0.41/net.neoforged.fml.loading.targets.CommonLaunchHandler.serverService(CommonLaunchHandler.java:128) ~[loader-4.0.41.jar%2357!/:4.0]
	at MC-BOOTSTRAP/fml_loader@4.0.41/net.neoforged.fml.loading.targets.CommonServerLaunchHandler.runService(CommonServerLaunchHandler.java:32) ~[loader-4.0.41.jar%2357!/:4.0]
	at MC-BOOTSTRAP/fml_loader@4.0.41/net.neoforged.fml.loading.targets.CommonLaunchHandler.lambda$launchService$4(CommonLaunchHandler.java:118) ~[loader-4.0.41.jar%2357!/:4.0]
	at MC-BOOTSTRAP/cpw.mods.modlauncher@11.0.5/cpw.mods.modlauncher.LaunchServiceHandlerDecorator.launch(LaunchServiceHandlerDecorator.java:30) [modlauncher-11.0.5.jar%2362!/:?]
	at MC-BOOTSTRAP/cpw.mods.modlauncher@11.0.5/cpw.mods.modlauncher.LaunchServiceHandler.launch(LaunchServiceHandler.java:53) [modlauncher-11.0.5.jar%2362!/:?]
	at MC-BOOTSTRAP/cpw.mods.modlauncher@11.0.5/cpw.mods.modlauncher.LaunchServiceHandler.launch(LaunchServiceHandler.java:71) [modlauncher-11.0.5.jar%2362!/:?]
	at MC-BOOTSTRAP/cpw.mods.modlauncher@11.0.5/cpw.mods.modlauncher.Launcher.run(Launcher.java:103) [modlauncher-11.0.5.jar%2362!/:?]
	at MC-BOOTSTRAP/cpw.mods.modlauncher@11.0.5/cpw.mods.modlauncher.Launcher.main(Launcher.java:74) [modlauncher-11.0.5.jar%2362!/:?]
	at MC-BOOTSTRAP/cpw.mods.modlauncher@11.0.5/cpw.mods.modlauncher.BootstrapLaunchConsumer.accept(BootstrapLaunchConsumer.java:26) [modlauncher-11.0.5.jar%2362!/:?]
	at MC-BOOTSTRAP/cpw.mods.modlauncher@11.0.5/cpw.mods.modlauncher.BootstrapLaunchConsumer.accept(BootstrapLaunchConsumer.java:23) [modlauncher-11.0.5.jar%2362!/:?]
	at cpw.mods.bootstraplauncher@2.0.2/cpw.mods.bootstraplauncher.BootstrapLauncher.run(BootstrapLauncher.java:210) [bootstraplauncher-2.0.2.jar:?]
	at cpw.mods.bootstraplauncher@2.0.2/cpw.mods.bootstraplauncher.BootstrapLauncher.main(BootstrapLauncher.java:69) [bootstraplauncher-2.0.2.jar:?]
	at java.base/jdk.internal.reflect.DirectMethodHandleAccessor.invoke(DirectMethodHandleAccessor.java:103) ~[?:?]
	at java.base/java.lang.reflect.Method.invoke(Method.java:580) ~[?:?]
	at net.neoforged.serverstarterjar.Main.mainLaunch(Main.java:297) [vanilla.jar:0.1.34]
	at net.neoforged.serverstarterjar.Main.main(Main.java:76) [vanilla.jar:0.1.34]
	at java.base/jdk.internal.reflect.DirectMethodHandleAccessor.invoke(DirectMethodHandleAccessor.java:103) ~[?:?]
	at java.base/java.lang.reflect.Method.invoke(Method.java:580) ~[?:?]
	at net.neoforged.serverstarterjar.Main8.main(Main8.java:19) [vanilla.jar:0.1.34]
[13Nov2025 07:44:04.248] [main/INFO] [net.minecraft.world.item.crafting.RecipeManager/]: Loaded 3945 recipes
[13Nov2025 07:44:04.661] [main/ERROR] [net.minecraft.advancements.AdvancementTree/]: Couldn't load advancements: [dungeons_arise:find_thornborn_towers, dungeons_arise:find_fishing_hut]
[13Nov2025 07:44:04.661] [main/INFO] [net.minecraft.advancements.AdvancementTree/]: Loaded 4039 advancements
[13Nov2025 07:44:04.667] [main/INFO] [com.iafenvoy.iceandfire.IceAndFire/]: Ice And Fire common config version match.
[13Nov2025 07:44:04.668] [main/INFO] [com.iafenvoy.jupiter.Jupiter/]: Successfully reload 1 server config(s).
[13Nov2025 07:44:04.673] [main/INFO] [Curios API/]: Loaded 11 curio slots
[13Nov2025 07:44:04.677] [main/INFO] [Curios API/]: Loaded 11 curio entities
[13Nov2025 07:44:04.679] [main/DEBUG] [twilightforest/]: Loaded Stalactite twilightforest:twilight/stalactites/entries/hill_stone_stalactite.json for config medium_hollow_hill
[13Nov2025 07:44:04.679] [main/DEBUG] [twilightforest/]: Loaded Stalactite twilightforest:twilight/stalactites/entries/iron_stalactite.json for config medium_hollow_hill
[13Nov2025 07:44:04.680] [main/DEBUG] [twilightforest/]: Loaded Stalactite twilightforest:twilight/stalactites/entries/coal_stalactite.json for config medium_hollow_hill
[13Nov2025 07:44:04.680] [main/DEBUG] [twilightforest/]: Loaded Stalactite twilightforest:twilight/stalactites/entries/copper_stalactite.json for config medium_hollow_hill
[13Nov2025 07:44:04.680] [main/DEBUG] [twilightforest/]: Loaded Stalactite twilightforest:twilight/stalactites/entries/glowstone_stalactite.json for config medium_hollow_hill
[13Nov2025 07:44:04.680] [main/DEBUG] [twilightforest/]: Loaded Stalactite twilightforest:twilight/stalactites/entries/gold_stalactite.json for config medium_hollow_hill
[13Nov2025 07:44:04.680] [main/DEBUG] [twilightforest/]: Loaded Stalactite twilightforest:twilight/stalactites/entries/redstone_stalactite.json for config medium_hollow_hill
[13Nov2025 07:44:04.680] [main/DEBUG] [twilightforest/]: Loaded Stalactite twilightforest:twilight/stalactites/entries/hill_stone_stalactite.json for config medium_hollow_hill
[13Nov2025 07:44:04.680] [main/DEBUG] [twilightforest/]: Loaded Stalactite twilightforest:twilight/stalactites/entries/ice_stalactite.json for config yeti_cave
[13Nov2025 07:44:04.680] [main/DEBUG] [twilightforest/]: Loaded Stalactite twilightforest:twilight/stalactites/entries/packed_ice_stalactite.json for config yeti_cave
[13Nov2025 07:44:04.680] [main/DEBUG] [twilightforest/]: Loaded Stalactite twilightforest:twilight/stalactites/entries/blue_ice_stalactite.json for config yeti_cave
[13Nov2025 07:44:04.681] [main/DEBUG] [twilightforest/]: Loaded Stalactite twilightforest:twilight/stalactites/entries/hill_stone_stalactite.json for config large_hollow_hill
[13Nov2025 07:44:04.681] [main/DEBUG] [twilightforest/]: Loaded Stalactite twilightforest:twilight/stalactites/entries/iron_stalactite.json for config large_hollow_hill
[13Nov2025 07:44:04.681] [main/DEBUG] [twilightforest/]: Loaded Stalactite twilightforest:twilight/stalactites/entries/coal_stalactite.json for config large_hollow_hill
[13Nov2025 07:44:04.681] [main/DEBUG] [twilightforest/]: Loaded Stalactite twilightforest:twilight/stalactites/entries/copper_stalactite.json for config large_hollow_hill
[13Nov2025 07:44:04.681] [main/DEBUG] [twilightforest/]: Loaded Stalactite twilightforest:twilight/stalactites/entries/glowstone_stalactite.json for config large_hollow_hill
[13Nov2025 07:44:04.681] [main/DEBUG] [twilightforest/]: Loaded Stalactite twilightforest:twilight/stalactites/entries/gold_stalactite.json for config large_hollow_hill
[13Nov2025 07:44:04.681] [main/DEBUG] [twilightforest/]: Loaded Stalactite twilightforest:twilight/stalactites/entries/redstone_stalactite.json for config large_hollow_hill
[13Nov2025 07:44:04.681] [main/DEBUG] [twilightforest/]: Loaded Stalactite twilightforest:twilight/stalactites/entries/diamond_stalactite.json for config large_hollow_hill
[13Nov2025 07:44:04.681] [main/DEBUG] [twilightforest/]: Loaded Stalactite twilightforest:twilight/stalactites/entries/lapis_stalactite.json for config large_hollow_hill
[13Nov2025 07:44:04.681] [main/DEBUG] [twilightforest/]: Loaded Stalactite twilightforest:twilight/stalactites/entries/emerald_stalactite.json for config large_hollow_hill
[13Nov2025 07:44:04.682] [main/DEBUG] [twilightforest/]: Loaded Stalactite twilightforest:twilight/stalactites/entries/hill_stone_stalactite.json for config large_hollow_hill
[13Nov2025 07:44:04.682] [main/DEBUG] [twilightforest/]: Loaded Stalactite twilightforest:twilight/stalactites/entries/iron_stalactite.json for config hydra_lair
[13Nov2025 07:44:04.682] [main/DEBUG] [twilightforest/]: Loaded Stalactite twilightforest:twilight/stalactites/entries/coal_stalactite.json for config hydra_lair
[13Nov2025 07:44:04.682] [main/DEBUG] [twilightforest/]: Loaded Stalactite twilightforest:twilight/stalactites/entries/copper_stalactite.json for config hydra_lair
[13Nov2025 07:44:04.682] [main/DEBUG] [twilightforest/]: Loaded Stalactite twilightforest:twilight/stalactites/entries/glowstone_stalactite.json for config hydra_lair
[13Nov2025 07:44:04.682] [main/DEBUG] [twilightforest/]: Loaded Stalactite twilightforest:twilight/stalactites/entries/gold_stalactite.json for config hydra_lair
[13Nov2025 07:44:04.682] [main/DEBUG] [twilightforest/]: Loaded Stalactite twilightforest:twilight/stalactites/entries/redstone_stalactite.json for config hydra_lair
[13Nov2025 07:44:04.682] [main/DEBUG] [twilightforest/]: Loaded Stalactite twilightforest:twilight/stalactites/entries/hill_stone_stalactite.json for config hydra_lair
[13Nov2025 07:44:04.682] [main/DEBUG] [twilightforest/]: Loaded Stalactite twilightforest:twilight/stalactites/entries/hill_stone_stalactite.json for config small_hollow_hill
[13Nov2025 07:44:04.682] [main/DEBUG] [twilightforest/]: Loaded Stalactite twilightforest:twilight/stalactites/entries/iron_stalactite.json for config small_hollow_hill
[13Nov2025 07:44:04.682] [main/DEBUG] [twilightforest/]: Loaded Stalactite twilightforest:twilight/stalactites/entries/coal_stalactite.json for config small_hollow_hill
[13Nov2025 07:44:04.682] [main/DEBUG] [twilightforest/]: Loaded Stalactite twilightforest:twilight/stalactites/entries/copper_stalactite.json for config small_hollow_hill
[13Nov2025 07:44:04.683] [main/DEBUG] [twilightforest/]: Loaded Stalactite twilightforest:twilight/stalactites/entries/glowstone_stalactite.json for config small_hollow_hill
[13Nov2025 07:44:04.683] [main/DEBUG] [twilightforest/]: Loaded Stalactite twilightforest:twilight/stalactites/entries/hill_stone_stalactite.json for config small_hollow_hill
[13Nov2025 07:44:04.683] [main/DEBUG] [twilightforest/]: Loaded Stalactite twilightforest:twilight/stalactites/entries/hill_stone_stalactite.json for config troll_cave
[13Nov2025 07:44:04.683] [main/DEBUG] [twilightforest/]: Loaded Stalactite twilightforest:twilight/stalactites/entries/hill_stone_stalactite.json for config troll_cave
[13Nov2025 07:44:04.684] [main/DEBUG] [twilightforest/]: Questing Ram quest set by mod twilightforest
[13Nov2025 07:44:08.223] [main/DEBUG] [net.neoforged.neoforge.common.CommonHooks/WP]: Gathered mod list to write to world save world
[13Nov2025 07:44:08.323] [main/DEBUG] [mixin/]: Mixing DedicatedServerMixin from tombstone.mixins.json into net.minecraft.server.dedicated.DedicatedServer
[13Nov2025 07:44:08.324] [main/DEBUG] [mixin/]: tombstone.mixins.json:DedicatedServerMixin from mod tombstone->@Inject::methodIsUnderSpawnProtection(Lnet/minecraft/server/level/ServerLevel;Lnet/minecraft/core/BlockPos;Lnet/minecraft/world/entity/player/Player;Lorg/spongepowered/asm/mixin/injection/callback/CallbackInfoReturnable;)V does use it's CallbackInfoReturnable
[13Nov2025 07:44:08.325] [main/DEBUG] [mixin/]: tombstone.mixins.json:DedicatedServerMixin from mod tombstone->@Inject::methodIsUnderSpawnProtection(Lnet/minecraft/server/level/ServerLevel;Lnet/minecraft/core/BlockPos;Lnet/minecraft/world/entity/player/Player;Lorg/spongepowered/asm/mixin/injection/callback/CallbackInfoReturnable;)V does use it's CallbackInfoReturnable
[13Nov2025 07:44:08.325] [main/DEBUG] [mixin/]: tombstone.mixins.json:DedicatedServerMixin from mod tombstone->@Inject::methodIsUnderSpawnProtection(Lnet/minecraft/server/level/ServerLevel;Lnet/minecraft/core/BlockPos;Lnet/minecraft/world/entity/player/Player;Lorg/spongepowered/asm/mixin/injection/callback/CallbackInfoReturnable;)V does use it's CallbackInfoReturnable
[13Nov2025 07:44:08.325] [main/DEBUG] [mixin/]: tombstone.mixins.json:DedicatedServerMixin from mod tombstone->@Inject::methodIsUnderSpawnProtection(Lnet/minecraft/server/level/ServerLevel;Lnet/minecraft/core/BlockPos;Lnet/minecraft/world/entity/player/Player;Lorg/spongepowered/asm/mixin/injection/callback/CallbackInfoReturnable;)V does use it's CallbackInfoReturnable
[13Nov2025 07:44:08.325] [main/DEBUG] [mixin/]: tombstone.mixins.json:DedicatedServerMixin from mod tombstone->@Inject::methodIsUnderSpawnProtection(Lnet/minecraft/server/level/ServerLevel;Lnet/minecraft/core/BlockPos;Lnet/minecraft/world/entity/player/Player;Lorg/spongepowered/asm/mixin/injection/callback/CallbackInfoReturnable;)V does use it's CallbackInfoReturnable
[13Nov2025 07:44:08.331] [main/DEBUG] [mixin/]: Mixing PlayerManagerMixin from uranus.mixins.json into net.minecraft.server.players.PlayerList
[13Nov2025 07:44:08.331] [main/DEBUG] [mixin/]: uranus.mixins.json:PlayerManagerMixin from mod uranus: Class version 65 required is higher than the class version supported by the current version of Mixin (JAVA_17 supports class version 61)
[13Nov2025 07:44:08.332] [main/DEBUG] [mixin/]: Mixing camera.PlayerListMixin from securitycraft.mixins.json into net.minecraft.server.players.PlayerList
[13Nov2025 07:44:08.333] [main/DEBUG] [mixin/]: Mixing MixinPlayerManager from c2me-notickvd.mixins.json into net.minecraft.server.players.PlayerList
[13Nov2025 07:44:08.335] [main/DEBUG] [mixin/]: uranus.mixins.json:PlayerManagerMixin from mod uranus->@Inject::onPlayerLoggedOut(Lnet/minecraft/server/level/ServerPlayer;ZLnet/minecraft/world/entity/Entity$RemovalReason;Lorg/spongepowered/asm/mixin/injection/callback/CallbackInfoReturnable;)V doesn't use it's CallbackInfoReturnable
[13Nov2025 07:44:08.335] [main/DEBUG] [mixin/]: uranus.mixins.json:PlayerManagerMixin from mod uranus->@Inject::onPlayerLoggedOut(Lnet/minecraft/server/level/ServerPlayer;ZLnet/minecraft/world/entity/Entity$RemovalReason;Lorg/spongepowered/asm/mixin/injection/callback/CallbackInfoReturnable;)V has 0 override(s) in child classes
[13Nov2025 07:44:08.335] [main/DEBUG] [mixin/]: uranus.mixins.json:PlayerManagerMixin from mod uranus->@Inject::onPlayerLoggedOut(Lnet/minecraft/server/level/ServerPlayer;ZLnet/minecraft/world/entity/Entity$RemovalReason;Lorg/spongepowered/asm/mixin/injection/callback/CallbackInfoReturnable;)V won't be passed a CallbackInfoReturnable as a result
[13Nov2025 07:44:08.335] [main/DEBUG] [mixin/]: securitycraft.mixins.json:camera.PlayerListMixin from mod securitycraft->@Inject::securitycraft$broadcastToCameras(Lnet/minecraft/world/entity/player/Player;DDDDLnet/minecraft/resources/ResourceKey;Lnet/minecraft/network/protocol/Packet;Lorg/spongepowered/asm/mixin/injection/callback/CallbackInfo;)V does use it's CallbackInfo
[13Nov2025 07:44:08.368] [Server thread/INFO] [net.minecraft.server.dedicated.DedicatedServer/]: Starting minecraft server version 1.21.1
[13Nov2025 07:44:08.368] [Server thread/INFO] [net.minecraft.server.dedicated.DedicatedServer/]: Loading properties
[13Nov2025 07:44:08.368] [Server thread/INFO] [net.minecraft.server.dedicated.DedicatedServer/]: Default game type: SURVIVAL
[13Nov2025 07:44:08.368] [Server thread/INFO] [net.minecraft.server.MinecraftServer/]: Generating keypair
[13Nov2025 07:44:08.485] [Server thread/INFO] [net.minecraft.server.dedicated.DedicatedServer/]: Starting Minecraft server on *:25565
[13Nov2025 07:44:08.486] [Server thread/DEBUG] [net.neoforged.neoforge.network.DualStackUtils/]: Detected IPv6 address: "0:0:0:0:0:0:0:0"
[13Nov2025 07:44:08.491] [Server thread/DEBUG] [io.netty.util.internal.NativeLibraryLoader/]: -Dio.netty.native.workdir: /tmp (io.netty.tmpdir)
[13Nov2025 07:44:08.492] [Server thread/DEBUG] [io.netty.util.internal.NativeLibraryLoader/]: -Dio.netty.native.deleteLibAfterLoading: true
[13Nov2025 07:44:08.492] [Server thread/DEBUG] [io.netty.util.internal.NativeLibraryLoader/]: -Dio.netty.native.tryPatchShadedId: true
[13Nov2025 07:44:08.492] [Server thread/DEBUG] [io.netty.util.internal.NativeLibraryLoader/]: -Dio.netty.native.detectNativeLibraryDuplicates: true
[13Nov2025 07:44:08.499] [Server thread/DEBUG] [io.netty.util.internal.NativeLibraryLoader/]: Successfully loaded the library /tmp/libnetty_transport_native_epoll_x86_6411053435943155728129.so
[13Nov2025 07:44:08.501] [Server thread/DEBUG] [io.netty.util.NetUtil/]: -Djava.net.preferIPv4Stack: false
[13Nov2025 07:44:08.502] [Server thread/DEBUG] [io.netty.util.NetUtil/]: -Djava.net.preferIPv6Addresses: true
[13Nov2025 07:44:08.503] [Server thread/DEBUG] [io.netty.util.NetUtilInitializations/]: Loopback interface: lo (lo, 0:0:0:0:0:0:0:1%lo)
[13Nov2025 07:44:08.504] [Server thread/DEBUG] [io.netty.util.NetUtil/]: /proc/sys/net/core/somaxconn: 4096
[13Nov2025 07:44:08.509] [Server thread/DEBUG] [io.netty.channel.MultithreadEventLoopGroup/]: -Dio.netty.eventLoopThreads: 8
[13Nov2025 07:44:08.517] [Server thread/DEBUG] [io.netty.util.concurrent.GlobalEventExecutor/]: -Dio.netty.globalEventExecutor.quietPeriodSeconds: 1
[13Nov2025 07:44:08.528] [Server thread/INFO] [net.minecraft.server.network.ServerConnectionListener/]: Using epoll channel type
[13Nov2025 07:44:08.543] [Server thread/DEBUG] [io.netty.channel.DefaultChannelId/]: -Dio.netty.processId: 4189 (auto-detected)
[13Nov2025 07:44:08.544] [Server thread/DEBUG] [io.netty.channel.DefaultChannelId/]: -Dio.netty.machineId: 60:45:bd:ff:fe:d2:1c:ac (auto-detected)
[13Nov2025 07:44:08.559] [Server thread/WARN] [net.minecraft.server.dedicated.DedicatedServer/]: **** SERVER IS RUNNING IN OFFLINE/INSECURE MODE!
[13Nov2025 07:44:08.559] [Server thread/WARN] [net.minecraft.server.dedicated.DedicatedServer/]: The server will make no attempt to authenticate usernames. Beware.
[13Nov2025 07:44:08.559] [Server thread/WARN] [net.minecraft.server.dedicated.DedicatedServer/]: While this makes the game possible to play without internet access, it also opens up the ability for hackers to connect with any username they choose.
[13Nov2025 07:44:08.560] [Server thread/WARN] [net.minecraft.server.dedicated.DedicatedServer/]: To change this, set "online-mode" to "true" in the server.properties file.
[13Nov2025 07:44:08.570] [Server thread/DEBUG] [net.neoforged.fml.config.ConfigTracker/CONFIG]: Loading configs type SERVER
[13Nov2025 07:44:08.571] [Server thread/DEBUG] [net.neoforged.fml.config.ConfigTracker/CONFIG]: Loaded TOML config file /workspaces/server2holaa/servidor_minecraft/config/jei-server.toml
[13Nov2025 07:44:08.571] [Server thread/DEBUG] [net.neoforged.fml.config.ConfigTracker/CONFIG]: Watching TOML config file /workspaces/server2holaa/servidor_minecraft/config/jei-server.toml for changes
[13Nov2025 07:44:08.571] [Server thread/INFO] [journeymap/]: Loading JourneyMap Forge Configs
[13Nov2025 07:44:08.572] [Server thread/DEBUG] [net.neoforged.fml.config.ConfigTracker/CONFIG]: Loaded TOML config file /workspaces/server2holaa/servidor_minecraft/config/journeymap-server.toml
[13Nov2025 07:44:08.572] [Server thread/DEBUG] [net.neoforged.fml.config.ConfigTracker/CONFIG]: Watching TOML config file /workspaces/server2holaa/servidor_minecraft/config/journeymap-server.toml for changes
[13Nov2025 07:44:08.572] [Server thread/INFO] [Puzzles Lib/]: Dispatching loading event for config mutantmonsters-server.toml
[13Nov2025 07:44:08.578] [Server thread/DEBUG] [net.neoforged.fml.config.ConfigTracker/CONFIG]: Loaded TOML config file /workspaces/server2holaa/servidor_minecraft/config/mutantmonsters-server.toml
[13Nov2025 07:44:08.578] [Server thread/DEBUG] [net.neoforged.fml.config.ConfigTracker/CONFIG]: Watching TOML config file /workspaces/server2holaa/servidor_minecraft/config/mutantmonsters-server.toml for changes
[13Nov2025 07:44:08.579] [Server thread/DEBUG] [net.neoforged.neoforge.common.NeoForgeConfig/FORGEMOD]: Loaded NeoForge config file neoforge-server.toml
[13Nov2025 07:44:08.579] [Server thread/DEBUG] [net.neoforged.fml.config.ConfigTracker/CONFIG]: Loaded TOML config file /workspaces/server2holaa/servidor_minecraft/config/neoforge-server.toml
[13Nov2025 07:44:08.579] [Server thread/DEBUG] [net.neoforged.fml.config.ConfigTracker/CONFIG]: Watching TOML config file /workspaces/server2holaa/servidor_minecraft/config/neoforge-server.toml for changes
[13Nov2025 07:44:08.579] [Server thread/DEBUG] [net.neoforged.fml.config.ConfigTracker/CONFIG]: Loaded TOML config file /workspaces/server2holaa/servidor_minecraft/config/curios-server.toml
[13Nov2025 07:44:08.579] [Server thread/DEBUG] [net.neoforged.fml.config.ConfigTracker/CONFIG]: Watching TOML config file /workspaces/server2holaa/servidor_minecraft/config/curios-server.toml for changes
[13Nov2025 07:44:08.582] [Server thread/DEBUG] [net.neoforged.fml.config.ConfigTracker/CONFIG]: Loaded TOML config file /workspaces/server2holaa/servidor_minecraft/config/securitycraft-server.toml
[13Nov2025 07:44:08.582] [Server thread/DEBUG] [net.neoforged.fml.config.ConfigTracker/CONFIG]: Watching TOML config file /workspaces/server2holaa/servidor_minecraft/config/securitycraft-server.toml for changes
[13Nov2025 07:44:08.583] [Server thread/DEBUG] [net.neoforged.fml.config.ConfigTracker/CONFIG]: Loaded TOML config file /workspaces/server2holaa/servidor_minecraft/config/elevatorid-server.toml
[13Nov2025 07:44:08.583] [Server thread/DEBUG] [net.neoforged.fml.config.ConfigTracker/CONFIG]: Watching TOML config file /workspaces/server2holaa/servidor_minecraft/config/elevatorid-server.toml for changes
[13Nov2025 07:44:08.584] [Server thread/DEBUG] [net.neoforged.fml.config.ConfigTracker/CONFIG]: Loaded TOML config file /workspaces/server2holaa/servidor_minecraft/config/tombstone-server.toml
[13Nov2025 07:44:08.584] [Server thread/DEBUG] [net.neoforged.fml.config.ConfigTracker/CONFIG]: Watching TOML config file /workspaces/server2holaa/servidor_minecraft/config/tombstone-server.toml for changes
[13Nov2025 07:44:08.585] [Server thread/DEBUG] [net.neoforged.fml.config.ConfigTracker/CONFIG]: Loaded TOML config file /workspaces/server2holaa/servidor_minecraft/config/extragems-server.toml
[13Nov2025 07:44:08.585] [Server thread/DEBUG] [net.neoforged.fml.config.ConfigTracker/CONFIG]: Watching TOML config file /workspaces/server2holaa/servidor_minecraft/config/extragems-server.toml for changes
[13Nov2025 07:44:08.586] [Server thread/DEBUG] [mixin/]: Mixing accessor.BiomeSpecialEffectsBuilderNeoForgeAccessor from puzzleslib.neoforge.mixins.json into net.minecraft.world.level.biome.BiomeSpecialEffects$Builder
[13Nov2025 07:44:08.587] [Server thread/DEBUG] [mixin/]: puzzleslib.neoforge.mixins.json:accessor.BiomeSpecialEffectsBuilderNeoForgeAccessor from mod puzzleslib: Class version 65 required is higher than the class version supported by the current version of Mixin (JAVA_17 supports class version 61)
[13Nov2025 07:44:08.714] [Server thread/INFO] [Framework/]: Loading server configs...
[13Nov2025 07:44:08.720] [Server thread/DEBUG] [Framework/]: Started watching config: /workspaces/server2holaa/servidor_minecraft/config/refurbished_furniture.server.toml
[13Nov2025 07:44:08.728] [Server thread/INFO] [net.minecraft.server.dedicated.DedicatedServer/]: Preparing level "world"
[13Nov2025 07:44:08.738] [Server thread/INFO] [CheckedThreadLocalRandom/]: Enforcing safe world random access
[13Nov2025 07:44:08.741] [Server thread/DEBUG] [mixin/]: Mixing DamageSourcesMixin from tombstone.mixins.json into net.minecraft.world.damagesource.DamageSources
[13Nov2025 07:44:08.745] [Server thread/DEBUG] [mixin/]: tombstone.mixins.json:DamageSourcesMixin from mod tombstone->@Inject::methodArrow(Lnet/minecraft/world/entity/projectile/AbstractArrow;Lnet/minecraft/world/entity/Entity;Lorg/spongepowered/asm/mixin/injection/callback/CallbackInfoReturnable;)V does use it's CallbackInfoReturnable
[13Nov2025 07:44:08.745] [Server thread/DEBUG] [mixin/]: tombstone.mixins.json:DamageSourcesMixin from mod tombstone->@Inject::methodTrident(Lnet/minecraft/world/entity/Entity;Lnet/minecraft/world/entity/Entity;Lorg/spongepowered/asm/mixin/injection/callback/CallbackInfoReturnable;)V does use it's CallbackInfoReturnable
[13Nov2025 07:44:08.745] [Server thread/DEBUG] [mixin/]: tombstone.mixins.json:DamageSourcesMixin from mod tombstone->@Inject::methodPlayerAttack(Lnet/minecraft/world/entity/player/Player;Lorg/spongepowered/asm/mixin/injection/callback/CallbackInfoReturnable;)V does use it's CallbackInfoReturnable
[13Nov2025 07:44:08.745] [Server thread/DEBUG] [mixin/]: tombstone.mixins.json:DamageSourcesMixin from mod tombstone->@Inject::methodMobAttack(Lnet/minecraft/world/entity/LivingEntity;Lorg/spongepowered/asm/mixin/injection/callback/CallbackInfoReturnable;)V does use it's CallbackInfoReturnable
[13Nov2025 07:44:08.751] [Server thread/DEBUG] [mixin/]: Mixing access.IChunkTickScheduler from c2me-base.mixins.json into net.minecraft.world.ticks.LevelChunkTicks
[13Nov2025 07:44:08.761] [Server thread/DEBUG] [mixin/]: Mixing task_scheduling.MixinEntityChunkDataAccess from c2me-opts-scheduling.mixins.json into net.minecraft.world.level.chunk.storage.EntityStorage
[13Nov2025 07:44:08.764] [Server thread/DEBUG] [mixin/]: Mixing MixinChunkPosKeyedStorage from c2me-rewrites-chunkio.mixins.json into net.minecraft.world.level.chunk.storage.SimpleRegionStorage
[13Nov2025 07:44:08.768] [Server thread/DEBUG] [mixin/]: Mixing limit_nbt_cache.MixinStorageIoWorker from c2me-opts-chunkio.mixins.json into net.minecraft.world.level.chunk.storage.IOWorker
[13Nov2025 07:44:08.771] [Server thread/DEBUG] [mixin/]: Mixing async_serialization.MixinStorageIoWorker from c2me-rewrites-chunk-system.mixins.json into net.minecraft.world.level.chunk.storage.IOWorker
[13Nov2025 07:44:08.771] [Server thread/DEBUG] [mixin/]: Renaming synthetic method lambda$computeBlendingStatus$4(Ljava/util/BitSet;Ljava/lang/Void;)Ljava/util/BitSet; to md277493$c2me_rewrites_chunk_system$lambda$computeBlendingStatus$4$0 in c2me-rewrites-chunk-system.mixins.json:async_serialization.MixinStorageIoWorker from mod c2me_rewrites_chunk_system
[13Nov2025 07:44:08.772] [Server thread/DEBUG] [mixin/]: Renaming synthetic method lambda$computeBlendingStatus$3(I)[Ljava/util/concurrent/CompletableFuture; to md277493$c2me_rewrites_chunk_system$lambda$computeBlendingStatus$3$1 in c2me-rewrites-chunk-system.mixins.json:async_serialization.MixinStorageIoWorker from mod c2me_rewrites_chunk_system
[13Nov2025 07:44:08.772] [Server thread/DEBUG] [mixin/]: Renaming synthetic method lambda$computeBlendingStatus$2(Ljava/util/BitSet;Lnet/minecraft/world/level/ChunkPos;)Ljava/util/concurrent/CompletableFuture; to md277493$c2me_rewrites_chunk_system$lambda$computeBlendingStatus$2$2 in c2me-rewrites-chunk-system.mixins.json:async_serialization.MixinStorageIoWorker from mod c2me_rewrites_chunk_system
[13Nov2025 07:44:08.772] [Server thread/DEBUG] [mixin/]: Renaming synthetic method lambda$computeBlendingStatus$1(Lnet/minecraft/world/level/ChunkPos;Ljava/lang/Throwable;)Ljava/lang/Void; to md277493$c2me_rewrites_chunk_system$lambda$computeBlendingStatus$1$3 in c2me-rewrites-chunk-system.mixins.json:async_serialization.MixinStorageIoWorker from mod c2me_rewrites_chunk_system
[13Nov2025 07:44:08.772] [Server thread/DEBUG] [mixin/]: Renaming synthetic method lambda$computeBlendingStatus$0(Lnet/minecraft/nbt/visitors/CollectFields;Lnet/minecraft/world/level/ChunkPos;Ljava/util/BitSet;)V to md277493$c2me_rewrites_chunk_system$lambda$computeBlendingStatus$0$4 in c2me-rewrites-chunk-system.mixins.json:async_serialization.MixinStorageIoWorker from mod c2me_rewrites_chunk_system
[13Nov2025 07:44:08.775] [Server thread/DEBUG] [mixin/]: Mixing access.IStorageIoWorker from c2me-base.mixins.json into net.minecraft.world.level.chunk.storage.IOWorker
[13Nov2025 07:44:08.776] [Server thread/DEBUG] [mixin/]: Mixing theinterface.MixinStorageIoWorker from c2me-base.mixins.json into net.minecraft.world.level.chunk.storage.IOWorker
[13Nov2025 07:44:08.776] [Server thread/DEBUG] [mixin/]: Renaming synthetic method lambda$setRawChunkData$0(Lnet/minecraft/world/level/ChunkPos;[B)Lcom/mojang/datafixers/util/Either; to md277493$c2me_base$lambda$setRawChunkData$0$5 in c2me-base.mixins.json:theinterface.MixinStorageIoWorker from mod c2me_base
[13Nov2025 07:44:08.778] [Server thread/DEBUG] [mixin/]: Mixing MixinStorageIoWorker from c2me-rewrites-chunkio.mixins.json into net.minecraft.world.level.chunk.storage.IOWorker
[13Nov2025 07:44:08.784] [Server thread/DEBUG] [mixin/]: c2me-opts-chunkio.mixins.json:limit_nbt_cache.MixinStorageIoWorker from mod c2me_opts_chunkio->@Inject::preTask(Lorg/spongepowered/asm/mixin/injection/callback/CallbackInfo;)V doesn't use it's CallbackInfo
[13Nov2025 07:44:08.784] [Server thread/DEBUG] [mixin/]: c2me-opts-chunkio.mixins.json:limit_nbt_cache.MixinStorageIoWorker from mod c2me_opts_chunkio->@Inject::preTask(Lorg/spongepowered/asm/mixin/injection/callback/CallbackInfo;)V has 0 override(s) in child classes
[13Nov2025 07:44:08.784] [Server thread/DEBUG] [mixin/]: c2me-opts-chunkio.mixins.json:limit_nbt_cache.MixinStorageIoWorker from mod c2me_opts_chunkio->@Inject::preTask(Lorg/spongepowered/asm/mixin/injection/callback/CallbackInfo;)V won't be passed a CallbackInfo as a result
[13Nov2025 07:44:08.784] [Server thread/DEBUG] [mixin/]: c2me-opts-chunkio.mixins.json:limit_nbt_cache.MixinStorageIoWorker from mod c2me_opts_chunkio->@Inject::onWriteResult(Lorg/spongepowered/asm/mixin/injection/callback/CallbackInfo;)V doesn't use it's CallbackInfo
[13Nov2025 07:44:08.784] [Server thread/DEBUG] [mixin/]: c2me-opts-chunkio.mixins.json:limit_nbt_cache.MixinStorageIoWorker from mod c2me_opts_chunkio->@Inject::onWriteResult(Lorg/spongepowered/asm/mixin/injection/callback/CallbackInfo;)V has 0 override(s) in child classes
[13Nov2025 07:44:08.784] [Server thread/DEBUG] [mixin/]: c2me-opts-chunkio.mixins.json:limit_nbt_cache.MixinStorageIoWorker from mod c2me_opts_chunkio->@Inject::onWriteResult(Lorg/spongepowered/asm/mixin/injection/callback/CallbackInfo;)V won't be passed a CallbackInfo as a result
[13Nov2025 07:44:08.784] [Server thread/DEBUG] [mixin/]: c2me-rewrites-chunk-system.mixins.json:async_serialization.MixinStorageIoWorker from mod c2me_rewrites_chunk_system->@Inject::onClose(Lorg/spongepowered/asm/mixin/injection/callback/CallbackInfo;)V doesn't use it's CallbackInfo
[13Nov2025 07:44:08.784] [Server thread/DEBUG] [mixin/]: c2me-rewrites-chunk-system.mixins.json:async_serialization.MixinStorageIoWorker from mod c2me_rewrites_chunk_system->@Inject::onClose(Lorg/spongepowered/asm/mixin/injection/callback/CallbackInfo;)V has 0 override(s) in child classes
[13Nov2025 07:44:08.784] [Server thread/DEBUG] [mixin/]: c2me-rewrites-chunk-system.mixins.json:async_serialization.MixinStorageIoWorker from mod c2me_rewrites_chunk_system->@Inject::onClose(Lorg/spongepowered/asm/mixin/injection/callback/CallbackInfo;)V won't be passed a CallbackInfo as a result
[13Nov2025 07:44:08.784] [Server thread/DEBUG] [mixin/]: c2me-rewrites-chunkio.mixins.json:MixinStorageIoWorker from mod c2me_rewrites_chunkio->@Inject::onInit(Lorg/spongepowered/asm/mixin/injection/callback/CallbackInfo;)V doesn't use it's CallbackInfo
[13Nov2025 07:44:08.784] [Server thread/DEBUG] [mixin/]: c2me-rewrites-chunkio.mixins.json:MixinStorageIoWorker from mod c2me_rewrites_chunkio->@Inject::onInit(Lorg/spongepowered/asm/mixin/injection/callback/CallbackInfo;)V has 0 override(s) in child classes
[13Nov2025 07:44:08.784] [Server thread/DEBUG] [mixin/]: c2me-rewrites-chunkio.mixins.json:MixinStorageIoWorker from mod c2me_rewrites_chunkio->@Inject::onInit(Lorg/spongepowered/asm/mixin/injection/callback/CallbackInfo;)V won't be passed a CallbackInfo as a result
[13Nov2025 07:44:08.789] [Server thread/DEBUG] [mixin/]: Mixing access.IRegionBasedStorage from c2me-base.mixins.json into net.minecraft.world.level.chunk.storage.RegionFileStorage
[13Nov2025 07:44:08.789] [Server thread/DEBUG] [mixin/]: Mixing hide_sync_disk_writes_behind_flag.MixinRegionBasedStorage from c2me-opts-chunkio.mixins.json into net.minecraft.world.level.chunk.storage.RegionFileStorage
[13Nov2025 07:44:08.790] [Server thread/DEBUG] [mixin/]: c2me-opts-chunkio.mixins.json:hide_sync_disk_writes_behind_flag.MixinRegionBasedStorage from mod c2me_opts_chunkio->@Inject::onPostInit(Lorg/spongepowered/asm/mixin/injection/callback/CallbackInfo;)V doesn't use it's CallbackInfo
[13Nov2025 07:44:08.790] [Server thread/DEBUG] [mixin/]: c2me-opts-chunkio.mixins.json:hide_sync_disk_writes_behind_flag.MixinRegionBasedStorage from mod c2me_opts_chunkio->@Inject::onPostInit(Lorg/spongepowered/asm/mixin/injection/callback/CallbackInfo;)V has 0 override(s) in child classes
[13Nov2025 07:44:08.790] [Server thread/DEBUG] [mixin/]: c2me-opts-chunkio.mixins.json:hide_sync_disk_writes_behind_flag.MixinRegionBasedStorage from mod c2me_opts_chunkio->@Inject::onPostInit(Lorg/spongepowered/asm/mixin/injection/callback/CallbackInfo;)V won't be passed a CallbackInfo as a result
[13Nov2025 07:44:08.797] [Server thread/DEBUG] [mixin/]: Mixing ServerEntityManagerMixin from uranus.mixins.json into net.minecraft.world.level.entity.PersistentEntitySectionManager
[13Nov2025 07:44:08.798] [Server thread/DEBUG] [mixin/]: uranus.mixins.json:ServerEntityManagerMixin from mod uranus: Class version 65 required is higher than the class version supported by the current version of Mixin (JAVA_17 supports class version 61)
[13Nov2025 07:44:08.798] [Server thread/DEBUG] [mixin/]: Mixing fixes.MixinServerEntityManager from c2me-rewrites-chunk-system.mixins.json into net.minecraft.world.level.entity.PersistentEntitySectionManager
[13Nov2025 07:44:08.801] [Server thread/DEBUG] [mixin/]: Mixing access.IServerEntityManager from c2me-base.mixins.json into net.minecraft.world.level.entity.PersistentEntitySectionManager
[13Nov2025 07:44:08.801] [Server thread/DEBUG] [mixin/]: Mixing shutdown.MixinServerEntityManager from c2me-opts-scheduling.mixins.json into net.minecraft.world.level.entity.PersistentEntitySectionManager
[13Nov2025 07:44:08.801] [Server thread/DEBUG] [mixin/]: Renaming synthetic method lambda$c2me$tryFlush$1(J)Z to md277493$c2me_opts_scheduling$lambda$c2me$tryFlush$1$0 in c2me-opts-scheduling.mixins.json:shutdown.MixinServerEntityManager from mod c2me_opts_scheduling
[13Nov2025 07:44:08.801] [Server thread/DEBUG] [mixin/]: Renaming synthetic method lambda$c2me$tryFlush$0(Ljava/lang/Object;)V to md277493$c2me_opts_scheduling$lambda$c2me$tryFlush$0$1 in c2me-opts-scheduling.mixins.json:shutdown.MixinServerEntityManager from mod c2me_opts_scheduling
[13Nov2025 07:44:08.804] [Server thread/DEBUG] [mixin/]: uranus.mixins.json:ServerEntityManagerMixin from mod uranus->@Inject::onEntityJoin(Lnet/minecraft/world/level/entity/EntityAccess;ZLorg/spongepowered/asm/mixin/injection/callback/CallbackInfoReturnable;)V does use it's CallbackInfoReturnable
[13Nov2025 07:44:08.804] [Server thread/DEBUG] [mixin/]: c2me-rewrites-chunk-system.mixins.json:fixes.MixinServerEntityManager from mod c2me_rewrites_chunk_system->@Inject::replacePendingUnloads(Lorg/spongepowered/asm/mixin/injection/callback/CallbackInfo;)V doesn't use it's CallbackInfo
[13Nov2025 07:44:08.804] [Server thread/DEBUG] [mixin/]: c2me-rewrites-chunk-system.mixins.json:fixes.MixinServerEntityManager from mod c2me_rewrites_chunk_system->@Inject::replacePendingUnloads(Lorg/spongepowered/asm/mixin/injection/callback/CallbackInfo;)V has 0 override(s) in child classes
[13Nov2025 07:44:08.804] [Server thread/DEBUG] [mixin/]: c2me-rewrites-chunk-system.mixins.json:fixes.MixinServerEntityManager from mod c2me_rewrites_chunk_system->@Inject::replacePendingUnloads(Lorg/spongepowered/asm/mixin/injection/callback/CallbackInfo;)V won't be passed a CallbackInfo as a result
[13Nov2025 07:44:08.817] [Server thread/DEBUG] [mixin/]: Mixing MixinServerLightingProvider from c2me-threading-lighting.mixins.json into net.minecraft.server.level.ThreadedLevelLightEngine
[13Nov2025 07:44:08.818] [Server thread/DEBUG] [mixin/]: Mixing access.IServerLightingProvider from c2me-base.mixins.json into net.minecraft.server.level.ThreadedLevelLightEngine
[13Nov2025 07:44:08.819] [Server thread/DEBUG] [mixin/]: c2me-threading-lighting.mixins.json:MixinServerLightingProvider from mod c2me_threading_lighting->@Inject::onPostRunTask(Lorg/spongepowered/asm/mixin/injection/callback/CallbackInfo;)V doesn't use it's CallbackInfo
[13Nov2025 07:44:08.819] [Server thread/DEBUG] [mixin/]: c2me-threading-lighting.mixins.json:MixinServerLightingProvider from mod c2me_threading_lighting->@Inject::onPostRunTask(Lorg/spongepowered/asm/mixin/injection/callback/CallbackInfo;)V has 0 override(s) in child classes
[13Nov2025 07:44:08.819] [Server thread/DEBUG] [mixin/]: c2me-threading-lighting.mixins.json:MixinServerLightingProvider from mod c2me_threading_lighting->@Inject::onPostRunTask(Lorg/spongepowered/asm/mixin/injection/callback/CallbackInfo;)V won't be passed a CallbackInfo as a result
[13Nov2025 07:44:08.825] [Server thread/DEBUG] [mixin/]: Mixing server.ChunkMapAccessor from journeymap.mixins.json into net.minecraft.server.level.ChunkMap
[13Nov2025 07:44:08.825] [Server thread/DEBUG] [mixin/]: journeymap.mixins.json:server.ChunkMapAccessor from mod journeymap: Class version 65 required is higher than the class version supported by the current version of Mixin (JAVA_17 supports class version 61)
[13Nov2025 07:44:08.825] [Server thread/DEBUG] [mixin/]: Mixing MixinThreadedAnvilChunkStorage from c2me-threading-lighting.mixins.json into net.minecraft.server.level.ChunkMap
[13Nov2025 07:44:08.828] [Server thread/DEBUG] [mixin/]: Mixing asynccatchers.MixinThreadedAnvilChunkStorage from c2me-fixes-general-threading-issues.mixins.json into net.minecraft.server.level.ChunkMap
[13Nov2025 07:44:08.828] [Server thread/DEBUG] [mixin/]: Mixing MixinThreadedAnvilChunkStorage from c2me-rewrites-chunk-system.mixins.json into net.minecraft.server.level.ChunkMap
[13Nov2025 07:44:08.830] [Server thread/DEBUG] [mixin/]: Mixing async_serialization.MixinThreadedAnvilChunkStorage from c2me-rewrites-chunk-system.mixins.json into net.minecraft.server.level.ChunkMap
[13Nov2025 07:44:08.830] [Server thread/DEBUG] [mixin/]: Renaming synthetic method lambda$getUpdatedChunkNbt$1(Ljava/util/Optional;)Ljava/util/concurrent/CompletionStage; to md277493$c2me_rewrites_chunk_system$lambda$getUpdatedChunkNbt$1$0 in c2me-rewrites-chunk-system.mixins.json:async_serialization.MixinThreadedAnvilChunkStorage from mod c2me_rewrites_chunk_system
[13Nov2025 07:44:08.830] [Server thread/DEBUG] [mixin/]: Renaming synthetic method lambda$getUpdatedChunkNbt$0(Lnet/minecraft/nbt/CompoundTag;)Ljava/util/Optional; to md277493$c2me_rewrites_chunk_system$lambda$getUpdatedChunkNbt$0$1 in c2me-rewrites-chunk-system.mixins.json:async_serialization.MixinThreadedAnvilChunkStorage from mod c2me_rewrites_chunk_system
[13Nov2025 07:44:08.832] [Server thread/DEBUG] [mixin/]: Mixing access.IThreadedAnvilChunkStorage from c2me-base.mixins.json into net.minecraft.server.level.ChunkMap
[13Nov2025 07:44:08.832] [Server thread/DEBUG] [mixin/]: Mixing scheduler.MixinThreadedAnvilChunkStorage from c2me-base.mixins.json into net.minecraft.server.level.ChunkMap
[13Nov2025 07:44:08.833] [Server thread/DEBUG] [mixin/]: Mixing general_overheads.MixinThreadedAnvilChunkStorage from c2me-opts-scheduling.mixins.json into net.minecraft.server.level.ChunkMap
[13Nov2025 07:44:08.833] [Server thread/DEBUG] [mixin/]: Mixing idle_tasks.autosave.disable_vanilla_mid_tick_autosave.MixinThreadedAnvilChunkStorage from c2me-opts-scheduling.mixins.json into net.minecraft.server.level.ChunkMap
[13Nov2025 07:44:08.834] [Server thread/DEBUG] [mixin/]: Mixing idle_tasks.autosave.enhanced_autosave.MixinThreadedAnvilChunkStorage from c2me-opts-scheduling.mixins.json into net.minecraft.server.level.ChunkMap
[13Nov2025 07:44:08.836] [Server thread/DEBUG] [mixin/]: Mixing camera.ChunkMapMixin from securitycraft.mixins.json into net.minecraft.server.level.ChunkMap
[13Nov2025 07:44:08.837] [Server thread/DEBUG] [mixin/]: Renaming synthetic method lambda$securitycraft$onDropChunk$9(Lnet/minecraft/server/level/ServerPlayer;Lnet/minecraft/world/level/ChunkPos;Lnet/geforcemods/securitycraft/blockentities/SecurityCameraBlockEntity;)Z to md277493$securitycraft$lambda$securitycraft$onDropChunk$9$2 in securitycraft.mixins.json:camera.ChunkMapMixin from mod securitycraft
[13Nov2025 07:44:08.837] [Server thread/DEBUG] [mixin/]: Renaming synthetic method lambda$securitycraft$onIsChunkTracked$8(Lnet/minecraft/server/level/ServerPlayer;IILnet/geforcemods/securitycraft/blockentities/SecurityCameraBlockEntity;)Z to md277493$securitycraft$lambda$securitycraft$onIsChunkTracked$8$3 in securitycraft.mixins.json:camera.ChunkMapMixin from mod securitycraft
[13Nov2025 07:44:08.837] [Server thread/DEBUG] [mixin/]: Renaming synthetic method lambda$securitycraft$sendChunksToCameras$7(Lnet/minecraft/server/level/ServerPlayer;Lnet/minecraft/world/level/ChunkPos;Lnet/geforcemods/securitycraft/blockentities/SecurityCameraBlockEntity;)Z to md277493$securitycraft$lambda$securitycraft$sendChunksToCameras$7$4 in securitycraft.mixins.json:camera.ChunkMapMixin from mod securitycraft
[13Nov2025 07:44:08.837] [Server thread/DEBUG] [mixin/]: Renaming synthetic method lambda$securitycraft$onUpdateChunkTracking$6(Lnet/minecraft/server/level/ServerPlayer;Lnet/minecraft/world/level/ChunkPos;Lnet/geforcemods/securitycraft/blockentities/SecurityCameraBlockEntity;)Z to md277493$securitycraft$lambda$securitycraft$onUpdateChunkTracking$6$5 in securitycraft.mixins.json:camera.ChunkMapMixin from mod securitycraft
[13Nov2025 07:44:08.837] [Server thread/DEBUG] [mixin/]: Renaming synthetic method lambda$securitycraft$onUpdateChunkTracking$5(Lnet/minecraft/world/level/ChunkPos;)V to md277493$securitycraft$lambda$securitycraft$onUpdateChunkTracking$5$6 in securitycraft.mixins.json:camera.ChunkMapMixin from mod securitycraft
[13Nov2025 07:44:08.837] [Server thread/DEBUG] [mixin/]: Renaming synthetic method lambda$securitycraft$onUpdateChunkTracking$4(Lnet/minecraft/world/level/ChunkPos;)V to md277493$securitycraft$lambda$securitycraft$onUpdateChunkTracking$4$7 in securitycraft.mixins.json:camera.ChunkMapMixin from mod securitycraft
[13Nov2025 07:44:08.837] [Server thread/DEBUG] [mixin/]: Renaming synthetic method lambda$securitycraft$onUpdateChunkTracking$3(Lnet/minecraft/server/level/ServerPlayer;Lnet/minecraft/world/level/ChunkPos;)V to md277493$securitycraft$lambda$securitycraft$onUpdateChunkTracking$3$8 in securitycraft.mixins.json:camera.ChunkMapMixin from mod securitycraft
[13Nov2025 07:44:08.837] [Server thread/DEBUG] [mixin/]: Renaming synthetic method lambda$securitycraft$onUpdateChunkTracking$2(Lnet/minecraft/server/level/ServerPlayer;Lnet/geforcemods/securitycraft/blockentities/SecurityCameraBlockEntity;)Z to md277493$securitycraft$lambda$securitycraft$onUpdateChunkTracking$2$9 in securitycraft.mixins.json:camera.ChunkMapMixin from mod securitycraft
[13Nov2025 07:44:08.837] [Server thread/DEBUG] [mixin/]: Renaming synthetic method lambda$securitycraft$onUpdateChunkTracking$1(Lnet/minecraft/world/level/ChunkPos;)V to md277493$securitycraft$lambda$securitycraft$onUpdateChunkTracking$1$a in securitycraft.mixins.json:camera.ChunkMapMixin from mod securitycraft
[13Nov2025 07:44:08.837] [Server thread/DEBUG] [mixin/]: Renaming synthetic method lambda$securitycraft$onUpdateChunkTracking$0(Lnet/minecraft/server/level/ServerPlayer;Lnet/minecraft/world/level/ChunkPos;)V to md277493$securitycraft$lambda$securitycraft$onUpdateChunkTracking$0$b in securitycraft.mixins.json:camera.ChunkMapMixin from mod securitycraft
[13Nov2025 07:44:08.841] [Server thread/DEBUG] [mixin/]: Mixing MixinThreadedAnvilChunkStorage from c2me-notickvd.mixins.json into net.minecraft.server.level.ChunkMap
[13Nov2025 07:44:08.841] [Server thread/DEBUG] [mixin/]: Renaming synthetic method lambda$onMakeChunkAccessible$2(Lnet/minecraft/server/level/ChunkResult;)V to md277493$c2me_notickvd$lambda$onMakeChunkAccessible$2$c in c2me-notickvd.mixins.json:MixinThreadedAnvilChunkStorage from mod c2me_notickvd
[13Nov2025 07:44:08.842] [Server thread/DEBUG] [mixin/]: Renaming synthetic method lambda$onMakeChunkAccessible$1(Lnet/minecraft/world/level/chunk/LevelChunk;)V to md277493$c2me_notickvd$lambda$onMakeChunkAccessible$1$d in c2me-notickvd.mixins.json:MixinThreadedAnvilChunkStorage from mod c2me_notickvd
[13Nov2025 07:44:08.842] [Server thread/DEBUG] [mixin/]: Renaming synthetic method lambda$onMakeChunkAccessible$0(Lnet/minecraft/world/level/chunk/LevelChunk;)V to md277493$c2me_notickvd$lambda$onMakeChunkAccessible$0$e in c2me-notickvd.mixins.json:MixinThreadedAnvilChunkStorage from mod c2me_notickvd
[13Nov2025 07:44:08.857] [Server thread/DEBUG] [mixin/]: c2me-threading-lighting.mixins.json:MixinThreadedAnvilChunkStorage from mod c2me_threading_lighting->@Inject::afterClose(Lorg/spongepowered/asm/mixin/injection/callback/CallbackInfo;)V doesn't use it's CallbackInfo
[13Nov2025 07:44:08.857] [Server thread/DEBUG] [mixin/]: c2me-threading-lighting.mixins.json:MixinThreadedAnvilChunkStorage from mod c2me_threading_lighting->@Inject::afterClose(Lorg/spongepowered/asm/mixin/injection/callback/CallbackInfo;)V has 0 override(s) in child classes
[13Nov2025 07:44:08.857] [Server thread/DEBUG] [mixin/]: c2me-threading-lighting.mixins.json:MixinThreadedAnvilChunkStorage from mod c2me_threading_lighting->@Inject::afterClose(Lorg/spongepowered/asm/mixin/injection/callback/CallbackInfo;)V won't be passed a CallbackInfo as a result
[13Nov2025 07:44:08.857] [Server thread/DEBUG] [mixin/]: c2me-fixes-general-threading-issues.mixins.json:asynccatchers.MixinThreadedAnvilChunkStorage from mod c2me_fixes_general_threading_issues->@Inject::preventAsyncEntityLoad(Lorg/spongepowered/asm/mixin/injection/callback/CallbackInfo;)V doesn't use it's CallbackInfo
[13Nov2025 07:44:08.857] [Server thread/DEBUG] [mixin/]: c2me-fixes-general-threading-issues.mixins.json:asynccatchers.MixinThreadedAnvilChunkStorage from mod c2me_fixes_general_threading_issues->@Inject::preventAsyncEntityLoad(Lorg/spongepowered/asm/mixin/injection/callback/CallbackInfo;)V has 0 override(s) in child classes
[13Nov2025 07:44:08.857] [Server thread/DEBUG] [mixin/]: c2me-fixes-general-threading-issues.mixins.json:asynccatchers.MixinThreadedAnvilChunkStorage from mod c2me_fixes_general_threading_issues->@Inject::preventAsyncEntityLoad(Lorg/spongepowered/asm/mixin/injection/callback/CallbackInfo;)V won't be passed a CallbackInfo as a result
[13Nov2025 07:44:08.857] [Server thread/DEBUG] [mixin/]: c2me-fixes-general-threading-issues.mixins.json:asynccatchers.MixinThreadedAnvilChunkStorage from mod c2me_fixes_general_threading_issues->@Inject::preventAsyncEntityUnload(Lorg/spongepowered/asm/mixin/injection/callback/CallbackInfo;)V doesn't use it's CallbackInfo
[13Nov2025 07:44:08.857] [Server thread/DEBUG] [mixin/]: c2me-fixes-general-threading-issues.mixins.json:asynccatchers.MixinThreadedAnvilChunkStorage from mod c2me_fixes_general_threading_issues->@Inject::preventAsyncEntityUnload(Lorg/spongepowered/asm/mixin/injection/callback/CallbackInfo;)V has 0 override(s) in child classes
[13Nov2025 07:44:08.857] [Server thread/DEBUG] [mixin/]: c2me-fixes-general-threading-issues.mixins.json:asynccatchers.MixinThreadedAnvilChunkStorage from mod c2me_fixes_general_threading_issues->@Inject::preventAsyncEntityUnload(Lorg/spongepowered/asm/mixin/injection/callback/CallbackInfo;)V won't be passed a CallbackInfo as a result
[13Nov2025 07:44:08.857] [Server thread/DEBUG] [mixin/]: c2me-rewrites-chunk-system.mixins.json:MixinThreadedAnvilChunkStorage from mod c2me_rewrites_chunk_system->@Inject::onInit(Lorg/spongepowered/asm/mixin/injection/callback/CallbackInfo;)V doesn't use it's CallbackInfo
[13Nov2025 07:44:08.857] [Server thread/DEBUG] [mixin/]: c2me-rewrites-chunk-system.mixins.json:MixinThreadedAnvilChunkStorage from mod c2me_rewrites_chunk_system->@Inject::onInit(Lorg/spongepowered/asm/mixin/injection/callback/CallbackInfo;)V has 0 override(s) in child classes
[13Nov2025 07:44:08.857] [Server thread/DEBUG] [mixin/]: c2me-rewrites-chunk-system.mixins.json:MixinThreadedAnvilChunkStorage from mod c2me_rewrites_chunk_system->@Inject::onInit(Lorg/spongepowered/asm/mixin/injection/callback/CallbackInfo;)V won't be passed a CallbackInfo as a result
[13Nov2025 07:44:08.857] [Server thread/DEBUG] [mixin/]: c2me-base.mixins.json:scheduler.MixinThreadedAnvilChunkStorage from mod c2me_base->@Inject::onUpdateLevel(JILnet/minecraft/server/level/ChunkHolder;ILorg/spongepowered/asm/mixin/injection/callback/CallbackInfoReturnable;)V doesn't use it's CallbackInfoReturnable
[13Nov2025 07:44:08.857] [Server thread/DEBUG] [mixin/]: c2me-base.mixins.json:scheduler.MixinThreadedAnvilChunkStorage from mod c2me_base->@Inject::onUpdateLevel(JILnet/minecraft/server/level/ChunkHolder;ILorg/spongepowered/asm/mixin/injection/callback/CallbackInfoReturnable;)V has 0 override(s) in child classes
[13Nov2025 07:44:08.857] [Server thread/DEBUG] [mixin/]: c2me-base.mixins.json:scheduler.MixinThreadedAnvilChunkStorage from mod c2me_base->@Inject::onUpdateLevel(JILnet/minecraft/server/level/ChunkHolder;ILorg/spongepowered/asm/mixin/injection/callback/CallbackInfoReturnable;)V won't be passed a CallbackInfoReturnable as a result
[13Nov2025 07:44:08.857] [Server thread/DEBUG] [mixin/]: c2me-opts-scheduling.mixins.json:idle_tasks.autosave.enhanced_autosave.MixinThreadedAnvilChunkStorage from mod c2me_opts_scheduling->@Inject::onTick(Lorg/spongepowered/asm/mixin/injection/callback/CallbackInfo;)V doesn't use it's CallbackInfo
[13Nov2025 07:44:08.857] [Server thread/DEBUG] [mixin/]: c2me-opts-scheduling.mixins.json:idle_tasks.autosave.enhanced_autosave.MixinThreadedAnvilChunkStorage from mod c2me_opts_scheduling->@Inject::onTick(Lorg/spongepowered/asm/mixin/injection/callback/CallbackInfo;)V has 0 override(s) in child classes
[13Nov2025 07:44:08.857] [Server thread/DEBUG] [mixin/]: c2me-opts-scheduling.mixins.json:idle_tasks.autosave.enhanced_autosave.MixinThreadedAnvilChunkStorage from mod c2me_opts_scheduling->@Inject::onTick(Lorg/spongepowered/asm/mixin/injection/callback/CallbackInfo;)V won't be passed a CallbackInfo as a result
[13Nov2025 07:44:08.857] [Server thread/DEBUG] [mixin/]: securitycraft.mixins.json:camera.ChunkMapMixin from mod securitycraft->@Inject::securitycraft$onUpdateChunkTracking(Lnet/minecraft/server/level/ServerPlayer;Lorg/spongepowered/asm/mixin/injection/callback/CallbackInfo;)V doesn't use it's CallbackInfo
[13Nov2025 07:44:08.857] [Server thread/DEBUG] [mixin/]: securitycraft.mixins.json:camera.ChunkMapMixin from mod securitycraft->@Inject::securitycraft$onUpdateChunkTracking(Lnet/minecraft/server/level/ServerPlayer;Lorg/spongepowered/asm/mixin/injection/callback/CallbackInfo;)V has 0 override(s) in child classes
[13Nov2025 07:44:08.857] [Server thread/DEBUG] [mixin/]: securitycraft.mixins.json:camera.ChunkMapMixin from mod securitycraft->@Inject::securitycraft$onUpdateChunkTracking(Lnet/minecraft/server/level/ServerPlayer;Lorg/spongepowered/asm/mixin/injection/callback/CallbackInfo;)V won't be passed a CallbackInfo as a result
[13Nov2025 07:44:08.857] [Server thread/DEBUG] [mixin/]: securitycraft.mixins.json:camera.ChunkMapMixin from mod securitycraft->@Inject::securitycraft$sendChunksToCameras(Lnet/minecraft/world/level/chunk/LevelChunk;Lorg/spongepowered/asm/mixin/injection/callback/CallbackInfo;)V doesn't use it's CallbackInfo
[13Nov2025 07:44:08.857] [Server thread/DEBUG] [mixin/]: securitycraft.mixins.json:camera.ChunkMapMixin from mod securitycraft->@Inject::securitycraft$sendChunksToCameras(Lnet/minecraft/world/level/chunk/LevelChunk;Lorg/spongepowered/asm/mixin/injection/callback/CallbackInfo;)V has 0 override(s) in child classes
[13Nov2025 07:44:08.857] [Server thread/DEBUG] [mixin/]: securitycraft.mixins.json:camera.ChunkMapMixin from mod securitycraft->@Inject::securitycraft$sendChunksToCameras(Lnet/minecraft/world/level/chunk/LevelChunk;Lorg/spongepowered/asm/mixin/injection/callback/CallbackInfo;)V won't be passed a CallbackInfo as a result
[13Nov2025 07:44:08.857] [Server thread/DEBUG] [mixin/]: securitycraft.mixins.json:camera.ChunkMapMixin from mod securitycraft->@Inject::securitycraft$onIsChunkTracked(Lnet/minecraft/server/level/ServerPlayer;IILorg/spongepowered/asm/mixin/injection/callback/CallbackInfoReturnable;)V does use it's CallbackInfoReturnable
[13Nov2025 07:44:08.858] [Server thread/DEBUG] [mixin/]: securitycraft.mixins.json:camera.ChunkMapMixin from mod securitycraft->@Inject::securitycraft$onDropChunk(Lnet/minecraft/server/level/ServerPlayer;Lnet/minecraft/world/level/ChunkPos;Lorg/spongepowered/asm/mixin/injection/callback/CallbackInfo;)V does use it's CallbackInfo
[13Nov2025 07:44:08.858] [Server thread/DEBUG] [mixin/]: c2me-notickvd.mixins.json:MixinThreadedAnvilChunkStorage from mod c2me_notickvd->@Inject::onMakeChunkAccessible(Lnet/minecraft/server/level/ChunkHolder;Lorg/spongepowered/asm/mixin/injection/callback/CallbackInfoReturnable;)V does use it's CallbackInfoReturnable
[13Nov2025 07:44:08.865] [Server thread/DEBUG] [mixin/]: Mixing access.IVersionedChunkStorage from c2me-base.mixins.json into net.minecraft.world.level.chunk.storage.ChunkStorage
[13Nov2025 07:44:08.865] [Server thread/DEBUG] [mixin/]: Mixing MixinVersionedChunkStorage from c2me-rewrites-chunkio.mixins.json into net.minecraft.world.level.chunk.storage.ChunkStorage
[13Nov2025 07:44:08.868] [Server thread/DEBUG] [mixin/]: Mixing async_serialization.MixinProtoChunk from c2me-rewrites-chunk-system.mixins.json into net.minecraft.world.level.chunk.ProtoChunk
[13Nov2025 07:44:08.875] [Server thread/DEBUG] [mixin/]: Mixing MixinChunkHolder from c2me-rewrites-chunk-system.mixins.json into net.minecraft.server.level.ChunkHolder
[13Nov2025 07:44:08.875] [Server thread/DEBUG] [mixin/]: Mixing access.IChunkHolder from c2me-base.mixins.json into net.minecraft.server.level.ChunkHolder
[13Nov2025 07:44:08.875] [Server thread/DEBUG] [mixin/]: Mixing ensure_chunk_status_before_callback.MixinChunkHolder from c2me-fixes-worldgen-vanilla-bugs.mixins.json into net.minecraft.server.level.ChunkHolder
[13Nov2025 07:44:08.876] [Server thread/DEBUG] [mixin/]: Mixing task_scheduling.MixinChunkHolder from c2me-opts-scheduling.mixins.json into net.minecraft.server.level.ChunkHolder
[13Nov2025 07:44:08.877] [Server thread/DEBUG] [mixin/]: Mixing MixinChunkHolder from c2me-notickvd.mixins.json into net.minecraft.server.level.ChunkHolder
[13Nov2025 07:44:08.881] [Server thread/DEBUG] [mixin/]: c2me-rewrites-chunk-system.mixins.json:MixinChunkHolder from mod c2me_rewrites_chunk_system->@Inject::failFastIncompatibility(Lorg/spongepowered/asm/mixin/injection/callback/CallbackInfo;)V doesn't use it's CallbackInfo
[13Nov2025 07:44:08.881] [Server thread/DEBUG] [mixin/]: c2me-rewrites-chunk-system.mixins.json:MixinChunkHolder from mod c2me_rewrites_chunk_system->@Inject::failFastIncompatibility(Lorg/spongepowered/asm/mixin/injection/callback/CallbackInfo;)V has 0 override(s) in child classes
[13Nov2025 07:44:08.881] [Server thread/DEBUG] [mixin/]: c2me-rewrites-chunk-system.mixins.json:MixinChunkHolder from mod c2me_rewrites_chunk_system->@Inject::failFastIncompatibility(Lorg/spongepowered/asm/mixin/injection/callback/CallbackInfo;)V won't be passed a CallbackInfo as a result
[13Nov2025 07:44:08.881] [Server thread/DEBUG] [mixin/]: c2me-opts-scheduling.mixins.json:task_scheduling.MixinChunkHolder from mod c2me_opts_scheduling->@Inject::onInit(Lnet/minecraft/world/level/ChunkPos;ILnet/minecraft/world/level/LevelHeightAccessor;Lnet/minecraft/world/level/lighting/LevelLightEngine;Lnet/minecraft/server/level/ChunkHolder$LevelChangeListener;Lnet/minecraft/server/level/ChunkHolder$PlayerProvider;Lorg/spongepowered/asm/mixin/injection/callback/CallbackInfo;)V doesn't use it's CallbackInfo
[13Nov2025 07:44:08.881] [Server thread/DEBUG] [mixin/]: c2me-opts-scheduling.mixins.json:task_scheduling.MixinChunkHolder from mod c2me_opts_scheduling->@Inject::onInit(Lnet/minecraft/world/level/ChunkPos;ILnet/minecraft/world/level/LevelHeightAccessor;Lnet/minecraft/world/level/lighting/LevelLightEngine;Lnet/minecraft/server/level/ChunkHolder$LevelChangeListener;Lnet/minecraft/server/level/ChunkHolder$PlayerProvider;Lorg/spongepowered/asm/mixin/injection/callback/CallbackInfo;)V has 0 override(s) in child classes
[13Nov2025 07:44:08.881] [Server thread/DEBUG] [mixin/]: c2me-opts-scheduling.mixins.json:task_scheduling.MixinChunkHolder from mod c2me_opts_scheduling->@Inject::onInit(Lnet/minecraft/world/level/ChunkPos;ILnet/minecraft/world/level/LevelHeightAccessor;Lnet/minecraft/world/level/lighting/LevelLightEngine;Lnet/minecraft/server/level/ChunkHolder$LevelChangeListener;Lnet/minecraft/server/level/ChunkHolder$PlayerProvider;Lorg/spongepowered/asm/mixin/injection/callback/CallbackInfo;)V won't be passed a CallbackInfo as a result
[13Nov2025 07:44:08.887] [Server thread/DEBUG] [mixin/]: Mixing MixinChunkTicketManager from c2me-rewrites-chunk-system.mixins.json into net.minecraft.server.level.DistanceManager
[13Nov2025 07:44:08.888] [Server thread/DEBUG] [mixin/]: Mixing MixinChunkTicketManager from c2me-fixes-general-threading-issues.mixins.json into net.minecraft.server.level.DistanceManager
[13Nov2025 07:44:08.889] [Server thread/DEBUG] [mixin/]: Mixing access.IChunkTicketManager from c2me-base.mixins.json into net.minecraft.server.level.DistanceManager
[13Nov2025 07:44:08.889] [Server thread/DEBUG] [mixin/]: Mixing MixinChunkTicketManager from c2me-notickvd.mixins.json into net.minecraft.server.level.DistanceManager
[13Nov2025 07:44:08.894] [Server thread/DEBUG] [mixin/]: c2me-notickvd.mixins.json:MixinChunkTicketManager from mod c2me_notickvd->@Inject::onInit(Lorg/spongepowered/asm/mixin/injection/callback/CallbackInfo;)V doesn't use it's CallbackInfo
[13Nov2025 07:44:08.894] [Server thread/DEBUG] [mixin/]: c2me-notickvd.mixins.json:MixinChunkTicketManager from mod c2me_notickvd->@Inject::onInit(Lorg/spongepowered/asm/mixin/injection/callback/CallbackInfo;)V has 0 override(s) in child classes
[13Nov2025 07:44:08.894] [Server thread/DEBUG] [mixin/]: c2me-notickvd.mixins.json:MixinChunkTicketManager from mod c2me_notickvd->@Inject::onInit(Lorg/spongepowered/asm/mixin/injection/callback/CallbackInfo;)V won't be passed a CallbackInfo as a result
[13Nov2025 07:44:08.894] [Server thread/DEBUG] [mixin/]: c2me-notickvd.mixins.json:MixinChunkTicketManager from mod c2me_notickvd->@Inject::onHandleChunkEnter(Lnet/minecraft/core/SectionPos;Lnet/minecraft/server/level/ServerPlayer;Lorg/spongepowered/asm/mixin/injection/callback/CallbackInfo;)V doesn't use it's CallbackInfo
[13Nov2025 07:44:08.894] [Server thread/DEBUG] [mixin/]: c2me-notickvd.mixins.json:MixinChunkTicketManager from mod c2me_notickvd->@Inject::onHandleChunkEnter(Lnet/minecraft/core/SectionPos;Lnet/minecraft/server/level/ServerPlayer;Lorg/spongepowered/asm/mixin/injection/callback/CallbackInfo;)V has 0 override(s) in child classes
[13Nov2025 07:44:08.894] [Server thread/DEBUG] [mixin/]: c2me-notickvd.mixins.json:MixinChunkTicketManager from mod c2me_notickvd->@Inject::onHandleChunkEnter(Lnet/minecraft/core/SectionPos;Lnet/minecraft/server/level/ServerPlayer;Lorg/spongepowered/asm/mixin/injection/callback/CallbackInfo;)V won't be passed a CallbackInfo as a result
[13Nov2025 07:44:08.894] [Server thread/DEBUG] [mixin/]: c2me-notickvd.mixins.json:MixinChunkTicketManager from mod c2me_notickvd->@Inject::onHandleChunkLeave(Lnet/minecraft/core/SectionPos;Lnet/minecraft/server/level/ServerPlayer;Lorg/spongepowered/asm/mixin/injection/callback/CallbackInfo;)V doesn't use it's CallbackInfo
[13Nov2025 07:44:08.894] [Server thread/DEBUG] [mixin/]: c2me-notickvd.mixins.json:MixinChunkTicketManager from mod c2me_notickvd->@Inject::onHandleChunkLeave(Lnet/minecraft/core/SectionPos;Lnet/minecraft/server/level/ServerPlayer;Lorg/spongepowered/asm/mixin/injection/callback/CallbackInfo;)V has 0 override(s) in child classes
[13Nov2025 07:44:08.894] [Server thread/DEBUG] [mixin/]: c2me-notickvd.mixins.json:MixinChunkTicketManager from mod c2me_notickvd->@Inject::onHandleChunkLeave(Lnet/minecraft/core/SectionPos;Lnet/minecraft/server/level/ServerPlayer;Lorg/spongepowered/asm/mixin/injection/callback/CallbackInfo;)V won't be passed a CallbackInfo as a result
[13Nov2025 07:44:08.894] [Server thread/DEBUG] [mixin/]: c2me-notickvd.mixins.json:MixinChunkTicketManager from mod c2me_notickvd->@Inject::onPurge(Lorg/spongepowered/asm/mixin/injection/callback/CallbackInfo;)V doesn't use it's CallbackInfo
[13Nov2025 07:44:08.894] [Server thread/DEBUG] [mixin/]: c2me-notickvd.mixins.json:MixinChunkTicketManager from mod c2me_notickvd->@Inject::onPurge(Lorg/spongepowered/asm/mixin/injection/callback/CallbackInfo;)V has 0 override(s) in child classes
[13Nov2025 07:44:08.894] [Server thread/DEBUG] [mixin/]: c2me-notickvd.mixins.json:MixinChunkTicketManager from mod c2me_notickvd->@Inject::onPurge(Lorg/spongepowered/asm/mixin/injection/callback/CallbackInfo;)V won't be passed a CallbackInfo as a result
[13Nov2025 07:44:08.894] [Server thread/DEBUG] [mixin/]: c2me-notickvd.mixins.json:MixinChunkTicketManager from mod c2me_notickvd->@Inject::beforeTick(Lnet/minecraft/server/level/ChunkMap;Lorg/spongepowered/asm/mixin/injection/callback/CallbackInfoReturnable;)V doesn't use it's CallbackInfoReturnable
[13Nov2025 07:44:08.894] [Server thread/DEBUG] [mixin/]: c2me-notickvd.mixins.json:MixinChunkTicketManager from mod c2me_notickvd->@Inject::beforeTick(Lnet/minecraft/server/level/ChunkMap;Lorg/spongepowered/asm/mixin/injection/callback/CallbackInfoReturnable;)V has 0 override(s) in child classes
[13Nov2025 07:44:08.894] [Server thread/DEBUG] [mixin/]: c2me-notickvd.mixins.json:MixinChunkTicketManager from mod c2me_notickvd->@Inject::beforeTick(Lnet/minecraft/server/level/ChunkMap;Lorg/spongepowered/asm/mixin/injection/callback/CallbackInfoReturnable;)V won't be passed a CallbackInfoReturnable as a result
[13Nov2025 07:44:08.894] [Server thread/DEBUG] [mixin/]: c2me-notickvd.mixins.json:MixinChunkTicketManager from mod c2me_notickvd->@Inject::onTick(Lnet/minecraft/server/level/ChunkMap;Lorg/spongepowered/asm/mixin/injection/callback/CallbackInfoReturnable;)V doesn't use it's CallbackInfoReturnable
[13Nov2025 07:44:08.894] [Server thread/DEBUG] [mixin/]: c2me-notickvd.mixins.json:MixinChunkTicketManager from mod c2me_notickvd->@Inject::onTick(Lnet/minecraft/server/level/ChunkMap;Lorg/spongepowered/asm/mixin/injection/callback/CallbackInfoReturnable;)V has 0 override(s) in child classes
[13Nov2025 07:44:08.894] [Server thread/DEBUG] [mixin/]: c2me-notickvd.mixins.json:MixinChunkTicketManager from mod c2me_notickvd->@Inject::onTick(Lnet/minecraft/server/level/ChunkMap;Lorg/spongepowered/asm/mixin/injection/callback/CallbackInfoReturnable;)V won't be passed a CallbackInfoReturnable as a result
[13Nov2025 07:44:08.894] [Server thread/DEBUG] [mixin/]: c2me-notickvd.mixins.json:MixinChunkTicketManager from mod c2me_notickvd->@Inject::onTick(Lnet/minecraft/server/level/ChunkMap;Lorg/spongepowered/asm/mixin/injection/callback/CallbackInfoReturnable;)V doesn't use it's CallbackInfoReturnable
[13Nov2025 07:44:08.894] [Server thread/DEBUG] [mixin/]: c2me-notickvd.mixins.json:MixinChunkTicketManager from mod c2me_notickvd->@Inject::onTick(Lnet/minecraft/server/level/ChunkMap;Lorg/spongepowered/asm/mixin/injection/callback/CallbackInfoReturnable;)V has 0 override(s) in child classes
[13Nov2025 07:44:08.894] [Server thread/DEBUG] [mixin/]: c2me-notickvd.mixins.json:MixinChunkTicketManager from mod c2me_notickvd->@Inject::onTick(Lnet/minecraft/server/level/ChunkMap;Lorg/spongepowered/asm/mixin/injection/callback/CallbackInfoReturnable;)V won't be passed a CallbackInfoReturnable as a result
[13Nov2025 07:44:08.894] [Server thread/DEBUG] [mixin/]: c2me-notickvd.mixins.json:MixinChunkTicketManager from mod c2me_notickvd->@Inject::mapSimulationDistance(ILorg/spongepowered/asm/mixin/injection/callback/CallbackInfo;)V doesn't use it's CallbackInfo
[13Nov2025 07:44:08.894] [Server thread/DEBUG] [mixin/]: c2me-notickvd.mixins.json:MixinChunkTicketManager from mod c2me_notickvd->@Inject::mapSimulationDistance(ILorg/spongepowered/asm/mixin/injection/callback/CallbackInfo;)V has 0 override(s) in child classes
[13Nov2025 07:44:08.894] [Server thread/DEBUG] [mixin/]: c2me-notickvd.mixins.json:MixinChunkTicketManager from mod c2me_notickvd->@Inject::mapSimulationDistance(ILorg/spongepowered/asm/mixin/injection/callback/CallbackInfo;)V won't be passed a CallbackInfo as a result
[13Nov2025 07:44:08.897] [Server thread/DEBUG] [mixin/]: Mixing access.ITACSTicketManager from c2me-base.mixins.json into net.minecraft.server.level.ChunkMap$DistanceManager
[13Nov2025 07:44:08.897] [Server thread/DEBUG] [mixin/]: Mixing access.IThreadedAnvilChunkStorageTicketManager from c2me-base.mixins.json into net.minecraft.server.level.ChunkMap$DistanceManager
[13Nov2025 07:44:08.919] [Server thread/DEBUG] [mixin/]: Mixing access.IXoroshiro128PlusPlusRandomDeriver from c2me-base.mixins.json into net.minecraft.world.level.levelgen.XoroshiroRandomSource$XoroshiroPositionalRandomFactory
[13Nov2025 07:44:09.038] [Server thread/DEBUG] [mixin/]: Mixing MixinChunkTicketManagerTicketDistanceLevelPropagator from c2me-rewrites-chunk-system.mixins.json into net.minecraft.server.level.DistanceManager$ChunkTicketTracker
[13Nov2025 07:44:09.042] [Server thread/DEBUG] [mixin/]: c2me-rewrites-chunk-system.mixins.json:MixinChunkTicketManagerTicketDistanceLevelPropagator from mod c2me_rewrites_chunk_system->@Inject::postInit(Lorg/spongepowered/asm/mixin/injection/callback/CallbackInfo;)V doesn't use it's CallbackInfo
[13Nov2025 07:44:09.042] [Server thread/DEBUG] [mixin/]: c2me-rewrites-chunk-system.mixins.json:MixinChunkTicketManagerTicketDistanceLevelPropagator from mod c2me_rewrites_chunk_system->@Inject::postInit(Lorg/spongepowered/asm/mixin/injection/callback/CallbackInfo;)V has 0 override(s) in child classes
[13Nov2025 07:44:09.042] [Server thread/DEBUG] [mixin/]: c2me-rewrites-chunk-system.mixins.json:MixinChunkTicketManagerTicketDistanceLevelPropagator from mod c2me_rewrites_chunk_system->@Inject::postInit(Lorg/spongepowered/asm/mixin/injection/callback/CallbackInfo;)V won't be passed a CallbackInfo as a result
[13Nov2025 07:44:09.042] [Server thread/DEBUG] [mixin/]: c2me-rewrites-chunk-system.mixins.json:MixinChunkTicketManagerTicketDistanceLevelPropagator from mod c2me_rewrites_chunk_system->@Inject::preSetLevel(JILorg/spongepowered/asm/mixin/injection/callback/CallbackInfo;)V doesn't use it's CallbackInfo
[13Nov2025 07:44:09.042] [Server thread/DEBUG] [mixin/]: c2me-rewrites-chunk-system.mixins.json:MixinChunkTicketManagerTicketDistanceLevelPropagator from mod c2me_rewrites_chunk_system->@Inject::preSetLevel(JILorg/spongepowered/asm/mixin/injection/callback/CallbackInfo;)V has 0 override(s) in child classes
[13Nov2025 07:44:09.042] [Server thread/DEBUG] [mixin/]: c2me-rewrites-chunk-system.mixins.json:MixinChunkTicketManagerTicketDistanceLevelPropagator from mod c2me_rewrites_chunk_system->@Inject::preSetLevel(JILorg/spongepowered/asm/mixin/injection/callback/CallbackInfo;)V won't be passed a CallbackInfo as a result
[13Nov2025 07:44:09.046] [Server thread/DEBUG] [mixin/]: Mixing access.IChunkTicketManagerDistanceFromNearestPlayerTracker from c2me-base.mixins.json into net.minecraft.server.level.DistanceManager$FixedPlayerDistanceChunkTracker
[13Nov2025 07:44:09.048] [Server thread/DEBUG] [mixin/]: Mixing access.ISimulationDistanceLevelPropagator from c2me-base.mixins.json into net.minecraft.server.level.TickingTracker
[13Nov2025 07:44:09.048] [Server thread/DEBUG] [mixin/]: Mixing MixinSimulationDistanceLevelPropagator from c2me-notickvd.mixins.json into net.minecraft.server.level.TickingTracker
[13Nov2025 07:44:09.052] [Server thread/DEBUG] [mixin/]: Mixing access.IChunkTicketManagerNearbyChunkTicketUpdater from c2me-base.mixins.json into net.minecraft.server.level.DistanceManager$PlayerTicketTracker
[13Nov2025 07:44:09.052] [Server thread/DEBUG] [mixin/]: Mixing MixinChunkTicketManagerNearbyChunkTicketUpdater from c2me-notickvd.mixins.json into net.minecraft.server.level.DistanceManager$PlayerTicketTracker
[13Nov2025 07:44:09.062] [Server thread/DEBUG] [mixin/]: Mixing MixinPointOfInterestStorage from c2me-rewrites-chunk-system.mixins.json into net.minecraft.world.entity.ai.village.poi.PoiManager
[13Nov2025 07:44:09.066] [Server thread/DEBUG] [mixin/]: Mixing MixinSerializingRegionBasedStorage from c2me-rewrites-chunk-system.mixins.json into net.minecraft.world.level.chunk.storage.SectionStorage
[13Nov2025 07:44:09.066] [Server thread/DEBUG] [mixin/]: Mixing async_serialization.MixinSerializingRegionBasedStorage from c2me-rewrites-chunk-system.mixins.json into net.minecraft.world.level.chunk.storage.SectionStorage
[13Nov2025 07:44:09.068] [Server thread/DEBUG] [mixin/]: Mixing access.ISerializingRegionBasedStorage from c2me-base.mixins.json into net.minecraft.world.level.chunk.storage.SectionStorage
[13Nov2025 07:44:09.083] [Server thread/INFO] [TheSpeedyObjectFactory/]: Using TheSpeedyObjectFactory with Unsafe
[13Nov2025 07:44:09.088] [Server thread/DEBUG] [mixin/]: Mixing MixinServerAccessibleChunkSending from c2me-notickvd.mixins.json into com.ishland.c2me.rewrites.chunksystem.common.statuses.ServerAccessibleChunkSending
[13Nov2025 07:44:09.089] [Server thread/DEBUG] [mixin/]: Renaming synthetic method lambda$sendChunkToPlayer$1(Lnet/minecraft/server/level/ChunkMap;Lnet/minecraft/world/level/chunk/LevelChunk;Ljava/lang/Object;)V to md277493$c2me_notickvd$lambda$sendChunkToPlayer$1$0 in c2me-notickvd.mixins.json:MixinServerAccessibleChunkSending from mod c2me_notickvd
[13Nov2025 07:44:09.089] [Server thread/DEBUG] [mixin/]: Renaming synthetic method lambda$upgradeToThis$0(Lcom/ishland/c2me/rewrites/chunksystem/common/ChunkLoadingContext;Ljava/util/ArrayList;)V to md277493$c2me_notickvd$lambda$upgradeToThis$0$1 in c2me-notickvd.mixins.json:MixinServerAccessibleChunkSending from mod c2me_notickvd
[13Nov2025 07:44:09.105] [Server thread/DEBUG] [mixin/]: c2me-notickvd.mixins.json:MixinServerAccessibleChunkSending from mod c2me_notickvd->@Inject::onCLInit(Lorg/spongepowered/asm/mixin/injection/callback/CallbackInfo;)V doesn't use it's CallbackInfo
[13Nov2025 07:44:09.106] [Server thread/DEBUG] [mixin/]: Mixing MixinServerBlockTicking from c2me-notickvd.mixins.json into com.ishland.c2me.rewrites.chunksystem.common.statuses.ServerBlockTicking
[13Nov2025 07:44:09.107] [Server thread/DEBUG] [mixin/]: c2me-notickvd.mixins.json:MixinServerBlockTicking from mod c2me_notickvd->@Inject::preventChunkSending(Lorg/spongepowered/asm/mixin/injection/callback/CallbackInfo;)V does use it's CallbackInfo
[13Nov2025 07:44:09.121] [Server thread/DEBUG] [mixin/]: Mixing reinforced.PortalForcerMixin from securitycraft.mixins.json into net.minecraft.world.level.portal.PortalForcer
[13Nov2025 07:44:09.130] [Server thread/DEBUG] [mixin/]: Mixing threading.MixinStructureChecker from c2me-fixes-worldgen-threading-issues.mixins.json into net.minecraft.world.level.levelgen.structure.StructureCheck
[13Nov2025 07:44:09.139] [Server thread/DEBUG] [mixin/]: c2me-fixes-worldgen-threading-issues.mixins.json:threading.MixinStructureChecker from mod c2me_fixes_worldgen_threading_issues->@Inject::onInit(Lorg/spongepowered/asm/mixin/injection/callback/CallbackInfo;)V doesn't use it's CallbackInfo
[13Nov2025 07:44:09.139] [Server thread/DEBUG] [mixin/]: c2me-fixes-worldgen-threading-issues.mixins.json:threading.MixinStructureChecker from mod c2me_fixes_worldgen_threading_issues->@Inject::onInit(Lorg/spongepowered/asm/mixin/injection/callback/CallbackInfo;)V has 0 override(s) in child classes
[13Nov2025 07:44:09.140] [Server thread/DEBUG] [mixin/]: c2me-fixes-worldgen-threading-issues.mixins.json:threading.MixinStructureChecker from mod c2me_fixes_worldgen_threading_issues->@Inject::onInit(Lorg/spongepowered/asm/mixin/injection/callback/CallbackInfo;)V won't be passed a CallbackInfo as a result
[13Nov2025 07:44:09.541] [Server thread/INFO] [net.minecraft.server.MinecraftServer/]: its on
[13Nov2025 07:44:09.548] [Server thread/DEBUG] [mixin/]: Mixing ability.enchantment.EnchantmentHelperMixin from mixins.artifacts.common.json into net.minecraft.world.item.enchantment.EnchantmentHelper
[13Nov2025 07:44:09.553] [Server thread/DEBUG] [mixin/]: Mixing ability.retaliation.EnchantmentHelperMixin from mixins.artifacts.common.json into net.minecraft.world.item.enchantment.EnchantmentHelper
[13Nov2025 07:44:09.554] [Server thread/DEBUG] [mixin/]: Mixing EnchantmentHelperNeoForgeMixin from puzzleslib.neoforge.mixins.json into net.minecraft.world.item.enchantment.EnchantmentHelper
[13Nov2025 07:44:09.554] [Server thread/DEBUG] [mixin/]: puzzleslib.neoforge.mixins.json:EnchantmentHelperNeoForgeMixin from mod puzzleslib: Class version 65 required is higher than the class version supported by the current version of Mixin (JAVA_17 supports class version 61)
[13Nov2025 07:44:09.564] [Server thread/DEBUG] [mixin/]: mixins.artifacts.common.json:ability.retaliation.EnchantmentHelperMixin from mod artifacts->@Inject::doPostAttackEffects(Lnet/minecraft/server/level/ServerLevel;Lnet/minecraft/world/entity/Entity;Lnet/minecraft/world/damagesource/DamageSource;Lnet/minecraft/world/item/ItemStack;Lorg/spongepowered/asm/mixin/injection/callback/CallbackInfo;)V doesn't use it's CallbackInfo
[13Nov2025 07:44:09.612] [Server thread/DEBUG] [mixin/]: Mixing CombatTrackerAccessor from playerrevive.mixins.json into net.minecraft.world.damagesource.CombatTracker
[13Nov2025 07:44:09.612] [Server thread/DEBUG] [mixin/]: playerrevive.mixins.json:CombatTrackerAccessor from mod playerrevive: Class version 65 required is higher than the class version supported by the current version of Mixin (JAVA_17 supports class version 61)
[13Nov2025 07:44:09.684] [Server thread/DEBUG] [mixin/]: Mixing access.IWeightedList from c2me-base.mixins.json into net.minecraft.world.entity.ai.behavior.ShufflingList
[13Nov2025 07:44:09.689] [Server thread/DEBUG] [mixin/]: Mixing access.IWeightedListEntry from c2me-base.mixins.json into net.minecraft.world.entity.ai.behavior.ShufflingList$WeightedEntry
[13Nov2025 07:44:10.041] [Server thread/DEBUG] [mixin/]: Mixing ability.piglinloved.PiglinAiMixin from mixins.artifacts.common.json into net.minecraft.world.entity.monster.piglin.PiglinAi
[13Nov2025 07:44:10.042] [Server thread/DEBUG] [mixin/]: Mixing MixinPiglinAi from curios.neoforge.mixins.json into net.minecraft.world.entity.monster.piglin.PiglinAi
[13Nov2025 07:44:10.043] [Server thread/DEBUG] [mixin/]: curios.neoforge.mixins.json:MixinPiglinAi from mod curios->@Inject::curios$isWearingGold(Lnet/minecraft/world/entity/LivingEntity;Lorg/spongepowered/asm/mixin/injection/callback/CallbackInfoReturnable;)V does use it's CallbackInfoReturnable
[13Nov2025 07:44:10.043] [Server thread/DEBUG] [mixin/]: curios.neoforge.mixins.json:MixinPiglinAi from mod curios->@Inject::curios$isWearingGold(Lnet/minecraft/world/entity/LivingEntity;Lorg/spongepowered/asm/mixin/injection/callback/CallbackInfoReturnable;)V does use it's CallbackInfoReturnable
[13Nov2025 07:44:11.840] [Server thread/INFO] [net.minecraft.server.MinecraftServer/]: its on
[13Nov2025 07:44:11.849] [Server thread/INFO] [net.minecraft.server.MinecraftServer/]: its on
[13Nov2025 07:44:11.869] [Server thread/INFO] [net.minecraft.server.MinecraftServer/]: its on
[13Nov2025 07:44:11.882] [Server thread/INFO] [net.minecraft.server.MinecraftServer/]: its on
[13Nov2025 07:44:11.885] [Server thread/INFO] [net.minecraft.server.MinecraftServer/]: Preparing start region for dimension minecraft:overworld
[13Nov2025 07:44:11.886] [Server thread/DEBUG] [mixin/]: Mixing access.IChunkTicket from c2me-base.mixins.json into net.minecraft.server.level.Ticket
[13Nov2025 07:44:12.038] [C2ME Storage #2/DEBUG] [mixin/]: Mixing access.IRegionFile from c2me-base.mixins.json into net.minecraft.world.level.chunk.storage.RegionFile
[13Nov2025 07:44:12.277] [c2me-worker-2/DEBUG] [mixin/]: Mixing neoforge.MixinChunkSerializer from architectury.mixins.json into net.minecraft.world.level.chunk.storage.ChunkSerializer
[13Nov2025 07:44:12.277] [c2me-worker-2/DEBUG] [mixin/]: architectury.mixins.json:neoforge.MixinChunkSerializer from mod architectury: Class version 65 required is higher than the class version supported by the current version of Mixin (JAVA_16 supports class version 60)
[13Nov2025 07:44:12.278] [c2me-worker-2/DEBUG] [mixin/]: Mixing async_serialization.MixinChunkSerializer from c2me-rewrites-chunk-system.mixins.json into net.minecraft.world.level.chunk.storage.ChunkSerializer
[13Nov2025 07:44:12.278] [c2me-worker-2/DEBUG] [mixin/]: Renaming synthetic method lambda$onEventInvocation$1(Lcom/llamalad7/mixinextras/injector/wrapoperation/Operation;Lnet/neoforged/bus/api/IEventBus;Lnet/neoforged/bus/api/Event;)V to md277493$c2me_rewrites_chunk_system$lambda$onEventInvocation$1$0 in c2me-rewrites-chunk-system.mixins.json:async_serialization.MixinChunkSerializer from mod c2me_rewrites_chunk_system
[13Nov2025 07:44:12.279] [c2me-worker-2/DEBUG] [mixin/]: Renaming synthetic method lambda$onPoiStorageInitForPalette$0(Lnet/minecraft/world/entity/ai/village/poi/PoiManager;Lnet/minecraft/core/SectionPos;Lnet/minecraft/world/level/chunk/LevelChunkSection;)V to md277493$c2me_rewrites_chunk_system$lambda$onPoiStorageInitForPalette$0$1 in c2me-rewrites-chunk-system.mixins.json:async_serialization.MixinChunkSerializer from mod c2me_rewrites_chunk_system
[13Nov2025 07:44:12.284] [c2me-worker-2/DEBUG] [mixin/]: architectury.mixins.json:neoforge.MixinChunkSerializer from mod architectury->@Inject::read(Lnet/minecraft/server/level/ServerLevel;Lnet/minecraft/world/entity/ai/village/poi/PoiManager;Lnet/minecraft/world/level/chunk/storage/RegionStorageInfo;Lnet/minecraft/world/level/ChunkPos;Lnet/minecraft/nbt/CompoundTag;Lorg/spongepowered/asm/mixin/injection/callback/CallbackInfoReturnable;)V doesn't use it's CallbackInfoReturnable
[13Nov2025 07:44:12.298] [c2me-worker-2/DEBUG] [mixin/]: Mixing access.IUpgradeData from c2me-base.mixins.json into net.minecraft.world.level.chunk.UpgradeData
[13Nov2025 07:44:12.301] [c2me-worker-2/DEBUG] [mixin/]: Mixing access.IChunkSection from c2me-base.mixins.json into net.minecraft.world.level.chunk.LevelChunkSection
[13Nov2025 07:44:12.873] [c2me-worker-1/DEBUG] [mixin/]: Mixing access.ISimpleTickScheduler from c2me-base.mixins.json into net.minecraft.world.ticks.ProtoChunkTicks
[13Nov2025 07:44:12.887] [c2me-worker-2/INFO] [net.minecraft.server.level.progress.LoggerChunkProgressListener/]: Preparing spawn area: 0%
[13Nov2025 07:44:12.887] [c2me-worker-1/INFO] [net.minecraft.server.level.progress.LoggerChunkProgressListener/]: Preparing spawn area: 0%
[13Nov2025 07:44:12.888] [c2me-worker-0/INFO] [net.minecraft.server.level.progress.LoggerChunkProgressListener/]: Preparing spawn area: 0%
[13Nov2025 07:44:13.117] [c2me-worker-0/DEBUG] [mixin/]: Mixing ChunkRegionMixin from iceandfire.mixins.json into net.minecraft.server.level.WorldGenRegion
[13Nov2025 07:44:13.118] [c2me-worker-0/DEBUG] [mixin/]: Mixing threading_detections.readonly_protection.MixinChunkRegion from c2me-fixes-worldgen-threading-issues.mixins.json into net.minecraft.server.level.WorldGenRegion
[13Nov2025 07:44:13.120] [c2me-worker-0/DEBUG] [mixin/]: Mixing async_serialization.MixinChunkRegion from c2me-rewrites-chunk-system.mixins.json into net.minecraft.server.level.WorldGenRegion
[13Nov2025 07:44:13.120] [c2me-worker-0/DEBUG] [mixin/]: Renaming synthetic method lambda$waitForFutureBeforeNotifyChanges$0(Lcom/llamalad7/mixinextras/injector/wrapoperation/Operation;Lnet/minecraft/server/level/ServerLevel;Lnet/minecraft/core/BlockPos;Lnet/minecraft/world/level/block/state/BlockState;Lnet/minecraft/world/level/block/state/BlockState;)V to md277493$c2me_rewrites_chunk_system$lambda$waitForFutureBeforeNotifyChanges$0$0 in c2me-rewrites-chunk-system.mixins.json:async_serialization.MixinChunkRegion from mod c2me_rewrites_chunk_system
[13Nov2025 07:44:13.124] [c2me-worker-0/DEBUG] [mixin/]: iceandfire.mixins.json:ChunkRegionMixin from mod iceandfire->@Inject::skipLog(Lnet/minecraft/core/BlockPos;Lorg/spongepowered/asm/mixin/injection/callback/CallbackInfoReturnable;)V does use it's CallbackInfoReturnable
[13Nov2025 07:44:13.257] [c2me-worker-0/DEBUG] [mixin/]: Mixing structures.TemplateAccessor from mss-common.mixins.json into net.minecraft.world.level.levelgen.structure.templatesystem.StructureTemplate
[13Nov2025 07:44:13.258] [c2me-worker-0/DEBUG] [mixin/]: Mixing passcode.StructureTemplateMixin from securitycraft.mixins.json into net.minecraft.world.level.levelgen.structure.templatesystem.StructureTemplate
[13Nov2025 07:44:13.259] [c2me-worker-0/DEBUG] [mixin/]: Mixing structures.TemplateAccessor from mvs-common.mixins.json into net.minecraft.world.level.levelgen.structure.templatesystem.StructureTemplate
[13Nov2025 07:44:13.260] [c2me-worker-0/DEBUG] [mixin/]: Mixing threading.MixinStructure from c2me-fixes-worldgen-threading-issues.mixins.json into net.minecraft.world.level.levelgen.structure.templatesystem.StructureTemplate
[13Nov2025 07:44:13.264] [c2me-worker-0/DEBUG] [mixin/]: c2me-fixes-worldgen-threading-issues.mixins.json:threading.MixinStructure from mod c2me_fixes_worldgen_threading_issues->@Inject::onInit(Lorg/spongepowered/asm/mixin/injection/callback/CallbackInfo;)V doesn't use it's CallbackInfo
[13Nov2025 07:44:13.264] [c2me-worker-0/DEBUG] [mixin/]: c2me-fixes-worldgen-threading-issues.mixins.json:threading.MixinStructure from mod c2me_fixes_worldgen_threading_issues->@Inject::onInit(Lorg/spongepowered/asm/mixin/injection/callback/CallbackInfo;)V has 0 override(s) in child classes
[13Nov2025 07:44:13.264] [c2me-worker-0/DEBUG] [mixin/]: c2me-fixes-worldgen-threading-issues.mixins.json:threading.MixinStructure from mod c2me_fixes_worldgen_threading_issues->@Inject::onInit(Lorg/spongepowered/asm/mixin/injection/callback/CallbackInfo;)V won't be passed a CallbackInfo as a result
[13Nov2025 07:44:13.287] [c2me-worker-0/DEBUG] [mixin/]: Mixing threading.MixinStructurePalettedBlockInfoList from c2me-fixes-worldgen-threading-issues.mixins.json into net.minecraft.world.level.levelgen.structure.templatesystem.StructureTemplate$Palette
[13Nov2025 07:44:13.288] [c2me-worker-0/DEBUG] [mixin/]: c2me-fixes-worldgen-threading-issues.mixins.json:threading.MixinStructurePalettedBlockInfoList from mod c2me_fixes_worldgen_threading_issues->@Inject::onInit(Lorg/spongepowered/asm/mixin/injection/callback/CallbackInfo;)V doesn't use it's CallbackInfo
[13Nov2025 07:44:13.289] [c2me-worker-0/DEBUG] [mixin/]: Mixing threading.MixinStructurePlacementData from c2me-fixes-worldgen-threading-issues.mixins.json into net.minecraft.world.level.levelgen.structure.templatesystem.StructurePlaceSettings
[13Nov2025 07:44:13.289] [c2me-worker-0/DEBUG] [mixin/]: c2me-fixes-worldgen-threading-issues.mixins.json:threading.MixinStructurePlacementData from mod c2me_fixes_worldgen_threading_issues->@Inject::onInit(Lorg/spongepowered/asm/mixin/injection/callback/CallbackInfo;)V doesn't use it's CallbackInfo
[13Nov2025 07:44:13.289] [c2me-worker-0/DEBUG] [mixin/]: c2me-fixes-worldgen-threading-issues.mixins.json:threading.MixinStructurePlacementData from mod c2me_fixes_worldgen_threading_issues->@Inject::onInit(Lorg/spongepowered/asm/mixin/injection/callback/CallbackInfo;)V has 0 override(s) in child classes
[13Nov2025 07:44:13.289] [c2me-worker-0/DEBUG] [mixin/]: c2me-fixes-worldgen-threading-issues.mixins.json:threading.MixinStructurePlacementData from mod c2me_fixes_worldgen_threading_issues->@Inject::onInit(Lorg/spongepowered/asm/mixin/injection/callback/CallbackInfo;)V won't be passed a CallbackInfo as a result
[13Nov2025 07:44:13.443] [c2me-worker-1/INFO] [net.minecraft.server.level.progress.LoggerChunkProgressListener/]: Preparing spawn area: 46%
[13Nov2025 07:44:13.931] [c2me-worker-2/INFO] [net.minecraft.server.level.progress.LoggerChunkProgressListener/]: Preparing spawn area: 87%
[13Nov2025 07:44:14.406] [c2me-worker-1/INFO] [net.minecraft.server.level.progress.LoggerChunkProgressListener/]: Preparing spawn area: 87%
[13Nov2025 07:44:14.889] [c2me-worker-1/INFO] [net.minecraft.server.level.progress.LoggerChunkProgressListener/]: Preparing spawn area: 87%
[13Nov2025 07:44:15.388] [c2me-worker-2/INFO] [net.minecraft.server.level.progress.LoggerChunkProgressListener/]: Preparing spawn area: 87%
[13Nov2025 07:44:15.837] [Server thread/INFO] [net.minecraft.server.level.progress.LoggerChunkProgressListener/]: Time elapsed: 3951 ms
[13Nov2025 07:44:15.837] [Server thread/INFO] [net.minecraft.server.dedicated.DedicatedServer/]: Done (7.267s)! For help, type "help"
[13Nov2025 07:44:15.838] [Server thread/DEBUG] [mixin/]: Mixing report.MixinDedicatedServerWatchdog from c2me-base.mixins.json into net.minecraft.server.dedicated.ServerWatchdog
[13Nov2025 07:44:15.844] [Server thread/DEBUG] [mixin/]: c2me-base.mixins.json:report.MixinDedicatedServerWatchdog from mod c2me_base->@Inject::prependThreadInstrumentation(Lorg/spongepowered/asm/mixin/injection/callback/CallbackInfo;)V doesn't use it's CallbackInfo
[13Nov2025 07:44:15.844] [Server thread/DEBUG] [mixin/]: c2me-base.mixins.json:report.MixinDedicatedServerWatchdog from mod c2me_base->@Inject::prependThreadInstrumentation(Lorg/spongepowered/asm/mixin/injection/callback/CallbackInfo;)V has 0 override(s) in child classes
[13Nov2025 07:44:15.844] [Server thread/DEBUG] [mixin/]: c2me-base.mixins.json:report.MixinDedicatedServerWatchdog from mod c2me_base->@Inject::prependThreadInstrumentation(Lorg/spongepowered/asm/mixin/injection/callback/CallbackInfo;)V won't be passed a CallbackInfo as a result
[13Nov2025 07:44:15.844] [Server thread/DEBUG] [mixin/]: c2me-base.mixins.json:report.MixinDedicatedServerWatchdog from mod c2me_base->@Inject::addInstrumentationData(Lorg/spongepowered/asm/mixin/injection/callback/CallbackInfo;)V doesn't use it's CallbackInfo
[13Nov2025 07:44:15.844] [Server thread/DEBUG] [mixin/]: c2me-base.mixins.json:report.MixinDedicatedServerWatchdog from mod c2me_base->@Inject::addInstrumentationData(Lorg/spongepowered/asm/mixin/injection/callback/CallbackInfo;)V has 0 override(s) in child classes
[13Nov2025 07:44:15.844] [Server thread/DEBUG] [mixin/]: c2me-base.mixins.json:report.MixinDedicatedServerWatchdog from mod c2me_base->@Inject::addInstrumentationData(Lorg/spongepowered/asm/mixin/injection/callback/CallbackInfo;)V won't be passed a CallbackInfo as a result
[13Nov2025 07:44:15.853] [Server thread/DEBUG] [net.neoforged.neoforge.network.DualStackUtils/]: Detected IPv6 address: "0:0:0:0:0:0:0:0"
[13Nov2025 07:44:16.002] [Server thread/DEBUG] [net.neoforged.neoforge.server.LanguageHook/]: Loaded 34 language files for en_us
[13Nov2025 07:44:16.014] [Server thread/INFO] [net.neoforged.neoforge.server.permission.PermissionAPI/]: Successfully initialized permission handler neoforge:default_handler
[13Nov2025 07:44:16.017] [Server thread/INFO] [journeymap/]: Loaded null for service interface journeymap.api.services.WebMapService
[13Nov2025 07:44:16.018] [Server thread/INFO] [journeymap/]: Loaded journeymap.common.helpers.NeoForgeClientHooks@8d8dcaf for service interface journeymap.api.services.ClientPlatformService
[13Nov2025 07:44:16.020] [Server thread/INFO] [journeymap/]: Loaded journeymap.common.helpers.NeoForgeHooks@57aad167 for service interface journeymap.api.services.CommonPlatformService
[13Nov2025 07:44:16.180] [Server thread/DEBUG] [mixin/]: Mixing item.NaturalSpawnerMixin from mixins.artifacts.common.json into net.minecraft.world.level.NaturalSpawner
[13Nov2025 07:44:16.180] [Server thread/DEBUG] [mixin/]: Renaming synthetic method lambda$spawnCategoryForPosition$0(Lnet/minecraft/world/entity/Mob;Lnet/minecraft/world/item/ItemStack;)V to md277493$artifacts$lambda$spawnCategoryForPosition$0$0 in mixins.artifacts.common.json:item.NaturalSpawnerMixin from mod artifacts
[13Nov2025 07:44:16.184] [Server thread/DEBUG] [mixin/]: mixins.artifacts.common.json:item.NaturalSpawnerMixin from mod artifacts->@Inject::spawnCategoryForPosition(Lnet/minecraft/world/entity/MobCategory;Lnet/minecraft/server/level/ServerLevel;Lnet/minecraft/world/level/chunk/ChunkAccess;Lnet/minecraft/core/BlockPos;Lnet/minecraft/world/level/NaturalSpawner$SpawnPredicate;Lnet/minecraft/world/level/NaturalSpawner$AfterSpawnCallback;Lorg/spongepowered/asm/mixin/injection/callback/CallbackInfo;)V doesn't use it's CallbackInfo
[13Nov2025 07:44:16.215] [Server thread/DEBUG] [mixin/]: Mixing camera.TrackedEntityMixin from securitycraft.mixins.json into net.minecraft.server.level.ChunkMap$TrackedEntity
[13Nov2025 07:44:21.026] [Server thread/DEBUG] [mixin/]: Mixing item.umbrella.server.ServerGamePacketListenerImplMixin from mixins.artifacts.common.json into net.minecraft.server.network.ServerGamePacketListenerImpl
[13Nov2025 07:44:21.027] [Server thread/DEBUG] [mixin/]: Mixing passcode.ServerGamePacketListenerImplMixin from securitycraft.mixins.json into net.minecraft.server.network.ServerGamePacketListenerImpl
[13Nov2025 07:44:21.028] [Server thread/DEBUG] [mixin/]: Mixing swimming.server.ServerGamePacketListenerImplMixin from expandability-common.mixins.json into net.minecraft.server.network.ServerGamePacketListenerImpl
[13Nov2025 07:44:21.028] [Server thread/DEBUG] [mixin/]: expandability-common.mixins.json:swimming.server.ServerGamePacketListenerImplMixin from mod expandability: Class version 65 required is higher than the class version supported by the current version of Mixin (JAVA_17 supports class version 61)
[13Nov2025 07:44:21.028] [Server thread/DEBUG] [mixin/]: Mixing ordering.player_move.MixinServerPlayNetworkHandler from c2me-opts-scheduling.mixins.json into net.minecraft.server.network.ServerGamePacketListenerImpl
[13Nov2025 07:44:21.028] [Server thread/DEBUG] [mixin/]: Mixing ext_render_distance.MixinServerPlayNetworkHandler from c2me-notickvd.mixins.json into net.minecraft.server.network.ServerGamePacketListenerImpl
[13Nov2025 07:44:21.036] [Server thread/DEBUG] [mixin/]: mixins.artifacts.common.json:item.umbrella.server.ServerGamePacketListenerImplMixin from mod artifacts->@Inject::allowUmbrellaFlying(Lorg/spongepowered/asm/mixin/injection/callback/CallbackInfo;)V doesn't use it's CallbackInfo
[13Nov2025 07:44:21.036] [Server thread/DEBUG] [mixin/]: mixins.artifacts.common.json:item.umbrella.server.ServerGamePacketListenerImplMixin from mod artifacts->@Inject::allowUmbrellaFlying(Lorg/spongepowered/asm/mixin/injection/callback/CallbackInfo;)V has 0 override(s) in child classes
[13Nov2025 07:44:21.036] [Server thread/DEBUG] [mixin/]: mixins.artifacts.common.json:item.umbrella.server.ServerGamePacketListenerImplMixin from mod artifacts->@Inject::allowUmbrellaFlying(Lorg/spongepowered/asm/mixin/injection/callback/CallbackInfo;)V won't be passed a CallbackInfo as a result
[13Nov2025 07:44:21.036] [Server thread/DEBUG] [mixin/]: expandability-common.mixins.json:swimming.server.ServerGamePacketListenerImplMixin from mod expandability->@Inject::allowSwimFlying(Lorg/spongepowered/asm/mixin/injection/callback/CallbackInfo;)V doesn't use it's CallbackInfo
[13Nov2025 07:44:21.036] [Server thread/DEBUG] [mixin/]: expandability-common.mixins.json:swimming.server.ServerGamePacketListenerImplMixin from mod expandability->@Inject::allowSwimFlying(Lorg/spongepowered/asm/mixin/injection/callback/CallbackInfo;)V has 0 override(s) in child classes
[13Nov2025 07:44:21.036] [Server thread/DEBUG] [mixin/]: expandability-common.mixins.json:swimming.server.ServerGamePacketListenerImplMixin from mod expandability->@Inject::allowSwimFlying(Lorg/spongepowered/asm/mixin/injection/callback/CallbackInfo;)V won't be passed a CallbackInfo as a result
[13Nov2025 07:44:21.058] [Server thread/DEBUG] [mixin/]: Mixing access.ISyncedClientOptions from c2me-base.mixins.json into net.minecraft.server.level.ClientInformation
[13Nov2025 07:44:21.058] [Server thread/DEBUG] [mixin/]: Mixing MixinSyncedClientOptions from c2me-client-uncapvd.mixins.json into net.minecraft.server.level.ClientInformation
[13Nov2025 07:44:21.304] [c2me-worker-2/DEBUG] [mixin/]: Mixing async_serialization.MixinBlender from c2me-rewrites-chunk-system.mixins.json into net.minecraft.world.level.levelgen.blending.Blender
[13Nov2025 07:44:21.305] [c2me-worker-2/DEBUG] [mixin/]: Mixing access.IBlender from c2me-base.mixins.json into net.minecraft.world.level.levelgen.blending.Blender
[13Nov2025 07:44:22.215] [Server thread/WARN] [C2ME HookCompatibility/]: Certain optimizations may be disabled because ChunkDataEvent.Save is used by: [@SubscribeEvent: class dev.architectury.event.forge.EventHandlerImplCommon eventChunkDataEvent(Lnet/neoforged/neoforge/event/level/ChunkDataEvent$Save;)V]
[13Nov2025 07:44:44.675] [Netty Epoll Server IO #1/DEBUG] [io.netty.util.Recycler/]: -Dio.netty.recycler.maxCapacityPerThread: 4096
[13Nov2025 07:44:44.675] [Netty Epoll Server IO #1/DEBUG] [io.netty.util.Recycler/]: -Dio.netty.recycler.ratio: 8
[13Nov2025 07:44:44.675] [Netty Epoll Server IO #1/DEBUG] [io.netty.util.Recycler/]: -Dio.netty.recycler.chunkSize: 32
[13Nov2025 07:44:44.675] [Netty Epoll Server IO #1/DEBUG] [io.netty.util.Recycler/]: -Dio.netty.recycler.blocking: false
[13Nov2025 07:44:44.675] [Netty Epoll Server IO #1/DEBUG] [io.netty.util.Recycler/]: -Dio.netty.recycler.batchFastThreadLocalOnly: true
[13Nov2025 07:44:44.826] [Netty Epoll Server IO #1/DEBUG] [mixin/]: Mixing MixinServerConfigurationPacketListenerImpl from glitchcore.mixins.json into net.minecraft.server.network.ServerConfigurationPacketListenerImpl
[13Nov2025 07:44:44.826] [Netty Epoll Server IO #1/DEBUG] [mixin/]: glitchcore.mixins.json:MixinServerConfigurationPacketListenerImpl from mod glitchcore: Class version 65 required is higher than the class version supported by the current version of Mixin (JAVA_17 supports class version 61)
[13Nov2025 07:44:44.827] [Netty Epoll Server IO #1/DEBUG] [mixin/]: Mixing ext_render_distance.MixinServerConfigurationNetworkHandler from c2me-notickvd.mixins.json into net.minecraft.server.network.ServerConfigurationPacketListenerImpl
[13Nov2025 07:44:44.830] [Netty Epoll Server IO #1/DEBUG] [mixin/]: glitchcore.mixins.json:MixinServerConfigurationPacketListenerImpl from mod glitchcore->@Inject::onStartConfiguration(Lorg/spongepowered/asm/mixin/injection/callback/CallbackInfo;)V doesn't use it's CallbackInfo
[13Nov2025 07:44:44.830] [Netty Epoll Server IO #1/DEBUG] [mixin/]: glitchcore.mixins.json:MixinServerConfigurationPacketListenerImpl from mod glitchcore->@Inject::onStartConfiguration(Lorg/spongepowered/asm/mixin/injection/callback/CallbackInfo;)V has 0 override(s) in child classes
[13Nov2025 07:44:44.830] [Netty Epoll Server IO #1/DEBUG] [mixin/]: glitchcore.mixins.json:MixinServerConfigurationPacketListenerImpl from mod glitchcore->@Inject::onStartConfiguration(Lorg/spongepowered/asm/mixin/injection/callback/CallbackInfo;)V won't be passed a CallbackInfo as a result
[13Nov2025 07:44:44.936] [Netty Epoll Server IO #1/DEBUG] [net.neoforged.neoforge.network.filters.NetworkFilters/]: Injected net.neoforged.neoforge.network.filters.GenericPacketSplitter@7d9d9214 into net.minecraft.network.Connection@1271ef6f
[13Nov2025 07:44:45.678] [Server thread/DEBUG] [Framework/FRAMEWORK_CONFIGURATION]: Sending configuration task 'framework:configuration/config_data'
[13Nov2025 07:44:45.679] [Server thread/DEBUG] [Framework/FRAMEWORK_CONFIGURATION]: Sending configuration task 'framework:configuration/synced_entity_data'
[13Nov2025 07:44:48.019] [Netty Epoll Server IO #1/DEBUG] [net.neoforged.neoforge.network.filters.NetworkFilters/]: Injected net.neoforged.neoforge.network.filters.GenericPacketSplitter@490f2e86 into net.minecraft.network.Connection@1271ef6f
[13Nov2025 07:44:48.207] [Server thread/INFO] [net.minecraft.server.players.PlayerList/]: Joaquin11[/192.168.193.207:50595] logged in with entity id 441 at (285.49603124546064, 63.875, 167.77174065881982)
[13Nov2025 07:44:48.244] [Server thread/INFO] [net.minecraft.server.MinecraftServer/]: Joaquin11 joined the game
[13Nov2025 07:44:48.325] [Server thread/INFO] [artifacts.Artifacts/]: Sending item configs to client
[13Nov2025 07:44:48.777] [Server thread/DEBUG] [mixin/]: Mixing MixinItemExtension from architectury.mixins.json into dev.architectury.extensions.ItemExtension
[13Nov2025 07:44:48.777] [Server thread/DEBUG] [mixin/]: architectury.mixins.json:MixinItemExtension from mod architectury: Class version 65 required is higher than the class version supported by the current version of Mixin (JAVA_16 supports class version 60)
[13Nov2025 07:44:50.300] [Server thread/DEBUG] [mixin/]: Mixing swimming.FallLocationMixin from expandability-common.mixins.json into net.minecraft.world.damagesource.FallLocation
[13Nov2025 07:44:50.300] [Server thread/DEBUG] [mixin/]: expandability-common.mixins.json:swimming.FallLocationMixin from mod expandability: Class version 65 required is higher than the class version supported by the current version of Mixin (JAVA_17 supports class version 61)
[13Nov2025 07:44:50.615] [Server thread/WARN] [net.minecraft.server.MinecraftServer/]: Can't keep up! Is the server overloaded? Running 2057ms or 41 ticks behind
[13Nov2025 07:45:54.856] [Netty Epoll Server IO #3/DEBUG] [net.neoforged.neoforge.network.filters.NetworkFilters/]: Injected net.neoforged.neoforge.network.filters.GenericPacketSplitter@26b204ea into net.minecraft.network.Connection@228d84e4
[13Nov2025 07:45:55.603] [Server thread/DEBUG] [Framework/FRAMEWORK_CONFIGURATION]: Sending configuration task 'framework:configuration/config_data'
[13Nov2025 07:45:55.603] [Server thread/DEBUG] [Framework/FRAMEWORK_CONFIGURATION]: Sending configuration task 'framework:configuration/synced_entity_data'
[13Nov2025 07:45:58.423] [Netty Epoll Server IO #3/DEBUG] [net.neoforged.neoforge.network.filters.NetworkFilters/]: Injected net.neoforged.neoforge.network.filters.GenericPacketSplitter@608144fb into net.minecraft.network.Connection@228d84e4
[13Nov2025 07:45:58.553] [Server thread/INFO] [net.minecraft.server.players.PlayerList/]: xFrann7x[/192.168.193.39:52359] logged in with entity id 9735 at (-3171.8335836252254, 69.25220334025373, -3353.052481979466)
[13Nov2025 07:45:58.558] [Server thread/INFO] [net.minecraft.server.MinecraftServer/]: xFrann7x joined the game
[13Nov2025 07:45:58.578] [Server thread/INFO] [artifacts.Artifacts/]: Sending item configs to client
[13Nov2025 07:45:59.174] [c2me-worker-1/DEBUG] [mixin/]: Mixing access.IBlendingData from c2me-base.mixins.json into net.minecraft.world.level.levelgen.blending.BlendingData
[13Nov2025 07:46:01.334] [Server thread/WARN] [net.minecraft.server.MinecraftServer/]: Can't keep up! Is the server overloaded? Running 2025ms or 40 ticks behind
[13Nov2025 07:46:19.904] [Server thread/WARN] [net.minecraft.server.network.ServerGamePacketListenerImpl/]: xFrann7x moved too quickly! 1.4776000624860899,13.62267825091807,0.36313379846706084
[13Nov2025 07:46:23.358] [Server thread/WARN] [tombstone/]: The death event of the player xFrann7x was canceled by another mod
[13Nov2025 07:46:23.441] [Server thread/INFO] [tombstone/]: The player xFrann7x has successfully been saved
[13Nov2025 07:47:23.332] [Server thread/INFO] [net.minecraft.server.MinecraftServer/]: xFrann7x fell from a high place
[13Nov2025 07:47:23.340] [Server thread/DEBUG] [tombstone/]: A new grave of the player xFrann7x was created at position [x:-3169, y:68, z:-3351, dim:minecraft:overworld]
[13Nov2025 07:49:20.387] [Server thread/DEBUG] [net.neoforged.neoforge.common.CommonHooks/WP]: Gathered mod list to write to world save world
[13Nov2025 07:54:20.766] [Server thread/DEBUG] [net.neoforged.neoforge.common.CommonHooks/WP]: Gathered mod list to write to world save world
[13Nov2025 07:55:59.228] [Server thread/INFO] [net.minecraft.server.network.ServerGamePacketListenerImpl/]: Joaquin11 lost connection: Disconnected
[13Nov2025 07:55:59.368] [Server thread/INFO] [net.minecraft.server.MinecraftServer/]: Joaquin11 left the game
[13Nov2025 07:56:59.159] [Server thread/INFO] [net.minecraft.server.network.ServerGamePacketListenerImpl/]: xFrann7x lost connection: Disconnected
[13Nov2025 07:56:59.160] [Server thread/INFO] [net.minecraft.server.MinecraftServer/]: xFrann7x left the game
[13Nov2025 07:59:20.108] [Server thread/DEBUG] [net.neoforged.neoforge.common.CommonHooks/WP]: Gathered mod list to write to world save world
[13Nov2025 08:04:20.105] [Server thread/DEBUG] [net.neoforged.neoforge.common.CommonHooks/WP]: Gathered mod list to write to world save world
